"Connector Name","Connector PartNumber","Pin Name","Pin PreferredSignal","Signal Name"
"TO_161_RH_(111_RH)","","30","EQ_F:PLUG_LOCK_L","EQ_F:PLUG_LOCK_L"
"TO_161_RH_(111_RH)","","35","S_AHB_G_ECU#2_024","S_AHB_G_ECU#2_024"
"TO_161_RH_(111_RH)","","36","S_AHB_G_ECU#2_025","S_AHB_G_ECU#2_025"
"TO_161_RH_(111_RH)","","11","EMB_S_PVM_APP-21CY_007","EMB_S_PVM_APP-21CY_007"
"TO_161_RH_(111_RH)","","24","EQ_F:AMD2_L","EQ_F:AMD2_L"
"TO_161_RH_(111_RH)","","10","EMB_S_PVM_APP-21CY_006","EMB_S_PVM_APP-21CY_006"
"TO_161_RH_(111_RH)","","39","S_MGR_011","S_MGR_011"
"TO_161_RH_(111_RH)","","32","EQ_HV_ECU-PHV_LIN3","EQ_HV_ECU-PHV_LIN3"
"TO_161_RH_(111_RH)","","16","SLD_S_SPVM-21CY_007","SLD_S_SPVM-21CY_007"
"TO_161_RH_(111_RH)","","17","SLD_S_SPVM-21CY_008","SLD_S_SPVM-21CY_008"
"TO_161_RH_(111_RH)","","6","SLD_S_MGR_008","SLD_S_MGR_008"
"TO_161_RH_(111_RH)","","31","EQ_HV_ECU-HV_LIN3","EQ_HV_ECU-HV_LIN3"
"TO_161_RH_(111_RH)","","26","CANFD_DS_LOCAL1_BUS_HI","CANFD_DS_LOCAL1_BUS_HI"
"TO_161_RH_(111_RH)","","12","EMB_S_PVM_APP-21CY_008","EMB_S_PVM_APP-21CY_008"
"TO_161_RH_(111_RH)","","49","TW_S_CLEARANCE_SNR_018","TW_S_CLEARANCE_SNR_018"
"TO_161_RH_(111_RH)","","25","EQ_F:IGCT_NO.2_L","EQ_F:IGCT_NO.2_L"
"TO_161_RH_(111_RH)","","34","S_AHB_G_ECU#2_021","S_AHB_G_ECU#2_021"
"TO_161_RH_(111_RH)","","14","SLD_DRN_S_SPVM-21CY_102","SLD_DRN_S_SPVM-21CY_102"
"TO_161_RH_(111_RH)","","51","S_CLEARANCE_SNR_001","S_CLEARANCE_SNR_001"
"TO_161_RH_(111_RH)","","46","TW_S_CLEARANCE_SNR_002","TW_S_CLEARANCE_SNR_002"
"TO_161_RH_(111_RH)","","9","EMB_DRN_S_PVM_APP-21CY_102","EMB_DRN_S_PVM_APP-21CY_102"
"TO_161_RH_(111_RH)","","33","S_AHB_G_ECU#2_020","S_AHB_G_ECU#2_020"
"TO_161_RH_(111_RH)","","50","EQ_F:ECU-IGR_NO.3_L","EQ_F:ECU-IGR_NO.3_L"
"TO_161_RH_(111_RH)","","5","SLD_S_MGR_007","SLD_S_MGR_007"
"TO_161_RH_(111_RH)","","38","S_MGR_010","S_MGR_010"
"TO_161_RH_(111_RH)","","3","SLD_S_MGR_005","SLD_S_MGR_005"
"TO_161_RH_(111_RH)","","20","SLD_S_AHB_G_ECU#2_009","SLD_S_AHB_G_ECU#2_009"
"TO_161_RH_(111_RH)","","13","SLD_S_SPVM-21CY_005","SLD_S_SPVM-21CY_005"
"TO_161_RH_(111_RH)","","4","SLD_S_MGR_006","SLD_S_MGR_006"
"TO_161_RH_(111_RH)","","19","GND_SLD_DRN_AHB_G_ECU#2_103","GND_SLD_DRN_AHB_G_ECU#2_103"
"TO_161_RH_(111_RH)","","15","SLD_S_SPVM-21CY_006","SLD_S_SPVM-21CY_006"
"TO_161_RH_(111_RH)","","27","CANFD_DS_LOCAL1_BUS_LO","CANFD_DS_LOCAL1_BUS_LO"
"TO_161_RH_(111_RH)","","18","SLD_S_AHB_G_ECU#2_008","SLD_S_AHB_G_ECU#2_008"
"TO_161_RH_(111_RH)","","21","TW_S_REMOTE_ANT_001","TW_S_REMOTE_ANT_001"
"TO_161_RH_(111_RH)","","7","SLD_S_MGR_009","SLD_S_MGR_009"
"TO_161_RH_(111_RH)","","47","TW_S_CLEARANCE_SNR_003","TW_S_CLEARANCE_SNR_003"
"TO_161_RH_(111_RH)","","1","SLD_S_MGR_004","SLD_S_MGR_004"
"TO_161_RH_(111_RH)","","8","EMB_S_PVM_APP-21CY_005","EMB_S_PVM_APP-21CY_005"
"TO_161_RH_(111_RH)","","22","TW_S_REMOTE_ANT_002","TW_S_REMOTE_ANT_002"
"TO_161_RH_(111_RH)","","52","S_CLEARANCE_SNR_016","S_CLEARANCE_SNR_016"
"TO_161_RH_(111_RH)","","37","S_AHB_G_ECU-STOP_LP_003","S_AHB_G_ECU-STOP_LP_003"
"TO_161_RH_(111_RH)","","48","TW_S_CLEARANCE_SNR_017","TW_S_CLEARANCE_SNR_017"
"TO_161_RH_(111_RH)","","23","EQ_F:PWC(TBD)_L",""
"TO_161_RH_(111_RH)","","2","SLD_DRN_S_MGR_102","SLD_DRN_S_MGR_102"
"TO_124_(121_ZR)","90980-11156","1","","SLD_S_EFI_ECU-ZR_024"
"TO_124_(121_ZR)","90980-11156","2","","SLD_S_EFI_ECU-ZR_025"
"TO_151_(141_RH)","","33","","S_BODY_ECU_BASE_019"
"TO_151_(141_RH)","","17","EQ_F:MIR HTR_L","EQ_F:MIR HTR_L"
"TO_151_(141_RH)","","28","","S_BODY_ECU_BASE_007"
"TO_151_(141_RH)","","11","",""
"TO_151_(141_RH)","","51","TW_S_AUDIO_AMP_AVC-21CY_019","TW_S_AUDIO_AMP_AVC-21CY_019"
"TO_151_(141_RH)","","1","TW_S_21CY_TOYOTA_T2-T1_029","TW_S_21CY_TOYOTA_T2-T1_029"
"TO_151_(141_RH)","","14","EQ_F:DOOR_F/R_L","EQ_F:DOOR_F/R_L"
"TO_151_(141_RH)","","38","","S_DOUBLE_LOCK_001"
"TO_151_(141_RH)","","36","","S_BODY_ECU_DOOR_013"
"TO_151_(141_RH)","","29","","S_BODY_ECU_BASE_008"
"TO_151_(141_RH)","","12","","EQ_METER_ILL-"
"TO_151_(141_RH)","","4","TW_S_SMART_ENTRY-15CY_005","TW_S_SMART_ENTRY-15CY_005"
"TO_151_(141_RH)","","21","","EQ_OUT_MIR_SW-W/RETRA_AUTO_M+"
"TO_151_(141_RH)","","18","EQ_F:PANEL_L","EQ_F:PANEL_L"
"TO_151_(141_RH)","","22","EQ_OUT_MIR_SW-W/RETRA_AUTO_HL","EQ_OUT_MIR_SW-W/RETRA_AUTO_HL"
"TO_151_(141_RH)","","25","","EQ_OUT_MIR_SW-W/RETRA_AUTO_VL"
"TO_151_(141_RH)","","41","","S_OUT_MIR_SW_001"
"TO_151_(141_RH)","","26","","EQ_OUT_MIR_SW-W/RETRA_AUTO_VR"
"TO_151_(141_RH)","","10","EQ_BODY_ECU_UL3","EQ_BODY_ECU_UL3"
"TO_151_(141_RH)","","7","EQ_BODY_ECU_L2","EQ_BODY_ECU_L2"
"TO_151_(141_RH)","","23","","EQ_OUT_MIR_SW-W/RETRA_AUTO_HR"
"TO_151_(141_RH)","","43","","S_BODY_ECU_DOOR_040"
"TO_151_(141_RH)","","5","TW_S_SMART_ENTRY-15CY_002","TW_S_SMART_ENTRY-15CY_002"
"TO_151_(141_RH)","","27","","S_BODY_ECU_BASE_035"
"TO_151_(141_RH)","","13","EQ_F:DOOR_F/L_L","EQ_F:DOOR_F/L_L"
"TO_151_(141_RH)","","3","TW_S_SMART_ENTRY-15CY_004","TW_S_SMART_ENTRY-15CY_004"
"TO_151_(141_RH)","","35","","S_BODY_ECU_BASE_025"
"TO_151_(141_RH)","","24","","TW_S_21CY_TOYOTA_T2-T1_028"
"TO_151_(141_RH)","","37","","S_BODY_ECU_DOOR_014"
"TO_151_(141_RH)","","20","EQ_METER_LR","EQ_METER_LR"
"TO_151_(141_RH)","","2","GND_AC100V_MAIN_SW_ILL-","GND_AC100V_MAIN_SW_ILL-"
"TO_151_(141_RH)","","9","EQ_BODY_ECU_LSFR","EQ_BODY_ECU_LSFR"
"TO_151_(141_RH)","","15","EQ_F:ECU-ACC_L","EQ_F:ECU-ACC_L"
"TO_151_(141_RH)","","16","EQ_F:ECU-B_NO.2_L","EQ_F:ECU-B_NO.2_L"
"TO_151_(141_RH)","","30","","S_BODY_ECU_BASE_009"
"TO_151_(141_RH)","","39","","S_DOUBLE_LOCK_005"
"TO_151_(141_RH)","","44","","S_BODY_ECU_DOOR_041"
"TO_151_(141_RH)","","31","","S_BODY_ECU_BASE_017"
"TO_151_(141_RH)","","52","","TW_S_AUDIO_AMP_AVC-21CY_020"
"TO_151_(141_RH)","","19","","S_BODY_ECU_BASE_034"
"TO_151_(141_RH)","","6","TW_S_SMART_ENTRY-15CY_003","TW_S_SMART_ENTRY-15CY_003"
"TO_151_(141_RH)","","42","","S_OUT_MIR_SW_003"
"TO_151_(141_RH)","","34","","S_BODY_ECU_BASE_020"
"TO_151_(141_RH)","","40","","S_DOUBLE_LOCK_006"
"TO_151_(141_RH)","","32","","S_BODY_ECU_BASE_018"
"TO_151_(141_RH)","","8","EQ_BODY_ECU_LIN2","EQ_BODY_ECU_LIN2"
"TO_126_(121_TNGA)","90980-12D18","7","TW_S_EFI_ECU-TNGA2.0_061","TW_S_EFI_ECU-TNGA2.0_061"
"TO_126_(121_TNGA)","90980-12D18","3","TW_S_EFI_ECU-TNGA2.0_057","TW_S_EFI_ECU-TNGA2.0_057"
"TO_126_(121_TNGA)","90980-12D18","8","TW_S_EFI_ECU-TNGA2.0_062","TW_S_EFI_ECU-TNGA2.0_062"
"TO_126_(121_TNGA)","90980-12D18","6","TW_S_EFI_ECU-TNGA2.0_060","TW_S_EFI_ECU-TNGA2.0_060"
"TO_126_(121_TNGA)","90980-12D18","4","TW_S_EFI_ECU-TNGA2.0_058","TW_S_EFI_ECU-TNGA2.0_058"
"TO_126_(121_TNGA)","90980-12D18","1","TW_S_EFI_ECU-TNGA2.0_055","TW_S_EFI_ECU-TNGA2.0_055"
"TO_126_(121_TNGA)","90980-12D18","2","TW_S_EFI_ECU-TNGA2.0_056","TW_S_EFI_ECU-TNGA2.0_056"
"TO_126_(121_TNGA)","90980-12D18","5","TW_S_EFI_ECU-TNGA2.0_059","TW_S_EFI_ECU-TNGA2.0_059"
"TO_161_LH_(152)","","1","EMB_S_PVM_APP-21CY_013","EMB_S_PVM_APP-21CY_013"
"TO_161_LH_(152)","","25","","S_BODY_ECU_DOOR_004"
"TO_161_LH_(152)","","13","","TW_S_AIRBAG_057"
"TO_161_LH_(152)","","17","EQ_BODY_ECU_LIN2","EQ_BODY_ECU_LIN2"
"TO_161_LH_(152)","","15","","TW_S_AIRBAG_147"
"TO_161_LH_(152)","","9","SLD_S_SPVM-21CY_015","SLD_S_SPVM-21CY_015"
"TO_161_LH_(152)","","10","SLD_S_SPVM-21CY_016","SLD_S_SPVM-21CY_016"
"TO_161_LH_(152)","","8","SLD_S_SPVM-21CY_014","SLD_S_SPVM-21CY_014"
"TO_161_LH_(152)","","26","","S_BODY_ECU_DOOR_002"
"TO_161_LH_(152)","","18","","EQ_BSM_MODULE_LH_OMIL"
"TO_161_LH_(152)","","11","","TW_S_AIRBAG_033"
"TO_161_LH_(152)","","22","","GND_BLE_RECV_D/SEAT_GND"
"TO_161_LH_(152)","","30","S_PVM_APP-21CY_027","S_PVM_APP-21CY_027"
"TO_161_LH_(152)","","31","","S_OUT_MIR_SW_014"
"TO_161_LH_(152)","","24","",""
"TO_161_LH_(152)","","2","EMB_DRN_S_PVM_APP-21CY_105","EMB_DRN_S_PVM_APP-21CY_105"
"TO_161_LH_(152)","","32","","S_OUT_MIR_SW_015"
"TO_161_LH_(152)","","16","","TW_S_AIRBAG_167"
"TO_161_LH_(152)","","19","EQ_D/L_MTR_F/L-LHD_PLUS","EQ_D/L_MTR_F/L-LHD_PLUS"
"TO_161_LH_(152)","","21","","EQ_F:DOOR_F/R_L"
"TO_161_LH_(152)","","3","EMB_S_PVM_APP-21CY_014","EMB_S_PVM_APP-21CY_014"
"TO_161_LH_(152)","","7","SLD_DRN_S_SPVM-21CY_105","SLD_DRN_S_SPVM-21CY_105"
"TO_161_LH_(152)","","28","S_PVM_APP-21CY_025","S_PVM_APP-21CY_025"
"TO_161_LH_(152)","","5","EMB_S_PVM_APP-21CY_016","EMB_S_PVM_APP-21CY_016"
"TO_161_LH_(152)","","4","EMB_S_PVM_APP-21CY_015","EMB_S_PVM_APP-21CY_015"
"TO_161_LH_(152)","","27","S_PVM_APP-21CY_024","S_PVM_APP-21CY_024"
"TO_161_LH_(152)","","12","","TW_S_AIRBAG_034"
"TO_161_LH_(152)","","29","S_PVM_APP-21CY_026","S_PVM_APP-21CY_026"
"TO_161_LH_(152)","","6","SLD_S_SPVM-21CY_013","SLD_S_SPVM-21CY_013"
"TO_161_LH_(152)","","23","EQ_F:PANEL_L","EQ_F:PANEL_L"
"TO_161_LH_(152)","","14","","TW_S_AIRBAG_072"
"TO_161_LH_(152)","","20","EQ_F:DOOR_F/L_L","EQ_F:DOOR_F/L_L"
"TO_161_LH_(152)","","33","","S_OUT_MIR_SW_011"
"TO_152_(141_LH)","","20","","EQ_OUT_MIR_SW-W/RETRA_AUTO_VR"
"TO_152_(141_LH)","","24","S_BODY_ECU_BASE_018","S_BODY_ECU_BASE_018"
"TO_152_(141_LH)","","15","","EQ_OUT_MIR_SW-W/RETRA_AUTO_M+"
"TO_152_(141_LH)","","21","","GND_AC100V_MAIN_SW_ILL-"
"TO_152_(141_LH)","","30","","S_BODY_ECU_BASE_035"
"TO_152_(141_LH)","","2","","TW_S_SMART_ENTRY-15CY_004"
"TO_152_(141_LH)","","22","","TW_S_AUDIO_AMP_AVC-21CY_017"
"TO_152_(141_LH)","","13","","EQ_METER_ILL-"
"TO_152_(141_LH)","","1","","TW_S_21CY_TOYOTA_T2-T1_019"
"TO_152_(141_LH)","","33","S_DOUBLE_LOCK_006","S_DOUBLE_LOCK_006"
"TO_152_(141_LH)","","25","S_BODY_ECU_BASE_019","S_BODY_ECU_BASE_019"
"TO_152_(141_LH)","","28","S_BODY_ECU_BASE_032","S_BODY_ECU_BASE_032"
"TO_152_(141_LH)","","10","","EQ_F:ECU-B_NO.2_L"
"TO_152_(141_LH)","","19","","EQ_OUT_MIR_SW-W/RETRA_AUTO_VL"
"TO_152_(141_LH)","","8","","EQ_BODY_ECU_UL3"
"TO_152_(141_LH)","","11","","EQ_F:MIR HTR_L"
"TO_152_(141_LH)","","31","","S_DOUBLE_LOCK_001"
"TO_152_(141_LH)","","14","","EQ_METER_LL"
"TO_152_(141_LH)","","23","S_BODY_ECU_BASE_017","S_BODY_ECU_BASE_017"
"TO_152_(141_LH)","","7","","EQ_BODY_ECU_LSFL"
"TO_152_(141_LH)","","12","","S_BODY_ECU_DOOR_003"
"TO_152_(141_LH)","","16","","EQ_OUT_MIR_SW-W/RETRA_AUTO_HL"
"TO_152_(141_LH)","","34","S_OUT_MIR_SW_001","S_OUT_MIR_SW_001"
"TO_152_(141_LH)","","5","","TW_S_SMART_ENTRY-15CY_003"
"TO_152_(141_LH)","","32","S_DOUBLE_LOCK_004","S_DOUBLE_LOCK_004"
"TO_152_(141_LH)","","4","","TW_S_SMART_ENTRY-15CY_002"
"TO_152_(141_LH)","","27","S_BODY_ECU_BASE_031","S_BODY_ECU_BASE_031"
"TO_152_(141_LH)","","18","","S_BODY_ECU_BASE_034"
"TO_152_(141_LH)","","9","","EQ_F:ECU-ACC_L"
"TO_152_(141_LH)","","37","TW_S_21CY_TOYOTA_T2-T1_018","TW_S_21CY_TOYOTA_T2-T1_018"
"TO_152_(141_LH)","","26","S_BODY_ECU_BASE_020","S_BODY_ECU_BASE_020"
"TO_152_(141_LH)","","6","","EQ_BODY_ECU_L2"
"TO_152_(141_LH)","","35","S_OUT_MIR_SW_003","S_OUT_MIR_SW_003"
"TO_152_(141_LH)","","29","S_BODY_ECU_BASE_033","S_BODY_ECU_BASE_033"
"TO_152_(141_LH)","","36","TW_S_AUDIO_AMP_AVC-21CY_018","TW_S_AUDIO_AMP_AVC-21CY_018"
"TO_152_(141_LH)","","3","","TW_S_SMART_ENTRY-15CY_005"
"TO_152_(141_LH)","","17","","EQ_OUT_MIR_SW-W/RETRA_AUTO_HR"
"TO_141_LH_RHD_(111_LH_RHD)","","31","S_21CY_TOYOTA_T2-T1_095","S_21CY_TOYOTA_T2-T1_095"
"TO_141_LH_RHD_(111_LH_RHD)","","42","","EQ_F:STRG_HTR_L"
"TO_141_LH_RHD_(111_LH_RHD)","","20","EQ_F:SBW_IGCT-HV_L","EQ_F:SBW_IGCT-HV_L"
"TO_141_LH_RHD_(111_LH_RHD)","","23","","EQ_MF:AMP_L"
"TO_141_LH_RHD_(111_LH_RHD)","","6","","CAN_SBW_BUS_LO"
"TO_141_LH_RHD_(111_LH_RHD)","","27","","EQ_SBW_ACTR_ECU-HV_MA2"
"TO_141_LH_RHD_(111_LH_RHD)","","11","","MCB1204"
"TO_141_LH_RHD_(111_LH_RHD)","","37","","S_SBW_003"
"TO_141_LH_RHD_(111_LH_RHD)","","14","","EQ_BODY_ECU_WPS"
"TO_141_LH_RHD_(111_LH_RHD)","","41","","S_SMART_ENTRY-15CY_027"
"TO_141_LH_RHD_(111_LH_RHD)","","36","S_AHB_G_ECU#2_032","S_AHB_G_ECU#2_032"
"TO_141_LH_RHD_(111_LH_RHD)","","2","",""
"TO_141_LH_RHD_(111_LH_RHD)","","15","","EQ_F:2ND_BATT_L"
"TO_141_LH_RHD_(111_LH_RHD)","","17","","EQ_F:ECU-IGR_NO.3_L"
"TO_141_LH_RHD_(111_LH_RHD)","","8","","EQ_A/BAG_SSR_F/L_PLUSSL"
"TO_141_LH_RHD_(111_LH_RHD)","","44","","CANFD_DS_LOCAL3_BUS_HI"
"TO_141_LH_RHD_(111_LH_RHD)","","40","","S_SBW_026"
"TO_141_LH_RHD_(111_LH_RHD)","","18","","EQ_F:PM_IGCT-PHV_L"
"TO_141_LH_RHD_(111_LH_RHD)","","43","","CANFD_P_BUS_LO"
"TO_141_LH_RHD_(111_LH_RHD)","","26","EQ_SBW_ACTR_ECU-HV_BUB1","EQ_SBW_ACTR_ECU-HV_BUB1"
"TO_141_LH_RHD_(111_LH_RHD)","","4","","CAN_B_BUS_LO"
"TO_141_LH_RHD_(111_LH_RHD)","","49","",""
"TO_141_LH_RHD_(111_LH_RHD)","","10","","MCB1203"
"TO_141_LH_RHD_(111_LH_RHD)","","16","","EQ_F:DMC_ECU_L"
"TO_141_LH_RHD_(111_LH_RHD)","","47","","CANFD_DS_BUS_LO"
"TO_141_LH_RHD_(111_LH_RHD)","","39","","S_SBW_025"
"TO_141_LH_RHD_(111_LH_RHD)","","38","","S_SBW_004"
"TO_141_LH_RHD_(111_LH_RHD)","","35","S_AHB_G_ECU#2_031","S_AHB_G_ECU#2_031"
"TO_141_LH_RHD_(111_LH_RHD)","","19","EQ_F:P-CON_MTR_NO.1_L","EQ_F:P-CON_MTR_NO.1_L"
"TO_141_LH_RHD_(111_LH_RHD)","","46","","CANFD_DS_BUS_HI"
"TO_141_LH_RHD_(111_LH_RHD)","","25","EQ_RLY:IG_B-HP_L","EQ_RLY:IG_B-HP_L"
"TO_141_LH_RHD_(111_LH_RHD)","","24","EQ_OUTS_TEMP_SSR_-","EQ_OUTS_TEMP_SSR_-"
"TO_141_LH_RHD_(111_LH_RHD)","","32","S_AHB_G_ECU#2_001","S_AHB_G_ECU#2_001"
"TO_141_LH_RHD_(111_LH_RHD)","","48","",""
"TO_141_LH_RHD_(111_LH_RHD)","","1","",""
"TO_141_LH_RHD_(111_LH_RHD)","","28","EQ_SBW_ACTR_ECU-PHV_BUB1","EQ_SBW_ACTR_ECU-PHV_BUB1"
"TO_141_LH_RHD_(111_LH_RHD)","","5","","CAN_SBW_BUS_HI"
"TO_141_LH_RHD_(111_LH_RHD)","","29","","EQ_SBW_ACTR_ECU-PHV_MA2"
"TO_141_LH_RHD_(111_LH_RHD)","","12","EQ_BODY_ECU_DIM","EQ_BODY_ECU_DIM"
"TO_141_LH_RHD_(111_LH_RHD)","","21","CANFD_P_BUS_HI","CANFD_P_BUS_HI"
"TO_141_LH_RHD_(111_LH_RHD)","","30","EQ_STOP_LP_SW_L_CC","EQ_STOP_LP_SW_L_CC"
"TO_141_LH_RHD_(111_LH_RHD)","","9","","EQ_AHB_G_ECU#2_CSW"
"TO_141_LH_RHD_(111_LH_RHD)","","45","","CANFD_DS_LOCAL3_BUS_LO"
"TO_141_LH_RHD_(111_LH_RHD)","","33","S_AHB_G_ECU#2_029","S_AHB_G_ECU#2_029"
"TO_141_LH_RHD_(111_LH_RHD)","","3","","CAN_B_BUS_HI"
"TO_141_LH_RHD_(111_LH_RHD)","","13","","EQ_BODY_ECU_HCTY"
"TO_141_LH_RHD_(111_LH_RHD)","","7","","EQ_A/BAG_SSR_F/L_-SL"
"TO_141_LH_RHD_(111_LH_RHD)","","22","EQ_METER_LL","EQ_METER_LL"
"TO_141_LH_RHD_(111_LH_RHD)","","34","S_AHB_G_ECU#2_030","S_AHB_G_ECU#2_030"
"TO_169_(161_RH)","KANGO-12326","2","SLD_DRN_S_MGR_102","SLD_DRN_S_MGR_102"
"TO_169_(161_RH)","KANGO-12326","10","S_MGR_010","S_MGR_010"
"TO_169_(161_RH)","KANGO-12326","4","SLD_S_MGR_006","SLD_S_MGR_006"
"TO_169_(161_RH)","KANGO-12326","6","SLD_S_MGR_008","SLD_S_MGR_008"
"TO_169_(161_RH)","KANGO-12326","9","EQ_HV_ECU-HV_RMTG","EQ_HV_ECU-HV_RMTG"
"TO_169_(161_RH)","KANGO-12326","12","",""
"TO_169_(161_RH)","KANGO-12326","8","EQ_HV_ECU-HV_RMT","EQ_HV_ECU-HV_RMT"
"TO_169_(161_RH)","KANGO-12326","1","SLD_S_MGR_004","SLD_S_MGR_004"
"TO_169_(161_RH)","KANGO-12326","13","",""
"TO_169_(161_RH)","KANGO-12326","3","SLD_S_MGR_005","SLD_S_MGR_005"
"TO_169_(161_RH)","KANGO-12326","7","SLD_S_MGR_009","SLD_S_MGR_009"
"TO_169_(161_RH)","KANGO-12326","11","S_MGR_011","S_MGR_011"
"TO_169_(161_RH)","KANGO-12326","5","SLD_S_MGR_007","SLD_S_MGR_007"
"TO_185_(184)_1","","36","S_BODY_ECU_DOOR_007","S_BODY_ECU_DOOR_007"
"TO_185_(184)_1","","31","","GND_100V_OUTLET_CONSOLE-OTHER_E"
"TO_185_(184)_1","","28","","MCB4682"
"TO_185_(184)_1","","1","","EMB_S_PVM_APP-21CY_002"
"TO_185_(184)_1","","30","","EQ_PDB_DOM1"
"TO_185_(184)_1","","41","","S_SMART_ENTRY-15CY_033"
"TO_185_(184)_1","","20","EQ_METER_ILL-","EQ_METER_ILL-"
"TO_185_(184)_1","","22","CAN_B_BUS_LO","CAN_B_BUS_LO"
"TO_185_(184)_1","","17","","SLD_S_SPVM-21CY_003"
"TO_185_(184)_1","","42","","S_SMART_ENTRY-15CY_034"
"TO_185_(184)_1","","14","SLD_DRN_S_SPVM-21CY_101","SLD_DRN_S_SPVM-21CY_101"
"TO_185_(184)_1","","15","SLD_S_SPVM-21CY_004","SLD_S_SPVM-21CY_004"
"TO_185_(184)_1","","9","","SLD_S_21CY_TOYOTA_T2-T1_061"
"TO_185_(184)_1","","32","","GND_B/DR_OPNR_SW_E"
"TO_185_(184)_1","","4","","MCB6517"
"TO_185_(184)_1","","11","","MCB6518"
"TO_185_(184)_1","","46","","EMB_DRN_S_PVM_APP-21CY_101"
"TO_185_(184)_1","","45","","EMB_S_PVM_APP-21CY_001"
"TO_185_(184)_1","","23","EQ_BODY_ECU_LSBO","EQ_BODY_ECU_LSBO"
"TO_185_(184)_1","","25","EQ_F:ECU-IGR_NO.1_L","EQ_F:ECU-IGR_NO.1_L"
"TO_185_(184)_1","","29","","CANFD_DS_BUS_LO"
"TO_185_(184)_1","","8","SLD_S_21CY_TOYOTA_T2-T1_060","SLD_S_21CY_TOYOTA_T2-T1_060"
"TO_185_(184)_1","","6","SLD_S_21CY_TOYOTA_T2-T1_059","SLD_S_21CY_TOYOTA_T2-T1_059"
"TO_185_(184)_1","","44","","CANFD_DS_BUS_LO"
"TO_185_(184)_1","","10","SLD_S_21CY_TOYOTA_T2-T1_062","SLD_S_21CY_TOYOTA_T2-T1_062"
"TO_185_(184)_1","","40","","S_SEC_ALARM_002"
"TO_185_(184)_1","","7","SLD_DRN_S_21CY_TOYOTA_T2-T1_108","SLD_DRN_S_21CY_TOYOTA_T2-T1_108"
"TO_185_(184)_1","","16","SLD_S_SPVM-21CY_002","SLD_S_SPVM-21CY_002"
"TO_185_(184)_1","","5","","MCB6516"
"TO_185_(184)_1","","43","","EQ_F:PANEL_L"
"TO_185_(184)_1","","3","EMB_S_PVM_APP-21CY_004","EMB_S_PVM_APP-21CY_004"
"TO_185_(184)_1","","24","EQ_F:ECU-B_NO.2_L","EQ_F:ECU-B_NO.2_L"
"TO_185_(184)_1","","12","","MCB6519"
"TO_185_(184)_1","","37","","S_BODY_ECU_DOOR_017"
"TO_185_(184)_1","","26","","CANFD_DS_BUS_HI"
"TO_185_(184)_1","","35","",""
"TO_185_(184)_1","","38","","S_BODY_ECU_EX_LP_011"
"TO_185_(184)_1","","19","CANFD_DS_BUS_HI","CANFD_DS_BUS_HI"
"TO_185_(184)_1","","18","SLD_S_SPVM-21CY_001","SLD_S_SPVM-21CY_001"
"TO_185_(184)_1","","33","","GND_DEF_RR_E"
"TO_185_(184)_1","","34","","S_AHB_G_ECU-STOP_LP_003"
"TO_185_(184)_1","","39","","S_PBD_001"
"TO_185_(184)_1","","21","CAN_B_BUS_HI","CAN_B_BUS_HI"
"TO_185_(184)_1","","27","EQ_FL:PBD_L","EQ_FL:PBD_L"
"TO_185_(184)_1","","2","EMB_S_PVM_APP-21CY_003","EMB_S_PVM_APP-21CY_003"
"TO_185_(184)_1","","13","","MCB6520"
"TO_111_RH_(161_RH)","","30","EQ_F:PLUG_LOCK_L","EQ_F:PLUG_LOCK_L"
"TO_111_RH_(161_RH)","","38","S_MGR_010","S_MGR_010"
"TO_111_RH_(161_RH)","","3","SLD_S_MGR_005","SLD_S_MGR_005"
"TO_111_RH_(161_RH)","","23","EQ_F:PWC(TBD)_L",""
"TO_111_RH_(161_RH)","","11","EMB_S_PVM_APP-21CY_007","EMB_S_PVM_APP-21CY_007"
"TO_111_RH_(161_RH)","","52","S_CLEARANCE_SNR_016","S_CLEARANCE_SNR_016"
"TO_111_RH_(161_RH)","","19","GND_SLD_DRN_AHB_G_ECU#2_103","GND_SLD_DRN_AHB_G_ECU#2_103"
"TO_111_RH_(161_RH)","","17","SLD_S_SPVM-21CY_008","SLD_S_SPVM-21CY_008"
"TO_111_RH_(161_RH)","","2","SLD_DRN_S_MGR_102","SLD_DRN_S_MGR_102"
"TO_111_RH_(161_RH)","","51","S_CLEARANCE_SNR_001","S_CLEARANCE_SNR_001"
"TO_111_RH_(161_RH)","","37","S_AHB_G_ECU-STOP_LP_003","S_AHB_G_ECU-STOP_LP_003"
"TO_111_RH_(161_RH)","","32","EQ_HV_ECU-PHV_LIN3","EQ_HV_ECU-PHV_LIN3"
"TO_111_RH_(161_RH)","","27","CANFD_DS_LOCAL1_BUS_LO","CANFD_DS_LOCAL1_BUS_LO"
"TO_111_RH_(161_RH)","","48","TW_S_CLEARANCE_SNR_017","TW_S_CLEARANCE_SNR_017"
"TO_111_RH_(161_RH)","","4","SLD_S_MGR_006","SLD_S_MGR_006"
"TO_111_RH_(161_RH)","","47","TW_S_CLEARANCE_SNR_003","TW_S_CLEARANCE_SNR_003"
"TO_111_RH_(161_RH)","","26","CANFD_DS_LOCAL1_BUS_HI","CANFD_DS_LOCAL1_BUS_HI"
"TO_111_RH_(161_RH)","","35","S_AHB_G_ECU#2_024","S_AHB_G_ECU#2_024"
"TO_111_RH_(161_RH)","","7","SLD_S_MGR_009","SLD_S_MGR_009"
"TO_111_RH_(161_RH)","","46","TW_S_CLEARANCE_SNR_002","TW_S_CLEARANCE_SNR_002"
"TO_111_RH_(161_RH)","","18","SLD_S_AHB_G_ECU#2_008","SLD_S_AHB_G_ECU#2_008"
"TO_111_RH_(161_RH)","","16","SLD_S_SPVM-21CY_007","SLD_S_SPVM-21CY_007"
"TO_111_RH_(161_RH)","","1","SLD_S_MGR_004","SLD_S_MGR_004"
"TO_111_RH_(161_RH)","","39","S_MGR_011","S_MGR_011"
"TO_111_RH_(161_RH)","","21","TW_S_REMOTE_ANT_001","TW_S_REMOTE_ANT_001"
"TO_111_RH_(161_RH)","","8","EMB_S_PVM_APP-21CY_005","EMB_S_PVM_APP-21CY_005"
"TO_111_RH_(161_RH)","","6","SLD_S_MGR_008","SLD_S_MGR_008"
"TO_111_RH_(161_RH)","","25","EQ_F:IGCT_NO.2_L","EQ_F:IGCT_NO.2_L"
"TO_111_RH_(161_RH)","","20","SLD_S_AHB_G_ECU#2_009","SLD_S_AHB_G_ECU#2_009"
"TO_111_RH_(161_RH)","","12","EMB_S_PVM_APP-21CY_008","EMB_S_PVM_APP-21CY_008"
"TO_111_RH_(161_RH)","","22","TW_S_REMOTE_ANT_002","TW_S_REMOTE_ANT_002"
"TO_111_RH_(161_RH)","","15","SLD_S_SPVM-21CY_006","SLD_S_SPVM-21CY_006"
"TO_111_RH_(161_RH)","","49","TW_S_CLEARANCE_SNR_018","TW_S_CLEARANCE_SNR_018"
"TO_111_RH_(161_RH)","","13","SLD_S_SPVM-21CY_005","SLD_S_SPVM-21CY_005"
"TO_111_RH_(161_RH)","","14","SLD_DRN_S_SPVM-21CY_102","SLD_DRN_S_SPVM-21CY_102"
"TO_111_RH_(161_RH)","","31","EQ_HV_ECU-HV_LIN3","EQ_HV_ECU-HV_LIN3"
"TO_111_RH_(161_RH)","","5","SLD_S_MGR_007","SLD_S_MGR_007"
"TO_111_RH_(161_RH)","","34","S_AHB_G_ECU#2_021","S_AHB_G_ECU#2_021"
"TO_111_RH_(161_RH)","","9","EMB_DRN_S_PVM_APP-21CY_102","EMB_DRN_S_PVM_APP-21CY_102"
"TO_111_RH_(161_RH)","","33","S_AHB_G_ECU#2_020","S_AHB_G_ECU#2_020"
"TO_111_RH_(161_RH)","","10","EMB_S_PVM_APP-21CY_006","EMB_S_PVM_APP-21CY_006"
"TO_111_RH_(161_RH)","","50","EQ_F:ECU-IGR_NO.3_L","EQ_F:ECU-IGR_NO.3_L"
"TO_111_RH_(161_RH)","","24","EQ_F:AMD2_L","EQ_F:AMD2_L"
"TO_111_RH_(161_RH)","","36","S_AHB_G_ECU#2_025","S_AHB_G_ECU#2_025"
"TO_141_LH_(152)","","36","TW_S_AUDIO_AMP_AVC-21CY_018","TW_S_AUDIO_AMP_AVC-21CY_018"
"TO_141_LH_(152)","","17","","EQ_OUT_MIR_SW-W/RETRA_AUTO_HR"
"TO_141_LH_(152)","","20","","EQ_OUT_MIR_SW-W/RETRA_AUTO_VR"
"TO_141_LH_(152)","","18","","S_BODY_ECU_BASE_034"
"TO_141_LH_(152)","","10","","EQ_F:ECU-B_NO.2_L"
"TO_141_LH_(152)","","15","","EQ_OUT_MIR_SW-W/RETRA_AUTO_M+"
"TO_141_LH_(152)","","27","S_BODY_ECU_BASE_031","S_BODY_ECU_BASE_031"
"TO_141_LH_(152)","","22","","TW_S_AUDIO_AMP_AVC-21CY_017"
"TO_141_LH_(152)","","14","","EQ_METER_LL"
"TO_141_LH_(152)","","29","S_BODY_ECU_BASE_033","S_BODY_ECU_BASE_033"
"TO_141_LH_(152)","","21","","GND_AC100V_MAIN_SW_ILL-"
"TO_141_LH_(152)","","28","S_BODY_ECU_BASE_032","S_BODY_ECU_BASE_032"
"TO_141_LH_(152)","","12","","S_BODY_ECU_DOOR_003"
"TO_141_LH_(152)","","25","S_BODY_ECU_BASE_019","S_BODY_ECU_BASE_019"
"TO_141_LH_(152)","","2","","TW_S_SMART_ENTRY-15CY_004"
"TO_141_LH_(152)","","4","","TW_S_SMART_ENTRY-15CY_002"
"TO_141_LH_(152)","","34","S_OUT_MIR_SW_001","S_OUT_MIR_SW_001"
"TO_141_LH_(152)","","8","","EQ_BODY_ECU_UL3"
"TO_141_LH_(152)","","5","","TW_S_SMART_ENTRY-15CY_003"
"TO_141_LH_(152)","","35","S_OUT_MIR_SW_003","S_OUT_MIR_SW_003"
"TO_141_LH_(152)","","37","TW_S_21CY_TOYOTA_T2-T1_018","TW_S_21CY_TOYOTA_T2-T1_018"
"TO_141_LH_(152)","","7","","EQ_BODY_ECU_LSFL"
"TO_141_LH_(152)","","19","","EQ_OUT_MIR_SW-W/RETRA_AUTO_VL"
"TO_141_LH_(152)","","24","S_BODY_ECU_BASE_018","S_BODY_ECU_BASE_018"
"TO_141_LH_(152)","","33","S_DOUBLE_LOCK_006","S_DOUBLE_LOCK_006"
"TO_141_LH_(152)","","13","","EQ_METER_ILL-"
"TO_141_LH_(152)","","11","","EQ_F:MIR HTR_L"
"TO_141_LH_(152)","","23","S_BODY_ECU_BASE_017","S_BODY_ECU_BASE_017"
"TO_141_LH_(152)","","9","","EQ_F:ECU-ACC_L"
"TO_141_LH_(152)","","16","","EQ_OUT_MIR_SW-W/RETRA_AUTO_HL"
"TO_141_LH_(152)","","30","","S_BODY_ECU_BASE_035"
"TO_141_LH_(152)","","6","","EQ_BODY_ECU_L2"
"TO_141_LH_(152)","","32","S_DOUBLE_LOCK_004","S_DOUBLE_LOCK_004"
"TO_141_LH_(152)","","31","","S_DOUBLE_LOCK_001"
"TO_141_LH_(152)","","3","","TW_S_SMART_ENTRY-15CY_005"
"TO_141_LH_(152)","","1","","TW_S_21CY_TOYOTA_T2-T1_019"
"TO_141_LH_(152)","","26","S_BODY_ECU_BASE_020","S_BODY_ECU_BASE_020"
"TO_142_(141_LH)_18P","90980-12739","17","SLD_S_21CY_TOYOTA_T2-T1_082","SLD_S_21CY_TOYOTA_T2-T1_082"
"TO_142_(141_LH)_18P","90980-12739","16","S_ACON-HV_014","S_ACON-HV_014"
"TO_142_(141_LH)_18P","90980-12739","2","",""
"TO_142_(141_LH)_18P","90980-12739","8","SLD_DRN_S_21CY_TOYOTA_T2-T1_111","SLD_DRN_S_21CY_TOYOTA_T2-T1_111"
"TO_142_(141_LH)_18P","90980-12739","14","EQ_A/C_ECU-W/SEAT_NAIN","EQ_A/C_ECU-W/SEAT_NAIN"
"TO_142_(141_LH)_18P","90980-12739","12","",""
"TO_142_(141_LH)_18P","90980-12739","6","S_BODY_ECU_EX_LP_015","S_BODY_ECU_EX_LP_015"
"TO_142_(141_LH)_18P","90980-12739","18","",""
"TO_142_(141_LH)_18P","90980-12739","11","",""
"TO_142_(141_LH)_18P","90980-12739","9","SLD_S_21CY_TOYOTA_T2-T1_080","SLD_S_21CY_TOYOTA_T2-T1_080"
"TO_142_(141_LH)_18P","90980-12739","15","S_ACON-HV_013","S_ACON-HV_013"
"TO_142_(141_LH)_18P","90980-12739","7","SLD_S_21CY_TOYOTA_T2-T1_079","SLD_S_21CY_TOYOTA_T2-T1_079"
"TO_142_(141_LH)_18P","90980-12739","5","S_BODY_ECU_EX_LP_014","S_BODY_ECU_EX_LP_014"
"TO_142_(141_LH)_18P","90980-12739","10","SLD_S_21CY_TOYOTA_T2-T1_081","SLD_S_21CY_TOYOTA_T2-T1_081"
"TO_142_(141_LH)_18P","90980-12739","3","EQ_A/C_ECU-W/SEAT_NANO","EQ_A/C_ECU-W/SEAT_NANO"
"TO_142_(141_LH)_18P","90980-12739","13","","GND_NANO_E_UNIT_SUB_WH_GND"
"TO_142_(141_LH)_18P","90980-12739","1","",""
"TO_142_(141_LH)_18P","90980-12739","4","S_BODY_ECU_EX_LP_013","S_BODY_ECU_EX_LP_013"
"TO_111_RH_RHD_(141_RH_RHD)","","56","S_WIPER_009","S_WIPER_009"
"TO_111_RH_RHD_(141_RH_RHD)","","42","EQ_RLY:PTC_HTR#3_-S","EQ_RLY:PTC_HTR#3_-S"
"TO_111_RH_RHD_(141_RH_RHD)","","23","","MCB1207"
"TO_111_RH_RHD_(141_RH_RHD)","","51","S_METER_025","S_METER_025"
"TO_111_RH_RHD_(141_RH_RHD)","","28","EQ_F:ECU-IGP_NO.1_L","EQ_F:ECU-IGP_NO.1_L"
"TO_111_RH_RHD_(141_RH_RHD)","","39","EQ_RLY:FR_DEICER_-S","EQ_RLY:FR_DEICER_-S"
"TO_111_RH_RHD_(141_RH_RHD)","","25","","MCB1205"
"TO_111_RH_RHD_(141_RH_RHD)","","19","EQ_A/BAG_SSR_F/R_-SR","EQ_A/BAG_SSR_F/R_-SR"
"TO_111_RH_RHD_(141_RH_RHD)","","3","S_ACON-HP_025","S_ACON-HP_025"
"TO_111_RH_RHD_(141_RH_RHD)","","20","EQ_A/BAG_SSR_F/R_PLUSSR","EQ_A/BAG_SSR_F/R_PLUSSR"
"TO_111_RH_RHD_(141_RH_RHD)","","4","CAN_BTL_BUS_LO","CAN_BTL_BUS_LO"
"TO_111_RH_RHD_(141_RH_RHD)","","5","",""
"TO_111_RH_RHD_(141_RH_RHD)","","22","TW_S_ACON-HP_009","TW_S_ACON-HP_009"
"TO_111_RH_RHD_(141_RH_RHD)","","12","CANFD_ADS_C1_BUS_HI","CANFD_ADS_C1_BUS_HI"
"TO_111_RH_RHD_(141_RH_RHD)","","7","CANFD_PL_BUS_HI","CANFD_PL_BUS_HI"
"TO_111_RH_RHD_(141_RH_RHD)","","38","EQ_METER_OILW","EQ_METER_OILW"
"TO_111_RH_RHD_(141_RH_RHD)","","48","S_FSMC_003","S_FSMC_003"
"TO_111_RH_RHD_(141_RH_RHD)","","24","EQ_EFI_ECU-TNGA_LSTM","EQ_EFI_ECU-TNGA_LSTM"
"TO_111_RH_RHD_(141_RH_RHD)","","6","CAN_BTL_BUS_LO","CAN_BTL_BUS_LO"
"TO_111_RH_RHD_(141_RH_RHD)","","55","S_WIPER_008","S_WIPER_008"
"TO_111_RH_RHD_(141_RH_RHD)","","31","EQ_F:PM_IGCT-HV_L","EQ_F:PM_IGCT-HV_L"
"TO_111_RH_RHD_(141_RH_RHD)","","11","CANFD_ADS_C1_BUS_HI","CANFD_ADS_C1_BUS_HI"
"TO_111_RH_RHD_(141_RH_RHD)","","30","EQ_F:H-LP_LH_LED_L/ECU_L","EQ_F:H-LP_LH_LED_L/ECU_L"
"TO_111_RH_RHD_(141_RH_RHD)","","8","CANFD_PL_BUS_LO","CANFD_PL_BUS_LO"
"TO_111_RH_RHD_(141_RH_RHD)","","9","EQ_F:S/HTR_RR_L","EQ_F:S/HTR_RR_L"
"TO_111_RH_RHD_(141_RH_RHD)","","17","CANFD_ADS_C1_BUS_LO","CANFD_ADS_C1_BUS_LO"
"TO_111_RH_RHD_(141_RH_RHD)","","15","CANFD_ADS_C1_BUS_LO","CANFD_ADS_C1_BUS_LO"
"TO_111_RH_RHD_(141_RH_RHD)","","40","EQ_RLY:PTC_HTR#1_-S","EQ_RLY:PTC_HTR#1_-S"
"TO_111_RH_RHD_(141_RH_RHD)","","50","S_H_LP_LVL_SW_002","S_H_LP_LVL_SW_002"
"TO_111_RH_RHD_(141_RH_RHD)","","16","EQ_F:ECU-IGP_NO.3_L","EQ_F:ECU-IGP_NO.3_L"
"TO_111_RH_RHD_(141_RH_RHD)","","26","",""
"TO_111_RH_RHD_(141_RH_RHD)","","53","S_WIPER_006","S_WIPER_006"
"TO_111_RH_RHD_(141_RH_RHD)","","2","CAN_BTL_BUS_HI","CAN_BTL_BUS_HI"
"TO_111_RH_RHD_(141_RH_RHD)","","37","EQ_METER_LR","EQ_METER_LR"
"TO_111_RH_RHD_(141_RH_RHD)","","27","EQ_F:DVR_L","EQ_F:DVR_L"
"TO_111_RH_RHD_(141_RH_RHD)","","41","EQ_RLY:PTC_HTR#2_-S","EQ_RLY:PTC_HTR#2_-S"
"TO_111_RH_RHD_(141_RH_RHD)","","1","CAN_BTL_BUS_HI","CAN_BTL_BUS_HI"
"TO_111_RH_RHD_(141_RH_RHD)","","57","S_WIPER_010","S_WIPER_010"
"TO_111_RH_RHD_(141_RH_RHD)","","21","TW_S_ACON-HP_008","TW_S_ACON-HP_008"
"TO_111_RH_RHD_(141_RH_RHD)","","34","EQ_F:SBW_IGCT-PHV_L","EQ_F:SBW_IGCT-PHV_L"
"TO_111_RH_RHD_(141_RH_RHD)","","35","EQ_F:WASHER_L","EQ_F:WASHER_L"
"TO_111_RH_RHD_(141_RH_RHD)","","54","S_WIPER_007","S_WIPER_007"
"TO_111_RH_RHD_(141_RH_RHD)","","14","CAN_C2_BUS_LO","CAN_C2_BUS_LO"
"TO_111_RH_RHD_(141_RH_RHD)","","13","CAN_C2_BUS_HI","CAN_C2_BUS_HI"
"TO_111_RH_RHD_(141_RH_RHD)","","43","EQ_RLY:WIPER_L","EQ_RLY:WIPER_L"
"TO_111_RH_RHD_(141_RH_RHD)","","36","EQ_FL:EPS_L","EQ_FL:EPS_L"
"TO_141_RH_(151)","","26","","EQ_OUT_MIR_SW-W/RETRA_AUTO_VR"
"TO_141_RH_(151)","","8","EQ_BODY_ECU_LIN2","EQ_BODY_ECU_LIN2"
"TO_141_RH_(151)","","34","","S_BODY_ECU_BASE_020"
"TO_141_RH_(151)","","9","EQ_BODY_ECU_LSFR","EQ_BODY_ECU_LSFR"
"TO_141_RH_(151)","","1","TW_S_21CY_TOYOTA_T2-T1_029","TW_S_21CY_TOYOTA_T2-T1_029"
"TO_141_RH_(151)","","44","","S_BODY_ECU_DOOR_041"
"TO_141_RH_(151)","","4","TW_S_SMART_ENTRY-15CY_005","TW_S_SMART_ENTRY-15CY_005"
"TO_141_RH_(151)","","51","TW_S_AUDIO_AMP_AVC-21CY_019","TW_S_AUDIO_AMP_AVC-21CY_019"
"TO_141_RH_(151)","","10","EQ_BODY_ECU_UL3","EQ_BODY_ECU_UL3"
"TO_141_RH_(151)","","29","","S_BODY_ECU_BASE_008"
"TO_141_RH_(151)","","17","EQ_F:MIR HTR_L","EQ_F:MIR HTR_L"
"TO_141_RH_(151)","","31","","S_BODY_ECU_BASE_017"
"TO_141_RH_(151)","","11","",""
"TO_141_RH_(151)","","38","","S_DOUBLE_LOCK_001"
"TO_141_RH_(151)","","42","","S_OUT_MIR_SW_003"
"TO_141_RH_(151)","","25","","EQ_OUT_MIR_SW-W/RETRA_AUTO_VL"
"TO_141_RH_(151)","","22","EQ_OUT_MIR_SW-W/RETRA_AUTO_HL","EQ_OUT_MIR_SW-W/RETRA_AUTO_HL"
"TO_141_RH_(151)","","7","EQ_BODY_ECU_L2","EQ_BODY_ECU_L2"
"TO_141_RH_(151)","","5","TW_S_SMART_ENTRY-15CY_002","TW_S_SMART_ENTRY-15CY_002"
"TO_141_RH_(151)","","52","","TW_S_AUDIO_AMP_AVC-21CY_020"
"TO_141_RH_(151)","","3","TW_S_SMART_ENTRY-15CY_004","TW_S_SMART_ENTRY-15CY_004"
"TO_141_RH_(151)","","24","","TW_S_21CY_TOYOTA_T2-T1_028"
"TO_141_RH_(151)","","30","","S_BODY_ECU_BASE_009"
"TO_141_RH_(151)","","2","GND_AC100V_MAIN_SW_ILL-","GND_AC100V_MAIN_SW_ILL-"
"TO_141_RH_(151)","","19","","S_BODY_ECU_BASE_034"
"TO_141_RH_(151)","","36","","S_BODY_ECU_DOOR_013"
"TO_141_RH_(151)","","20","EQ_METER_LR","EQ_METER_LR"
"TO_141_RH_(151)","","23","","EQ_OUT_MIR_SW-W/RETRA_AUTO_HR"
"TO_141_RH_(151)","","14","EQ_F:DOOR_F/R_L","EQ_F:DOOR_F/R_L"
"TO_141_RH_(151)","","28","","S_BODY_ECU_BASE_007"
"TO_141_RH_(151)","","16","EQ_F:ECU-B_NO.2_L","EQ_F:ECU-B_NO.2_L"
"TO_141_RH_(151)","","15","EQ_F:ECU-ACC_L","EQ_F:ECU-ACC_L"
"TO_141_RH_(151)","","6","TW_S_SMART_ENTRY-15CY_003","TW_S_SMART_ENTRY-15CY_003"
"TO_141_RH_(151)","","32","","S_BODY_ECU_BASE_018"
"TO_141_RH_(151)","","33","","S_BODY_ECU_BASE_019"
"TO_141_RH_(151)","","27","","S_BODY_ECU_BASE_035"
"TO_141_RH_(151)","","35","","S_BODY_ECU_BASE_025"
"TO_141_RH_(151)","","41","","S_OUT_MIR_SW_001"
"TO_141_RH_(151)","","43","","S_BODY_ECU_DOOR_040"
"TO_141_RH_(151)","","13","EQ_F:DOOR_F/L_L","EQ_F:DOOR_F/L_L"
"TO_141_RH_(151)","","18","EQ_F:PANEL_L","EQ_F:PANEL_L"
"TO_141_RH_(151)","","39","","S_DOUBLE_LOCK_005"
"TO_141_RH_(151)","","37","","S_BODY_ECU_DOOR_014"
"TO_141_RH_(151)","","12","","EQ_METER_ILL-"
"TO_141_RH_(151)","","40","","S_DOUBLE_LOCK_006"
"TO_141_RH_(151)","","21","","EQ_OUT_MIR_SW-W/RETRA_AUTO_M+"
"TO_161_RH_(153)_25P","90980-12801","13","S_DOUBLE_LOCK_001","S_DOUBLE_LOCK_001"
"TO_161_RH_(153)_25P","90980-12801","18","S_BODY_ECU_DOOR_036","S_BODY_ECU_DOOR_036"
"TO_161_RH_(153)_25P","90980-12801","17","S_BODY_ECU_DOOR_035","S_BODY_ECU_DOOR_035"
"TO_161_RH_(153)_25P","90980-12801","5","EQ_METER_ILL-","EQ_METER_ILL-"
"TO_161_RH_(153)_25P","90980-12801","10","EQ_HTR_CONT_PNL_SW_2","EQ_HTR_CONT_PNL_SW_2"
"TO_161_RH_(153)_25P","90980-12801","1","","SIG4650"
"TO_161_RH_(153)_25P","90980-12801","3","EQ_BODY_ECU_LIN2","EQ_BODY_ECU_LIN2"
"TO_161_RH_(153)_25P","90980-12801","24","EQ_F:ECU-IGP_NO.3_L","EQ_F:ECU-IGP_NO.3_L"
"TO_161_RH_(153)_25P","90980-12801","2","","MCB4651"
"TO_161_RH_(153)_25P","90980-12801","16","",""
"TO_161_RH_(153)_25P","90980-12801","6","S_BLE_ECU_003","S_BLE_ECU_003"
"TO_161_RH_(153)_25P","90980-12801","21","S_DOUBLE_LOCK_006","S_DOUBLE_LOCK_006"
"TO_161_RH_(153)_25P","90980-12801","23","EQ_F:ECU-DCC_NO.2_L","EQ_F:ECU-DCC_NO.2_L"
"TO_161_RH_(153)_25P","90980-12801","8","EQ_F:PANEL_L","EQ_F:PANEL_L"
"TO_161_RH_(153)_25P","90980-12801","4","EQ_BODY_ECU_LSWR","EQ_BODY_ECU_LSWR"
"TO_161_RH_(153)_25P","90980-12801","20","S_DOUBLE_LOCK_003","S_DOUBLE_LOCK_003"
"TO_161_RH_(153)_25P","90980-12801","15","S_BODY_ECU_DOOR_002","S_BODY_ECU_DOOR_002"
"TO_161_RH_(153)_25P","90980-12801","11","EQ_F:DOOR_R/R_L","EQ_F:DOOR_R/R_L"
"TO_161_RH_(153)_25P","90980-12801","19","",""
"TO_161_RH_(153)_25P","90980-12801","22","S_BLE_ECU_004","S_BLE_ECU_004"
"TO_161_RH_(153)_25P","90980-12801","9","EQ_HTR_CONT_PNL_SVDI","EQ_HTR_CONT_PNL_SVDI"
"TO_161_RH_(153)_25P","90980-12801","7","S_BLE_ECU_005","S_BLE_ECU_005"
"TO_161_RH_(153)_25P","90980-12801","12","GND_BLE_RECV_D/SEAT_GND","GND_BLE_RECV_D/SEAT_GND"
"TO_161_RH_(153)_25P","90980-12801","25","",""
"TO_161_RH_(153)_25P","90980-12801","14","S_BODY_ECU_DOOR_004","S_BODY_ECU_DOOR_004"
"TO_161_LH_(154)_25P","90980-12802","13","S_BODY_ECU_DOOR_004","S_BODY_ECU_DOOR_004"
"TO_161_LH_(154)_25P","90980-12802","21","S_DOUBLE_LOCK_006","S_DOUBLE_LOCK_006"
"TO_161_LH_(154)_25P","90980-12802","10","EQ_HTR_CONT_PNL_SW_1","EQ_HTR_CONT_PNL_SW_1"
"TO_161_LH_(154)_25P","90980-12802","12","GND_BLE_RECV_D/SEAT_GND","GND_BLE_RECV_D/SEAT_GND"
"TO_161_LH_(154)_25P","90980-12802","14","S_DOUBLE_LOCK_001","S_DOUBLE_LOCK_001"
"TO_161_LH_(154)_25P","90980-12802","19","",""
"TO_161_LH_(154)_25P","90980-12802","1","","MCB4649"
"TO_161_LH_(154)_25P","90980-12802","5","EQ_METER_ILL-","EQ_METER_ILL-"
"TO_161_LH_(154)_25P","90980-12802","25","",""
"TO_161_LH_(154)_25P","90980-12802","7","EQ_F:ECU-IGP_NO.3_L","EQ_F:ECU-IGP_NO.3_L"
"TO_161_LH_(154)_25P","90980-12802","15","S_BODY_ECU_DOOR_002","S_BODY_ECU_DOOR_002"
"TO_161_LH_(154)_25P","90980-12802","6","S_BLE_ECU_003","S_BLE_ECU_003"
"TO_161_LH_(154)_25P","90980-12802","9","EQ_HTR_CONT_PNL_SVPI","EQ_HTR_CONT_PNL_SVPI"
"TO_161_LH_(154)_25P","90980-12802","3","EQ_BODY_ECU_LIN2","EQ_BODY_ECU_LIN2"
"TO_161_LH_(154)_25P","90980-12802","20","S_DOUBLE_LOCK_002","S_DOUBLE_LOCK_002"
"TO_161_LH_(154)_25P","90980-12802","16","S_BODY_ECU_DOOR_037","S_BODY_ECU_DOOR_037"
"TO_161_LH_(154)_25P","90980-12802","24","",""
"TO_161_LH_(154)_25P","90980-12802","8","EQ_F:PANEL_L","EQ_F:PANEL_L"
"TO_161_LH_(154)_25P","90980-12802","23","EQ_F:ECU-DCC_NO.2_L","EQ_F:ECU-DCC_NO.2_L"
"TO_161_LH_(154)_25P","90980-12802","17","S_BLE_ECU_005","S_BLE_ECU_005"
"TO_161_LH_(154)_25P","90980-12802","18","S_BODY_ECU_DOOR_038","S_BODY_ECU_DOOR_038"
"TO_161_LH_(154)_25P","90980-12802","11","EQ_F:DOOR_R/L_L","EQ_F:DOOR_R/L_L"
"TO_161_LH_(154)_25P","90980-12802","2","","SIG4648"
"TO_161_LH_(154)_25P","90980-12802","22","S_BLE_ECU_004","S_BLE_ECU_004"
"TO_161_LH_(154)_25P","90980-12802","4","EQ_BODY_ECU_LSWL","EQ_BODY_ECU_LSWL"
"TO_161_RH_(169)","90980-12326","13","",""
"TO_161_RH_(169)","90980-12326","9","EQ_HV_ECU-HV_RMTG","EQ_HV_ECU-HV_RMTG"
"TO_161_RH_(169)","90980-12326","12","",""
"TO_161_RH_(169)","90980-12326","11","S_MGR_011","S_MGR_011"
"TO_161_RH_(169)","90980-12326","7","SLD_S_MGR_009","SLD_S_MGR_009"
"TO_161_RH_(169)","90980-12326","3","SLD_S_MGR_005","SLD_S_MGR_005"
"TO_161_RH_(169)","90980-12326","10","S_MGR_010","S_MGR_010"
"TO_161_RH_(169)","90980-12326","1","SLD_S_MGR_004","SLD_S_MGR_004"
"TO_161_RH_(169)","90980-12326","2","SLD_DRN_S_MGR_102","SLD_DRN_S_MGR_102"
"TO_161_RH_(169)","90980-12326","8","EQ_HV_ECU-HV_RMT","EQ_HV_ECU-HV_RMT"
"TO_161_RH_(169)","90980-12326","4","SLD_S_MGR_006","SLD_S_MGR_006"
"TO_161_RH_(169)","90980-12326","6","SLD_S_MGR_008","SLD_S_MGR_008"
"TO_161_RH_(169)","90980-12326","5","SLD_S_MGR_007","SLD_S_MGR_007"
"TO_141_LH_LHD_(111_LH_LHD)","","2","CANFD_P_BUS_LO","CANFD_P_BUS_LO"
"TO_141_LH_LHD_(111_LH_LHD)","","1","CANFD_P_BUS_HI","CANFD_P_BUS_HI"
"TO_141_LH_LHD_(111_LH_LHD)","","16","CAN_B_BUS_HI","CAN_B_BUS_HI"
"TO_141_LH_LHD_(111_LH_LHD)","","14","EQ_METER_LL","EQ_METER_LL"
"TO_141_LH_LHD_(111_LH_LHD)","","6","",""
"TO_141_LH_LHD_(111_LH_LHD)","","24","CAN_B_BUS_LO","CAN_B_BUS_LO"
"TO_141_LH_LHD_(111_LH_LHD)","","26","CANFD_DS_LOCAL3_BUS_LO","CANFD_DS_LOCAL3_BUS_LO"
"TO_141_LH_LHD_(111_LH_LHD)","","5","EQ_BODY_ECU_WPS","EQ_BODY_ECU_WPS"
"TO_141_LH_LHD_(111_LH_LHD)","","17","S_H_LP_LVL_SW_002","S_H_LP_LVL_SW_002"
"TO_141_LH_LHD_(111_LH_LHD)","","23","CANFD_DS_BUS_LO","CANFD_DS_BUS_LO"
"TO_141_LH_LHD_(111_LH_LHD)","","3","EQ_BODY_ECU_DIM","EQ_BODY_ECU_DIM"
"TO_141_LH_LHD_(111_LH_LHD)","","10","EQ_F:S/HTR_RR_L","EQ_F:S/HTR_RR_L"
"TO_141_LH_LHD_(111_LH_LHD)","","11","CANFD_DS_BUS_HI","CANFD_DS_BUS_HI"
"TO_141_LH_LHD_(111_LH_LHD)","","25","CANFD_DS_LOCAL3_BUS_HI","CANFD_DS_LOCAL3_BUS_HI"
"TO_141_LH_LHD_(111_LH_LHD)","","20","S_WIPER_013","S_WIPER_013"
"TO_141_LH_LHD_(111_LH_LHD)","","9","EQ_F:H-LP_LH_LED_L/ECU_L","EQ_F:H-LP_LH_LED_L/ECU_L"
"TO_141_LH_LHD_(111_LH_LHD)","","13","EQ_FL:EPS_L","EQ_FL:EPS_L"
"TO_141_LH_LHD_(111_LH_LHD)","","4","EQ_BODY_ECU_HCTY","EQ_BODY_ECU_HCTY"
"TO_141_LH_LHD_(111_LH_LHD)","","19","S_WIPER_012","S_WIPER_012"
"TO_141_LH_LHD_(111_LH_LHD)","","15","EQ_RLY:WIPER_L","EQ_RLY:WIPER_L"
"TO_141_LH_LHD_(111_LH_LHD)","","22","EQ_F:STRG_HTR_L","EQ_F:STRG_HTR_L"
"TO_141_LH_LHD_(111_LH_LHD)","","7","EQ_F:DMC_ECU_L","EQ_F:DMC_ECU_L"
"TO_141_LH_LHD_(111_LH_LHD)","","18","S_WIPER_011","S_WIPER_011"
"TO_141_LH_LHD_(111_LH_LHD)","","12","EQ_F:WASHER_L","EQ_F:WASHER_L"
"TO_183_(161_LH)","90980-12372","22","",""
"TO_183_(161_LH)","90980-12372","11","S_PBD_001","S_PBD_001"
"TO_183_(161_LH)","90980-12372","13","",""
"TO_183_(161_LH)","90980-12372","8","S_BODY_ECU_EX_LP_011","S_BODY_ECU_EX_LP_011"
"TO_183_(161_LH)","90980-12372","2","TW_S_CLEARANCE_SNR_015","TW_S_CLEARANCE_SNR_015"
"TO_183_(161_LH)","90980-12372","9","S_CLEARANCE_SNR_013","S_CLEARANCE_SNR_013"
"TO_183_(161_LH)","90980-12372","3","TW_S_CLEARANCE_SNR_020","TW_S_CLEARANCE_SNR_020"
"TO_183_(161_LH)","90980-12372","21","",""
"TO_183_(161_LH)","90980-12372","5","EQ_F:ECU-B_NO.2_L","EQ_F:ECU-B_NO.2_L"
"TO_183_(161_LH)","90980-12372","15","",""
"TO_183_(161_LH)","90980-12372","12","",""
"TO_183_(161_LH)","90980-12372","10","S_CLEARANCE_SNR_019","S_CLEARANCE_SNR_019"
"TO_183_(161_LH)","90980-12372","14","",""
"TO_183_(161_LH)","90980-12372","7","GND_B/DR_OPNR_SW_E","GND_B/DR_OPNR_SW_E"
"TO_183_(161_LH)","90980-12372","6","GND_100V_OUTLET_CONSOLE-OTHER_E","GND_100V_OUTLET_CONSOLE-OTHER_E"
"TO_183_(161_LH)","90980-12372","18","",""
"TO_183_(161_LH)","90980-12372","4","TW_S_CLEARANCE_SNR_021","TW_S_CLEARANCE_SNR_021"
"TO_183_(161_LH)","90980-12372","17","",""
"TO_183_(161_LH)","90980-12372","16","",""
"TO_183_(161_LH)","90980-12372","1","TW_S_CLEARANCE_SNR_014","TW_S_CLEARANCE_SNR_014"
"TO_183_(161_LH)","90980-12372","19","",""
"TO_183_(161_LH)","90980-12372","20","",""
"TO_143_(111_LH)","KANGO-10956","1","EQ_RLY:PTC_HTR#1_L","EQ_RLY:PTC_HTR#1_L"
"TO_143_(111_LH)","KANGO-10956","3","EQ_RLY:PTC_HTR#3_L","EQ_RLY:PTC_HTR#3_L"
"TO_143_(111_LH)","KANGO-10956","2","EQ_RLY:PTC_HTR#2_L","EQ_RLY:PTC_HTR#2_L"
"TO_141_RH_LHD_(111_RH_LHD)","","44","EQ_F:SBW_IGCT-PHV_L","EQ_F:SBW_IGCT-PHV_L"
"TO_141_RH_LHD_(111_RH_LHD)","","39","",""
"TO_141_RH_LHD_(111_RH_LHD)","","77","S_SMART_ENTRY-15CY_027","S_SMART_ENTRY-15CY_027"
"TO_141_RH_LHD_(111_RH_LHD)","","10","EQ_F:P-CON_MTR_NO.1_L","EQ_F:P-CON_MTR_NO.1_L"
"TO_141_RH_LHD_(111_RH_LHD)","","7","CANFD_PL_BUS_HI","CANFD_PL_BUS_HI"
"TO_141_RH_LHD_(111_RH_LHD)","","75","S_SBW_025","S_SBW_025"
"TO_141_RH_LHD_(111_RH_LHD)","","1","CAN_BTL_BUS_HI","CAN_BTL_BUS_HI"
"TO_141_RH_LHD_(111_RH_LHD)","","14","CANFD_ADS_C1_BUS_HI","CANFD_ADS_C1_BUS_HI"
"TO_141_RH_LHD_(111_RH_LHD)","","5","EQ_OUTS_TEMP_SSR_-","EQ_OUTS_TEMP_SSR_-"
"TO_141_RH_LHD_(111_RH_LHD)","","59","S_21CY_TOYOTA_T2-T1_095","S_21CY_TOYOTA_T2-T1_095"
"TO_141_RH_LHD_(111_RH_LHD)","","76","S_SBW_026","S_SBW_026"
"TO_141_RH_LHD_(111_RH_LHD)","","30","","MCB1203"
"TO_141_RH_LHD_(111_RH_LHD)","","32","",""
"TO_141_RH_LHD_(111_RH_LHD)","","2","CAN_BTL_BUS_HI","CAN_BTL_BUS_HI"
"TO_141_RH_LHD_(111_RH_LHD)","","9","EQ_F:SBW_IGCT-HV_L","EQ_F:SBW_IGCT-HV_L"
"TO_141_RH_LHD_(111_RH_LHD)","","45","EQ_METER_LR","EQ_METER_LR"
"TO_141_RH_LHD_(111_RH_LHD)","","31","","MCB1207"
"TO_141_RH_LHD_(111_RH_LHD)","","71","S_METER_026","S_METER_026"
"TO_141_RH_LHD_(111_RH_LHD)","","53","EQ_RLY:PTC_HTR#3_-S","EQ_RLY:PTC_HTR#3_-S"
"TO_141_RH_LHD_(111_RH_LHD)","","17","CAN_SBW_BUS_HI","CAN_SBW_BUS_HI"
"TO_141_RH_LHD_(111_RH_LHD)","","70","S_METER_025","S_METER_025"
"TO_141_RH_LHD_(111_RH_LHD)","","20","CANFD_ADS_C1_BUS_LO","CANFD_ADS_C1_BUS_LO"
"TO_141_RH_LHD_(111_RH_LHD)","","12","CAN_BTL_BUS_LO","CAN_BTL_BUS_LO"
"TO_141_RH_LHD_(111_RH_LHD)","","68","S_FSMC_003","S_FSMC_003"
"TO_141_RH_LHD_(111_RH_LHD)","","27","TW_S_ACON-HP_008","TW_S_ACON-HP_008"
"TO_141_RH_LHD_(111_RH_LHD)","","13","CANFD_ADS_C1_BUS_HI","CANFD_ADS_C1_BUS_HI"
"TO_141_RH_LHD_(111_RH_LHD)","","24","EQ_A/BAG_SSR_F/R_PLUSSR","EQ_A/BAG_SSR_F/R_PLUSSR"
"TO_141_RH_LHD_(111_RH_LHD)","","72","S_SBW_003","S_SBW_003"
"TO_141_RH_LHD_(111_RH_LHD)","","16","CAN_C2_BUS_LO","CAN_C2_BUS_LO"
"TO_141_RH_LHD_(111_RH_LHD)","","49","EQ_RLY:FR_DEICER_-S","EQ_RLY:FR_DEICER_-S"
"TO_141_RH_LHD_(111_RH_LHD)","","64","S_AHB_G_ECU#2_031","S_AHB_G_ECU#2_031"
"TO_141_RH_LHD_(111_RH_LHD)","","52","EQ_RLY:PTC_HTR#2_-S","EQ_RLY:PTC_HTR#2_-S"
"TO_141_RH_LHD_(111_RH_LHD)","","51","EQ_RLY:PTC_HTR#1_-S","EQ_RLY:PTC_HTR#1_-S"
"TO_141_RH_LHD_(111_RH_LHD)","","22","",""
"TO_141_RH_LHD_(111_RH_LHD)","","65","S_AHB_G_ECU#2_032","S_AHB_G_ECU#2_032"
"TO_141_RH_LHD_(111_RH_LHD)","","33","","MCB1205"
"TO_141_RH_LHD_(111_RH_LHD)","","58","EQ_STOP_LP_SW_L_CC","EQ_STOP_LP_SW_L_CC"
"TO_141_RH_LHD_(111_RH_LHD)","","15","CAN_C2_BUS_HI","CAN_C2_BUS_HI"
"TO_141_RH_LHD_(111_RH_LHD)","","19","",""
"TO_141_RH_LHD_(111_RH_LHD)","","41","EQ_F:PM_IGCT-HV_L","EQ_F:PM_IGCT-HV_L"
"TO_141_RH_LHD_(111_RH_LHD)","","21","CANFD_ADS_C1_BUS_LO","CANFD_ADS_C1_BUS_LO"
"TO_141_RH_LHD_(111_RH_LHD)","","74","S_SBW_004","S_SBW_004"
"TO_141_RH_LHD_(111_RH_LHD)","","18","CAN_SBW_BUS_LO","CAN_SBW_BUS_LO"
"TO_141_RH_LHD_(111_RH_LHD)","","34","","MCB1204"
"TO_141_RH_LHD_(111_RH_LHD)","","57","EQ_SBW_ACTR_ECU-PHV_MA2","EQ_SBW_ACTR_ECU-PHV_MA2"
"TO_141_RH_LHD_(111_RH_LHD)","","37","EQ_F:ECU-IGP_NO.1_L","EQ_F:ECU-IGP_NO.1_L"
"TO_141_RH_LHD_(111_RH_LHD)","","46","EQ_METER_OILW","EQ_METER_OILW"
"TO_141_RH_LHD_(111_RH_LHD)","","38","",""
"TO_141_RH_LHD_(111_RH_LHD)","","55","EQ_SBW_ACTR_ECU-HV_MA2","EQ_SBW_ACTR_ECU-HV_MA2"
"TO_141_RH_LHD_(111_RH_LHD)","","35","EQ_RLY:IG_B-HP_L","EQ_RLY:IG_B-HP_L"
"TO_141_RH_LHD_(111_RH_LHD)","","25","EQ_A/BAG_SSR_F/L_-SL","EQ_A/BAG_SSR_F/L_-SL"
"TO_141_RH_LHD_(111_RH_LHD)","","4","EQ_F:PM_IGCT-PHV_L","EQ_F:PM_IGCT-PHV_L"
"TO_141_RH_LHD_(111_RH_LHD)","","54","EQ_SBW_ACTR_ECU-HV_BUB1","EQ_SBW_ACTR_ECU-HV_BUB1"
"TO_141_RH_LHD_(111_RH_LHD)","","26","EQ_A/BAG_SSR_F/L_PLUSSL","EQ_A/BAG_SSR_F/L_PLUSSL"
"TO_141_RH_LHD_(111_RH_LHD)","","63","S_AHB_G_ECU#2_030","S_AHB_G_ECU#2_030"
"TO_141_RH_LHD_(111_RH_LHD)","","56","EQ_SBW_ACTR_ECU-PHV_BUB1","EQ_SBW_ACTR_ECU-PHV_BUB1"
"TO_141_RH_LHD_(111_RH_LHD)","","3","EQ_F:ECU-IGR_NO.3_L","EQ_F:ECU-IGR_NO.3_L"
"TO_141_RH_LHD_(111_RH_LHD)","","11","CAN_BTL_BUS_LO","CAN_BTL_BUS_LO"
"TO_141_RH_LHD_(111_RH_LHD)","","61","S_AHB_G_ECU#2_001","S_AHB_G_ECU#2_001"
"TO_141_RH_LHD_(111_RH_LHD)","","29","EQ_AHB_G_ECU#2_CSW","EQ_AHB_G_ECU#2_CSW"
"TO_141_RH_LHD_(111_RH_LHD)","","23","EQ_A/BAG_SSR_F/R_-SR","EQ_A/BAG_SSR_F/R_-SR"
"TO_141_RH_LHD_(111_RH_LHD)","","78","S_WIPER_009","S_WIPER_009"
"TO_141_RH_LHD_(111_RH_LHD)","","79","S_WIPER_010","S_WIPER_010"
"TO_141_RH_LHD_(111_RH_LHD)","","47","EQ_MF:AMP_L","EQ_MF:AMP_L"
"TO_141_RH_LHD_(111_RH_LHD)","","62","S_AHB_G_ECU#2_029","S_AHB_G_ECU#2_029"
"TO_141_RH_LHD_(111_RH_LHD)","","8","CANFD_PL_BUS_LO","CANFD_PL_BUS_LO"
"TO_141_RH_LHD_(111_RH_LHD)","","28","TW_S_ACON-HP_009","TW_S_ACON-HP_009"
"TO_141_RH_LHD_(111_RH_LHD)","","6","S_ACON-HP_025","S_ACON-HP_025"
"TO_141_RH_LHD_(111_RH_LHD)","","36","EQ_F:2ND_BATT_L","EQ_F:2ND_BATT_L"
"TO_141_RH_LHD_(111_RH_LHD)","","40","",""
"TO_111_LH_(113)","KANGO-12326","3","TW_S_CLEARANCE_SNR_017","TW_S_CLEARANCE_SNR_017"
"TO_111_LH_(113)","KANGO-12326","4","TW_S_CLEARANCE_SNR_018","TW_S_CLEARANCE_SNR_018"
"TO_111_LH_(113)","KANGO-12326","11","",""
"TO_111_LH_(113)","KANGO-12326","5","TW_S_REMOTE_ANT_001","TW_S_REMOTE_ANT_001"
"TO_111_LH_(113)","KANGO-12326","10","",""
"TO_111_LH_(113)","KANGO-12326","2","TW_S_CLEARANCE_SNR_003","TW_S_CLEARANCE_SNR_003"
"TO_111_LH_(113)","KANGO-12326","8","S_CLEARANCE_SNR_016","S_CLEARANCE_SNR_016"
"TO_111_LH_(113)","KANGO-12326","12","",""
"TO_111_LH_(113)","KANGO-12326","13","",""
"TO_111_LH_(113)","KANGO-12326","9","",""
"TO_111_LH_(113)","KANGO-12326","1","TW_S_CLEARANCE_SNR_002","TW_S_CLEARANCE_SNR_002"
"TO_111_LH_(113)","KANGO-12326","7","S_CLEARANCE_SNR_001","S_CLEARANCE_SNR_001"
"TO_111_LH_(113)","KANGO-12326","6","TW_S_REMOTE_ANT_002","TW_S_REMOTE_ANT_002"
"TO_219_(121_TNGA)","KANGO-12326","5","TW_S_EFI_ECU-TNGA2.0_083","TW_S_EFI_ECU-TNGA2.0_083"
"TO_219_(121_TNGA)","KANGO-12326","4","TW_S_EFI_ECU-TNGA2.0_082","TW_S_EFI_ECU-TNGA2.0_082"
"TO_219_(121_TNGA)","KANGO-12326","7","S_EFI_ECU-TNGA2.0_106","S_EFI_ECU-TNGA2.0_106"
"TO_219_(121_TNGA)","KANGO-12326","6","S_EFI_ECU-TNGA2.0_081","S_EFI_ECU-TNGA2.0_081"
"TO_219_(121_TNGA)","KANGO-12326","12","",""
"TO_219_(121_TNGA)","KANGO-12326","8","S_EFI_ECU-TNGA2.0_107","S_EFI_ECU-TNGA2.0_107"
"TO_219_(121_TNGA)","KANGO-12326","2","GND_SLD_DRN_S_EFI_ECU-TNGA2.0_203","GND_SLD_DRN_S_EFI_ECU-TNGA2.0_203"
"TO_219_(121_TNGA)","KANGO-12326","9","S_EFI_ECU-TNGA2.0_108","S_EFI_ECU-TNGA2.0_108"
"TO_219_(121_TNGA)","KANGO-12326","1","SLD_S_EFI_ECU-TNGA2.0_040","SLD_S_EFI_ECU-TNGA2.0_040"
"TO_219_(121_TNGA)","KANGO-12326","3","SLD_S_EFI_ECU-TNGA2.0_041","SLD_S_EFI_ECU-TNGA2.0_041"
"TO_219_(121_TNGA)","KANGO-12326","11","",""
"TO_219_(121_TNGA)","KANGO-12326","10","",""
"TO_219_(121_TNGA)","KANGO-12326","13","",""
"TO_141_RH_(161_RH)","","57","CANFD_DS_LOCAL1_BUS_LO","CANFD_DS_LOCAL1_BUS_LO"
"TO_141_RH_(161_RH)","","21","","EQ_BODY_ECU_LSWR"
"TO_141_RH_(161_RH)","","58","","EMB_S_PVM_APP-21CY_034"
"TO_141_RH_(161_RH)","","47","","S_FR_SEAT_HTR_011"
"TO_141_RH_(161_RH)","","34","","EQ_HV_ECU-HV_ILK"
"TO_141_RH_(161_RH)","","53","","S_DOUBLE_LOCK_003"
"TO_141_RH_(161_RH)","","39","","EQ_PHV_BAT_SYS_SMRB"
"TO_141_RH_(161_RH)","","56","S_FR_SEAT_HTR_003","S_FR_SEAT_HTR_003"
"TO_141_RH_(161_RH)","","45","","EQ_WIRELESS_CHARGE_ECU_DIS"
"TO_141_RH_(161_RH)","","52","","MCB6534"
"TO_141_RH_(161_RH)","","18","","TW_S_SOLAR_ECU_006"
"TO_141_RH_(161_RH)","","74","S_CLEARANCE_SNR_044","S_CLEARANCE_SNR_044"
"TO_141_RH_(161_RH)","","37","","EQ_HV_ECU-PHV_WCEN"
"TO_141_RH_(161_RH)","","23","",""
"TO_141_RH_(161_RH)","","30","","EQ_HTR_CONT_PNL_SVDI"
"TO_141_RH_(161_RH)","","27","","EQ_F:SBW_IGCT-PHV_L"
"TO_141_RH_(161_RH)","","50","","S_BODY_ECU_DOOR_035"
"TO_141_RH_(161_RH)","","2","","EMB_S_PVM_APP-21CY_036"
"TO_141_RH_(161_RH)","","22","",""
"TO_141_RH_(161_RH)","","19","","TW_S_SOLAR_ECU_007"
"TO_141_RH_(161_RH)","","46","","S_FR_SEAT_HTR_010"
"TO_141_RH_(161_RH)","","7","","CANFD_P_BUS_HI"
"TO_141_RH_(161_RH)","","6","","CANFD_P_BUS_LO"
"TO_141_RH_(161_RH)","","13","","CANFD_DS_BUS_LO"
"TO_141_RH_(161_RH)","","12","","CANFD_DS_BUS_HI"
"TO_141_RH_(161_RH)","","32","","EQ_HV_BAT_JB_SMRB"
"TO_141_RH_(161_RH)","","43","","EQ_RLY:SEAT_HTR_F/R_HI_L"
"TO_141_RH_(161_RH)","","55","S_FR_SEAT_HTR_002","S_FR_SEAT_HTR_002"
"TO_141_RH_(161_RH)","","4","","SLD_DRN_S_SPVM-21CY_104"
"TO_141_RH_(161_RH)","","11","","CAN_BTL_BUS_LO"
"TO_141_RH_(161_RH)","","51","","S_BODY_ECU_DOOR_036"
"TO_141_RH_(161_RH)","","9","","CANFD_P_BUS_LO"
"TO_141_RH_(161_RH)","","70","S_QUICK_SVS_FR_002","S_QUICK_SVS_FR_002"
"TO_141_RH_(161_RH)","","33","","EQ_HV_BAT_JB_SMRG"
"TO_141_RH_(161_RH)","","61","S_METER_010","S_METER_010"
"TO_141_RH_(161_RH)","","38","","MCB6533"
"TO_141_RH_(161_RH)","","42","","EQ_RLY:S/HTR_RR_L"
"TO_141_RH_(161_RH)","","60","",""
"TO_141_RH_(161_RH)","","59","","EQ_F:PWC(TBD)_L"
"TO_141_RH_(161_RH)","","25","","CANFD_DS_BUS_LO"
"TO_141_RH_(161_RH)","","36","","EQ_HV_ECU-HV_RMTG"
"TO_141_RH_(161_RH)","","1","","EMB_S_PVM_APP-21CY_035"
"TO_141_RH_(161_RH)","","15","","CANFD_DS_LOCAL1_BUS_HI"
"TO_141_RH_(161_RH)","","5","","SLD_S_SPVM-21CY_021"
"TO_141_RH_(161_RH)","","63","S_PHV_BATTERY_PACK_003","S_PHV_BATTERY_PACK_003"
"TO_141_RH_(161_RH)","","75","S_CLEARANCE_SNR_045","S_CLEARANCE_SNR_045"
"TO_141_RH_(161_RH)","","28","","EMB_S_PVM_APP-21CY_033"
"TO_141_RH_(161_RH)","","48","","S_FR_SEAT_HTR_012"
"TO_141_RH_(161_RH)","","17","","TW_S_SOLAR_ECU_005"
"TO_141_RH_(161_RH)","","10","","CAN_BTL_BUS_HI"
"TO_141_RH_(161_RH)","","40","","EQ_PHV_BAT_SYS_SMRG"
"TO_141_RH_(161_RH)","","44","","EQ_RLY:SEAT_HTR_F/R_LO_L"
"TO_141_RH_(161_RH)","","8","","CANFD_P_BUS_HI"
"TO_141_RH_(161_RH)","","73","S_CLEARANCE_SNR_043","S_CLEARANCE_SNR_043"
"TO_141_RH_(161_RH)","","62","S_METER_027","S_METER_027"
"TO_141_RH_(161_RH)","","35","","EQ_HV_ECU-HV_RMT"
"TO_141_RH_(161_RH)","","54","S_FR_SEAT_HTR_001","S_FR_SEAT_HTR_001"
"TO_141_RH_(161_RH)","","26","","CANFD_DS_BUS_HI"
"TO_141_RH_(161_RH)","","31","","EQ_HTR_CONT_PNL_SW_2"
"TO_141_RH_(161_RH)","","49","","S_QUICK_SVS_FR_006"
"TO_141_RH_(161_RH)","","77","S_HV_ECU-PHV_037","S_HV_ECU-PHV_037"
"TO_141_RH_(161_RH)","","3","","SLD_S_SPVM-21CY_020"
"TO_141_RH_(161_RH)","","41","","EQ_PVM_SW_D"
"TO_141_RH_(161_RH)","","29","","EMB_DRN_S_PVM_APP-21CY_104"
"TO_141_RH_(161_RH)","","16","","TW_S_SOLAR_ECU_004"
"TO_141_RH_(161_RH)","","20","","MCB4674"
"TO_141_RH_(161_RH)","","24","","EQ_F:ECU-DCC_NO.2_L"
"TO_141_RH_(161_RH)","","14","","EQ_F:S/HTR_F/R_L"
"TO_141_RH_(161_RH)","","76","EQ_F:PM_IGCT-PHV_L","EQ_F:PM_IGCT-PHV_L"
"TO_161_RH_(141_RH)","","75","S_CLEARANCE_SNR_045","S_CLEARANCE_SNR_045"
"TO_161_RH_(141_RH)","","58","","EMB_S_PVM_APP-21CY_034"
"TO_161_RH_(141_RH)","","61","S_METER_010","S_METER_010"
"TO_161_RH_(141_RH)","","20","","MCB4674"
"TO_161_RH_(141_RH)","","39","","EQ_PHV_BAT_SYS_SMRB"
"TO_161_RH_(141_RH)","","17","","TW_S_SOLAR_ECU_005"
"TO_161_RH_(141_RH)","","77","S_HV_ECU-PHV_037","S_HV_ECU-PHV_037"
"TO_161_RH_(141_RH)","","5","","SLD_S_SPVM-21CY_021"
"TO_161_RH_(141_RH)","","7","","CANFD_P_BUS_HI"
"TO_161_RH_(141_RH)","","21","","EQ_BODY_ECU_LSWR"
"TO_161_RH_(141_RH)","","19","","TW_S_SOLAR_ECU_007"
"TO_161_RH_(141_RH)","","33","","EQ_HV_BAT_JB_SMRG"
"TO_161_RH_(141_RH)","","18","","TW_S_SOLAR_ECU_006"
"TO_161_RH_(141_RH)","","23","",""
"TO_161_RH_(141_RH)","","2","","EMB_S_PVM_APP-21CY_036"
"TO_161_RH_(141_RH)","","37","","EQ_HV_ECU-PHV_WCEN"
"TO_161_RH_(141_RH)","","44","","EQ_RLY:SEAT_HTR_F/R_LO_L"
"TO_161_RH_(141_RH)","","1","","EMB_S_PVM_APP-21CY_035"
"TO_161_RH_(141_RH)","","63","S_PHV_BATTERY_PACK_003","S_PHV_BATTERY_PACK_003"
"TO_161_RH_(141_RH)","","36","","EQ_HV_ECU-HV_RMTG"
"TO_161_RH_(141_RH)","","15","","CANFD_DS_LOCAL1_BUS_HI"
"TO_161_RH_(141_RH)","","16","","TW_S_SOLAR_ECU_004"
"TO_161_RH_(141_RH)","","10","","CAN_BTL_BUS_HI"
"TO_161_RH_(141_RH)","","48","","S_FR_SEAT_HTR_012"
"TO_161_RH_(141_RH)","","53","","S_DOUBLE_LOCK_003"
"TO_161_RH_(141_RH)","","11","","CAN_BTL_BUS_LO"
"TO_161_RH_(141_RH)","","43","","EQ_RLY:SEAT_HTR_F/R_HI_L"
"TO_161_RH_(141_RH)","","76","EQ_F:PM_IGCT-PHV_L","EQ_F:PM_IGCT-PHV_L"
"TO_161_RH_(141_RH)","","56","S_FR_SEAT_HTR_003","S_FR_SEAT_HTR_003"
"TO_161_RH_(141_RH)","","8","","CANFD_P_BUS_HI"
"TO_161_RH_(141_RH)","","27","","EQ_F:SBW_IGCT-PHV_L"
"TO_161_RH_(141_RH)","","54","S_FR_SEAT_HTR_001","S_FR_SEAT_HTR_001"
"TO_161_RH_(141_RH)","","31","","EQ_HTR_CONT_PNL_SW_2"
"TO_161_RH_(141_RH)","","62","S_METER_027","S_METER_027"
"TO_161_RH_(141_RH)","","34","","EQ_HV_ECU-HV_ILK"
"TO_161_RH_(141_RH)","","47","","S_FR_SEAT_HTR_011"
"TO_161_RH_(141_RH)","","24","","EQ_F:ECU-DCC_NO.2_L"
"TO_161_RH_(141_RH)","","70","S_QUICK_SVS_FR_002","S_QUICK_SVS_FR_002"
"TO_161_RH_(141_RH)","","28","","EMB_S_PVM_APP-21CY_033"
"TO_161_RH_(141_RH)","","38","","MCB6533"
"TO_161_RH_(141_RH)","","74","S_CLEARANCE_SNR_044","S_CLEARANCE_SNR_044"
"TO_161_RH_(141_RH)","","49","","S_QUICK_SVS_FR_006"
"TO_161_RH_(141_RH)","","55","S_FR_SEAT_HTR_002","S_FR_SEAT_HTR_002"
"TO_161_RH_(141_RH)","","22","",""
"TO_161_RH_(141_RH)","","52","","MCB6534"
"TO_161_RH_(141_RH)","","13","","CANFD_DS_BUS_LO"
"TO_161_RH_(141_RH)","","40","","EQ_PHV_BAT_SYS_SMRG"
"TO_161_RH_(141_RH)","","6","","CANFD_P_BUS_LO"
"TO_161_RH_(141_RH)","","3","","SLD_S_SPVM-21CY_020"
"TO_161_RH_(141_RH)","","73","S_CLEARANCE_SNR_043","S_CLEARANCE_SNR_043"
"TO_161_RH_(141_RH)","","4","","SLD_DRN_S_SPVM-21CY_104"
"TO_161_RH_(141_RH)","","59","","EQ_F:PWC(TBD)_L"
"TO_161_RH_(141_RH)","","46","","S_FR_SEAT_HTR_010"
"TO_161_RH_(141_RH)","","26","","CANFD_DS_BUS_HI"
"TO_161_RH_(141_RH)","","30","","EQ_HTR_CONT_PNL_SVDI"
"TO_161_RH_(141_RH)","","57","CANFD_DS_LOCAL1_BUS_LO","CANFD_DS_LOCAL1_BUS_LO"
"TO_161_RH_(141_RH)","","29","","EMB_DRN_S_PVM_APP-21CY_104"
"TO_161_RH_(141_RH)","","25","","CANFD_DS_BUS_LO"
"TO_161_RH_(141_RH)","","50","","S_BODY_ECU_DOOR_035"
"TO_161_RH_(141_RH)","","41","","EQ_PVM_SW_D"
"TO_161_RH_(141_RH)","","60","",""
"TO_161_RH_(141_RH)","","9","","CANFD_P_BUS_LO"
"TO_161_RH_(141_RH)","","32","","EQ_HV_BAT_JB_SMRB"
"TO_161_RH_(141_RH)","","12","","CANFD_DS_BUS_HI"
"TO_161_RH_(141_RH)","","51","","S_BODY_ECU_DOOR_036"
"TO_161_RH_(141_RH)","","45","","EQ_WIRELESS_CHARGE_ECU_DIS"
"TO_161_RH_(141_RH)","","35","","EQ_HV_ECU-HV_RMT"
"TO_161_RH_(141_RH)","","14","","EQ_F:S/HTR_F/R_L"
"TO_161_RH_(141_RH)","","42","","EQ_RLY:S/HTR_RR_L"
"TO_111_LH_(143)","90980-10956","2","EQ_RLY:PTC_HTR#2_L","EQ_RLY:PTC_HTR#2_L"
"TO_111_LH_(143)","90980-10956","3","EQ_RLY:PTC_HTR#3_L","EQ_RLY:PTC_HTR#3_L"
"TO_111_LH_(143)","90980-10956","1","EQ_RLY:PTC_HTR#1_L","EQ_RLY:PTC_HTR#1_L"
"TO_111_LH_LHD_(141_LH_LHD)","","4","EQ_BODY_ECU_HCTY","EQ_BODY_ECU_HCTY"
"TO_111_LH_LHD_(141_LH_LHD)","","24","CAN_B_BUS_LO","CAN_B_BUS_LO"
"TO_111_LH_LHD_(141_LH_LHD)","","15","EQ_RLY:WIPER_L","EQ_RLY:WIPER_L"
"TO_111_LH_LHD_(141_LH_LHD)","","20","S_WIPER_013","S_WIPER_013"
"TO_111_LH_LHD_(141_LH_LHD)","","25","CANFD_DS_LOCAL3_BUS_HI","CANFD_DS_LOCAL3_BUS_HI"
"TO_111_LH_LHD_(141_LH_LHD)","","13","EQ_FL:EPS_L","EQ_FL:EPS_L"
"TO_111_LH_LHD_(141_LH_LHD)","","7","EQ_F:DMC_ECU_L","EQ_F:DMC_ECU_L"
"TO_111_LH_LHD_(141_LH_LHD)","","6","",""
"TO_111_LH_LHD_(141_LH_LHD)","","3","EQ_BODY_ECU_DIM","EQ_BODY_ECU_DIM"
"TO_111_LH_LHD_(141_LH_LHD)","","9","EQ_F:H-LP_LH_LED_L/ECU_L","EQ_F:H-LP_LH_LED_L/ECU_L"
"TO_111_LH_LHD_(141_LH_LHD)","","2","CANFD_P_BUS_LO","CANFD_P_BUS_LO"
"TO_111_LH_LHD_(141_LH_LHD)","","18","S_WIPER_011","S_WIPER_011"
"TO_111_LH_LHD_(141_LH_LHD)","","16","CAN_B_BUS_HI","CAN_B_BUS_HI"
"TO_111_LH_LHD_(141_LH_LHD)","","10","EQ_F:S/HTR_RR_L","EQ_F:S/HTR_RR_L"
"TO_111_LH_LHD_(141_LH_LHD)","","22","EQ_F:STRG_HTR_L","EQ_F:STRG_HTR_L"
"TO_111_LH_LHD_(141_LH_LHD)","","12","EQ_F:WASHER_L","EQ_F:WASHER_L"
"TO_111_LH_LHD_(141_LH_LHD)","","14","EQ_METER_LL","EQ_METER_LL"
"TO_111_LH_LHD_(141_LH_LHD)","","26","CANFD_DS_LOCAL3_BUS_LO","CANFD_DS_LOCAL3_BUS_LO"
"TO_111_LH_LHD_(141_LH_LHD)","","23","CANFD_DS_BUS_LO","CANFD_DS_BUS_LO"
"TO_111_LH_LHD_(141_LH_LHD)","","19","S_WIPER_012","S_WIPER_012"
"TO_111_LH_LHD_(141_LH_LHD)","","5","EQ_BODY_ECU_WPS","EQ_BODY_ECU_WPS"
"TO_111_LH_LHD_(141_LH_LHD)","","1","CANFD_P_BUS_HI","CANFD_P_BUS_HI"
"TO_111_LH_LHD_(141_LH_LHD)","","17","S_H_LP_LVL_SW_002","S_H_LP_LVL_SW_002"
"TO_111_LH_LHD_(141_LH_LHD)","","11","CANFD_DS_BUS_HI","CANFD_DS_BUS_HI"
"TO_111_RH_LHD_(141_RH_LHD)","","71","S_METER_026","S_METER_026"
"TO_111_RH_LHD_(141_RH_LHD)","","21","CANFD_ADS_C1_BUS_LO","CANFD_ADS_C1_BUS_LO"
"TO_111_RH_LHD_(141_RH_LHD)","","64","S_AHB_G_ECU#2_031","S_AHB_G_ECU#2_031"
"TO_111_RH_LHD_(141_RH_LHD)","","3","EQ_F:ECU-IGR_NO.3_L","EQ_F:ECU-IGR_NO.3_L"
"TO_111_RH_LHD_(141_RH_LHD)","","12","CAN_BTL_BUS_LO","CAN_BTL_BUS_LO"
"TO_111_RH_LHD_(141_RH_LHD)","","8","CANFD_PL_BUS_LO","CANFD_PL_BUS_LO"
"TO_111_RH_LHD_(141_RH_LHD)","","33","","MCB1205"
"TO_111_RH_LHD_(141_RH_LHD)","","27","TW_S_ACON-HP_008","TW_S_ACON-HP_008"
"TO_111_RH_LHD_(141_RH_LHD)","","31","","MCB1207"
"TO_111_RH_LHD_(141_RH_LHD)","","36","EQ_F:2ND_BATT_L","EQ_F:2ND_BATT_L"
"TO_111_RH_LHD_(141_RH_LHD)","","19","",""
"TO_111_RH_LHD_(141_RH_LHD)","","61","S_AHB_G_ECU#2_001","S_AHB_G_ECU#2_001"
"TO_111_RH_LHD_(141_RH_LHD)","","39","",""
"TO_111_RH_LHD_(141_RH_LHD)","","16","CAN_C2_BUS_LO","CAN_C2_BUS_LO"
"TO_111_RH_LHD_(141_RH_LHD)","","1","CAN_BTL_BUS_HI","CAN_BTL_BUS_HI"
"TO_111_RH_LHD_(141_RH_LHD)","","25","EQ_A/BAG_SSR_F/L_-SL","EQ_A/BAG_SSR_F/L_-SL"
"TO_111_RH_LHD_(141_RH_LHD)","","10","EQ_F:P-CON_MTR_NO.1_L","EQ_F:P-CON_MTR_NO.1_L"
"TO_111_RH_LHD_(141_RH_LHD)","","58","EQ_STOP_LP_SW_L_CC","EQ_STOP_LP_SW_L_CC"
"TO_111_RH_LHD_(141_RH_LHD)","","11","CAN_BTL_BUS_LO","CAN_BTL_BUS_LO"
"TO_111_RH_LHD_(141_RH_LHD)","","2","CAN_BTL_BUS_HI","CAN_BTL_BUS_HI"
"TO_111_RH_LHD_(141_RH_LHD)","","53","EQ_RLY:PTC_HTR#3_-S","EQ_RLY:PTC_HTR#3_-S"
"TO_111_RH_LHD_(141_RH_LHD)","","26","EQ_A/BAG_SSR_F/L_PLUSSL","EQ_A/BAG_SSR_F/L_PLUSSL"
"TO_111_RH_LHD_(141_RH_LHD)","","77","S_SMART_ENTRY-15CY_027","S_SMART_ENTRY-15CY_027"
"TO_111_RH_LHD_(141_RH_LHD)","","13","CANFD_ADS_C1_BUS_HI","CANFD_ADS_C1_BUS_HI"
"TO_111_RH_LHD_(141_RH_LHD)","","70","S_METER_025","S_METER_025"
"TO_111_RH_LHD_(141_RH_LHD)","","14","CANFD_ADS_C1_BUS_HI","CANFD_ADS_C1_BUS_HI"
"TO_111_RH_LHD_(141_RH_LHD)","","30","","MCB1203"
"TO_111_RH_LHD_(141_RH_LHD)","","68","S_FSMC_003","S_FSMC_003"
"TO_111_RH_LHD_(141_RH_LHD)","","46","EQ_METER_OILW","EQ_METER_OILW"
"TO_111_RH_LHD_(141_RH_LHD)","","4","EQ_F:PM_IGCT-PHV_L","EQ_F:PM_IGCT-PHV_L"
"TO_111_RH_LHD_(141_RH_LHD)","","72","S_SBW_003","S_SBW_003"
"TO_111_RH_LHD_(141_RH_LHD)","","75","S_SBW_025","S_SBW_025"
"TO_111_RH_LHD_(141_RH_LHD)","","6","S_ACON-HP_025","S_ACON-HP_025"
"TO_111_RH_LHD_(141_RH_LHD)","","29","EQ_AHB_G_ECU#2_CSW","EQ_AHB_G_ECU#2_CSW"
"TO_111_RH_LHD_(141_RH_LHD)","","76","S_SBW_026","S_SBW_026"
"TO_111_RH_LHD_(141_RH_LHD)","","65","S_AHB_G_ECU#2_032","S_AHB_G_ECU#2_032"
"TO_111_RH_LHD_(141_RH_LHD)","","59","S_21CY_TOYOTA_T2-T1_095","S_21CY_TOYOTA_T2-T1_095"
"TO_111_RH_LHD_(141_RH_LHD)","","74","S_SBW_004","S_SBW_004"
"TO_111_RH_LHD_(141_RH_LHD)","","15","CAN_C2_BUS_HI","CAN_C2_BUS_HI"
"TO_111_RH_LHD_(141_RH_LHD)","","57","EQ_SBW_ACTR_ECU-PHV_MA2","EQ_SBW_ACTR_ECU-PHV_MA2"
"TO_111_RH_LHD_(141_RH_LHD)","","44","EQ_F:SBW_IGCT-PHV_L","EQ_F:SBW_IGCT-PHV_L"
"TO_111_RH_LHD_(141_RH_LHD)","","28","TW_S_ACON-HP_009","TW_S_ACON-HP_009"
"TO_111_RH_LHD_(141_RH_LHD)","","56","EQ_SBW_ACTR_ECU-PHV_BUB1","EQ_SBW_ACTR_ECU-PHV_BUB1"
"TO_111_RH_LHD_(141_RH_LHD)","","9","EQ_F:SBW_IGCT-HV_L","EQ_F:SBW_IGCT-HV_L"
"TO_111_RH_LHD_(141_RH_LHD)","","17","CAN_SBW_BUS_HI","CAN_SBW_BUS_HI"
"TO_111_RH_LHD_(141_RH_LHD)","","37","EQ_F:ECU-IGP_NO.1_L","EQ_F:ECU-IGP_NO.1_L"
"TO_111_RH_LHD_(141_RH_LHD)","","23","EQ_A/BAG_SSR_F/R_-SR","EQ_A/BAG_SSR_F/R_-SR"
"TO_111_RH_LHD_(141_RH_LHD)","","35","EQ_RLY:IG_B-HP_L","EQ_RLY:IG_B-HP_L"
"TO_111_RH_LHD_(141_RH_LHD)","","32","",""
"TO_111_RH_LHD_(141_RH_LHD)","","40","",""
"TO_111_RH_LHD_(141_RH_LHD)","","63","S_AHB_G_ECU#2_030","S_AHB_G_ECU#2_030"
"TO_111_RH_LHD_(141_RH_LHD)","","22","",""
"TO_111_RH_LHD_(141_RH_LHD)","","54","EQ_SBW_ACTR_ECU-HV_BUB1","EQ_SBW_ACTR_ECU-HV_BUB1"
"TO_111_RH_LHD_(141_RH_LHD)","","34","","MCB1204"
"TO_111_RH_LHD_(141_RH_LHD)","","78","S_WIPER_009","S_WIPER_009"
"TO_111_RH_LHD_(141_RH_LHD)","","5","EQ_OUTS_TEMP_SSR_-","EQ_OUTS_TEMP_SSR_-"
"TO_111_RH_LHD_(141_RH_LHD)","","79","S_WIPER_010","S_WIPER_010"
"TO_111_RH_LHD_(141_RH_LHD)","","51","EQ_RLY:PTC_HTR#1_-S","EQ_RLY:PTC_HTR#1_-S"
"TO_111_RH_LHD_(141_RH_LHD)","","45","EQ_METER_LR","EQ_METER_LR"
"TO_111_RH_LHD_(141_RH_LHD)","","7","CANFD_PL_BUS_HI","CANFD_PL_BUS_HI"
"TO_111_RH_LHD_(141_RH_LHD)","","38","",""
"TO_111_RH_LHD_(141_RH_LHD)","","49","EQ_RLY:FR_DEICER_-S","EQ_RLY:FR_DEICER_-S"
"TO_111_RH_LHD_(141_RH_LHD)","","20","CANFD_ADS_C1_BUS_LO","CANFD_ADS_C1_BUS_LO"
"TO_111_RH_LHD_(141_RH_LHD)","","52","EQ_RLY:PTC_HTR#2_-S","EQ_RLY:PTC_HTR#2_-S"
"TO_111_RH_LHD_(141_RH_LHD)","","55","EQ_SBW_ACTR_ECU-HV_MA2","EQ_SBW_ACTR_ECU-HV_MA2"
"TO_111_RH_LHD_(141_RH_LHD)","","18","CAN_SBW_BUS_LO","CAN_SBW_BUS_LO"
"TO_111_RH_LHD_(141_RH_LHD)","","41","EQ_F:PM_IGCT-HV_L","EQ_F:PM_IGCT-HV_L"
"TO_111_RH_LHD_(141_RH_LHD)","","47","EQ_MF:AMP_L","EQ_MF:AMP_L"
"TO_111_RH_LHD_(141_RH_LHD)","","62","S_AHB_G_ECU#2_029","S_AHB_G_ECU#2_029"
"TO_111_RH_LHD_(141_RH_LHD)","","24","EQ_A/BAG_SSR_F/R_PLUSSR","EQ_A/BAG_SSR_F/R_PLUSSR"
"TO_171_(141_LH)","","19","CANFD_DS_LOCAL1_BUS_HI","CANFD_DS_LOCAL1_BUS_HI"
"TO_171_(141_LH)","","2","EQ_FUL_DISP_IN_MIR_CGND","EQ_FUL_DISP_IN_MIR_CGND"
"TO_171_(141_LH)","","5","EQ_FUL_DISP_IN_MIR_E1","EQ_FUL_DISP_IN_MIR_E1"
"TO_171_(141_LH)","","47","TW_S_DMC_001","TW_S_DMC_001"
"TO_171_(141_LH)","","40","CANFD_DS_BUS_HI","CANFD_DS_BUS_HI"
"TO_171_(141_LH)","","45","TW_S_SOLAR_ECU_006","TW_S_SOLAR_ECU_006"
"TO_171_(141_LH)","","26","",""
"TO_171_(141_LH)","","17","CANFD_DS_BUS_LO","CANFD_DS_BUS_LO"
"TO_171_(141_LH)","","44","TW_S_SOLAR_ECU_005","TW_S_SOLAR_ECU_005"
"TO_171_(141_LH)","","42","CAN_I_BUS_LO","CAN_I_BUS_LO"
"TO_171_(141_LH)","","29","EMB_S_DRIVE_REC-21CY_013","EMB_S_DRIVE_REC-21CY_013"
"TO_171_(141_LH)","","30","EMB_DRN_S_DRIVE_REC-21CY_104","EMB_DRN_S_DRIVE_REC-21CY_104"
"TO_171_(141_LH)","","50","EQ_BODY_ECU_LIN4","EQ_BODY_ECU_LIN4"
"TO_171_(141_LH)","","33","SLD_S_TSS3_004","SLD_S_TSS3_004"
"TO_171_(141_LH)","","13","EMB_S_DMC_005","EMB_S_DMC_005"
"TO_171_(141_LH)","","48","TW_S_DMC_002","TW_S_DMC_002"
"TO_171_(141_LH)","","12","EMB_S_DMC_004","EMB_S_DMC_004"
"TO_171_(141_LH)","","43","TW_S_SOLAR_ECU_004","TW_S_SOLAR_ECU_004"
"TO_171_(141_LH)","","8","","MCB6513"
"TO_171_(141_LH)","","59","CANFD_DS_LOCAL3_BUS_HI","CANFD_DS_LOCAL3_BUS_HI"
"TO_171_(141_LH)","","1","EQ_FUL_DISP_IN_MIR_CBPLUS","EQ_FUL_DISP_IN_MIR_CBPLUS"
"TO_171_(141_LH)","","3","EQ_FUL_DISP_IN_MIR_CV-","EQ_FUL_DISP_IN_MIR_CV-"
"TO_171_(141_LH)","","32","SLD_S_TSS3_003","SLD_S_TSS3_003"
"TO_171_(141_LH)","","41","CAN_I_BUS_HI","CAN_I_BUS_HI"
"TO_171_(141_LH)","","14","EMB_S_DMC_006","EMB_S_DMC_006"
"TO_171_(141_LH)","","63","EQ_PDB_DOM2","EQ_PDB_DOM2"
"TO_171_(141_LH)","","64","CANFD_DS_LOCAL3_BUS_LO","CANFD_DS_LOCAL3_BUS_LO"
"TO_171_(141_LH)","","9","","MCB6514"
"TO_171_(141_LH)","","25","",""
"TO_171_(141_LH)","","36","",""
"TO_171_(141_LH)","","27","",""
"TO_171_(141_LH)","","7","","MCB6511"
"TO_171_(141_LH)","","10","","MCB6515"
"TO_171_(141_LH)","","16","EQ_F:ECU-IGP_NO.3_L","EQ_F:ECU-IGP_NO.3_L"
"TO_171_(141_LH)","","65","GND_EC_MIR-W/GDO_E","GND_EC_MIR-W/GDO_E"
"TO_171_(141_LH)","","4","EQ_FUL_DISP_IN_MIR_CVPLUS","EQ_FUL_DISP_IN_MIR_CVPLUS"
"TO_171_(141_LH)","","68","S_DRIVE_REC-21CY_016","S_DRIVE_REC-21CY_016"
"TO_171_(141_LH)","","21","",""
"TO_171_(141_LH)","","66","S_21CY_TOYOTA_T2-T1_040","S_21CY_TOYOTA_T2-T1_040"
"TO_171_(141_LH)","","56","EQ_F:ECU-B_NO.2_L","EQ_F:ECU-B_NO.2_L"
"TO_171_(141_LH)","","58","","MCB1210"
"TO_171_(141_LH)","","53","EQ_DCM_IND2","EQ_DCM_IND2"
"TO_171_(141_LH)","","6","","MCB6512"
"TO_171_(141_LH)","","28","",""
"TO_171_(141_LH)","","54","EQ_DCM_SIG-","EQ_DCM_SIG-"
"TO_171_(141_LH)","","31","EMB_S_DRIVE_REC-21CY_014","EMB_S_DRIVE_REC-21CY_014"
"TO_171_(141_LH)","","57","","MCB1209"
"TO_171_(141_LH)","","37","","S_SEC_ALARM_005"
"TO_171_(141_LH)","","35","EQ_F:ECU-IGR_NO.3_L","EQ_F:ECU-IGR_NO.3_L"
"TO_171_(141_LH)","","18","CANFD_DS_BUS_HI","CANFD_DS_BUS_HI"
"TO_171_(141_LH)","","49","EQ_BODY_ECU_ILE","EQ_BODY_ECU_ILE"
"TO_171_(141_LH)","","34","SLD_DRN_S_TSS3_101","SLD_DRN_S_TSS3_101"
"TO_171_(141_LH)","","67","S_21CY_TOYOTA_T2-T1_041","S_21CY_TOYOTA_T2-T1_041"
"TO_171_(141_LH)","","39","CANFD_DS_BUS_LO","CANFD_DS_BUS_LO"
"TO_171_(141_LH)","","24","",""
"TO_171_(141_LH)","","22","",""
"TO_171_(141_LH)","","20","CANFD_DS_LOCAL1_BUS_LO","CANFD_DS_LOCAL1_BUS_LO"
"TO_171_(141_LH)","","23","",""
"TO_171_(141_LH)","","69","S_TSS3_019","S_TSS3_019"
"TO_171_(141_LH)","","51","EQ_CERTIFICATION_ECU_IND","EQ_CERTIFICATION_ECU_IND"
"TO_171_(141_LH)","","46","TW_S_SOLAR_ECU_007","TW_S_SOLAR_ECU_007"
"TO_171_(141_LH)","","55","EQ_DCM_SIG1","EQ_DCM_SIG1"
"TO_171_(141_LH)","","38","EQ_F:PANEL_L","EQ_F:PANEL_L"
"TO_171_(141_LH)","","52","EQ_DCM_IND1","EQ_DCM_IND1"
"TO_171_(141_LH)","","15","EMB_S_DMC_007","EMB_S_DMC_007"
"TO_171_(141_LH)","","11","EMB_S_DMC_003","EMB_S_DMC_003"
"TO_161_RH_(151)","","13","TW_S_AIRBAG_094","TW_S_AIRBAG_094"
"TO_161_RH_(151)","","15","TW_S_AIRBAG_146","TW_S_AIRBAG_146"
"TO_161_RH_(151)","","11","TW_S_AIRBAG_037","TW_S_AIRBAG_037"
"TO_161_RH_(151)","","1","EMB_S_PVM_APP-21CY_009","EMB_S_PVM_APP-21CY_009"
"TO_161_RH_(151)","","27","","S_OUT_MIR_SW_015"
"TO_161_RH_(151)","","6","SLD_S_SPVM-21CY_009","SLD_S_SPVM-21CY_009"
"TO_161_RH_(151)","","23","","S_PVM_APP-21CY_029"
"TO_161_RH_(151)","","7","SLD_DRN_S_SPVM-21CY_103","SLD_DRN_S_SPVM-21CY_103"
"TO_161_RH_(151)","","21","","S_BODY_ECU_DOOR_004"
"TO_161_RH_(151)","","22","","S_PVM_APP-21CY_028"
"TO_161_RH_(151)","","5","EMB_S_PVM_APP-21CY_012","EMB_S_PVM_APP-21CY_012"
"TO_161_RH_(151)","","2","EMB_DRN_S_PVM_APP-21CY_103","EMB_DRN_S_PVM_APP-21CY_103"
"TO_161_RH_(151)","","14","TW_S_AIRBAG_097","TW_S_AIRBAG_097"
"TO_161_RH_(151)","","18","GND_BLE_RECV_D/SEAT_GND","GND_BLE_RECV_D/SEAT_GND"
"TO_161_RH_(151)","","17","EQ_BSM_MODULE_RH_OMIR","EQ_BSM_MODULE_RH_OMIR"
"TO_161_RH_(151)","","20","","S_BODY_ECU_DOOR_002"
"TO_161_RH_(151)","","8","SLD_S_SPVM-21CY_010","SLD_S_SPVM-21CY_010"
"TO_161_RH_(151)","","26","","S_OUT_MIR_SW_014"
"TO_161_RH_(151)","","4","EMB_S_PVM_APP-21CY_011","EMB_S_PVM_APP-21CY_011"
"TO_161_RH_(151)","","9","SLD_S_SPVM-21CY_011","SLD_S_SPVM-21CY_011"
"TO_161_RH_(151)","","12","TW_S_AIRBAG_038","TW_S_AIRBAG_038"
"TO_161_RH_(151)","","16","TW_S_AIRBAG_150","TW_S_AIRBAG_150"
"TO_161_RH_(151)","","25","","S_PVM_APP-21CY_031"
"TO_161_RH_(151)","","10","SLD_S_SPVM-21CY_012","SLD_S_SPVM-21CY_012"
"TO_161_RH_(151)","","19","","EQ_F:PANEL_L"
"TO_161_RH_(151)","","3","EMB_S_PVM_APP-21CY_010","EMB_S_PVM_APP-21CY_010"
"TO_161_RH_(151)","","24","","S_PVM_APP-21CY_030"
"TO_161_RH_(151)","","28","","S_OUT_MIR_SW_011"
"TO_111_LH_RHD_(141_LH_RHD)","","27","","EQ_SBW_ACTR_ECU-HV_MA2"
"TO_111_LH_RHD_(141_LH_RHD)","","6","","CAN_SBW_BUS_LO"
"TO_111_LH_RHD_(141_LH_RHD)","","20","EQ_F:SBW_IGCT-HV_L","EQ_F:SBW_IGCT-HV_L"
"TO_111_LH_RHD_(141_LH_RHD)","","45","","CANFD_DS_LOCAL3_BUS_LO"
"TO_111_LH_RHD_(141_LH_RHD)","","14","","EQ_BODY_ECU_WPS"
"TO_111_LH_RHD_(141_LH_RHD)","","31","S_21CY_TOYOTA_T2-T1_095","S_21CY_TOYOTA_T2-T1_095"
"TO_111_LH_RHD_(141_LH_RHD)","","17","","EQ_F:ECU-IGR_NO.3_L"
"TO_111_LH_RHD_(141_LH_RHD)","","18","","EQ_F:PM_IGCT-PHV_L"
"TO_111_LH_RHD_(141_LH_RHD)","","34","S_AHB_G_ECU#2_030","S_AHB_G_ECU#2_030"
"TO_111_LH_RHD_(141_LH_RHD)","","22","EQ_METER_LL","EQ_METER_LL"
"TO_111_LH_RHD_(141_LH_RHD)","","29","","EQ_SBW_ACTR_ECU-PHV_MA2"
"TO_111_LH_RHD_(141_LH_RHD)","","7","","EQ_A/BAG_SSR_F/L_-SL"
"TO_111_LH_RHD_(141_LH_RHD)","","25","EQ_RLY:IG_B-HP_L","EQ_RLY:IG_B-HP_L"
"TO_111_LH_RHD_(141_LH_RHD)","","38","","S_SBW_004"
"TO_111_LH_RHD_(141_LH_RHD)","","26","EQ_SBW_ACTR_ECU-HV_BUB1","EQ_SBW_ACTR_ECU-HV_BUB1"
"TO_111_LH_RHD_(141_LH_RHD)","","19","EQ_F:P-CON_MTR_NO.1_L","EQ_F:P-CON_MTR_NO.1_L"
"TO_111_LH_RHD_(141_LH_RHD)","","4","","CAN_B_BUS_LO"
"TO_111_LH_RHD_(141_LH_RHD)","","40","","S_SBW_026"
"TO_111_LH_RHD_(141_LH_RHD)","","15","","EQ_F:2ND_BATT_L"
"TO_111_LH_RHD_(141_LH_RHD)","","46","","CANFD_DS_BUS_HI"
"TO_111_LH_RHD_(141_LH_RHD)","","23","","EQ_MF:AMP_L"
"TO_111_LH_RHD_(141_LH_RHD)","","11","","MCB1204"
"TO_111_LH_RHD_(141_LH_RHD)","","3","","CAN_B_BUS_HI"
"TO_111_LH_RHD_(141_LH_RHD)","","13","","EQ_BODY_ECU_HCTY"
"TO_111_LH_RHD_(141_LH_RHD)","","44","","CANFD_DS_LOCAL3_BUS_HI"
"TO_111_LH_RHD_(141_LH_RHD)","","5","","CAN_SBW_BUS_HI"
"TO_111_LH_RHD_(141_LH_RHD)","","39","","S_SBW_025"
"TO_111_LH_RHD_(141_LH_RHD)","","37","","S_SBW_003"
"TO_111_LH_RHD_(141_LH_RHD)","","36","S_AHB_G_ECU#2_032","S_AHB_G_ECU#2_032"
"TO_111_LH_RHD_(141_LH_RHD)","","24","EQ_OUTS_TEMP_SSR_-","EQ_OUTS_TEMP_SSR_-"
"TO_111_LH_RHD_(141_LH_RHD)","","21","CANFD_P_BUS_HI","CANFD_P_BUS_HI"
"TO_111_LH_RHD_(141_LH_RHD)","","49","",""
"TO_111_LH_RHD_(141_LH_RHD)","","41","","S_SMART_ENTRY-15CY_027"
"TO_111_LH_RHD_(141_LH_RHD)","","35","S_AHB_G_ECU#2_031","S_AHB_G_ECU#2_031"
"TO_111_LH_RHD_(141_LH_RHD)","","30","EQ_STOP_LP_SW_L_CC","EQ_STOP_LP_SW_L_CC"
"TO_111_LH_RHD_(141_LH_RHD)","","43","","CANFD_P_BUS_LO"
"TO_111_LH_RHD_(141_LH_RHD)","","9","","EQ_AHB_G_ECU#2_CSW"
"TO_111_LH_RHD_(141_LH_RHD)","","33","S_AHB_G_ECU#2_029","S_AHB_G_ECU#2_029"
"TO_111_LH_RHD_(141_LH_RHD)","","10","","MCB1203"
"TO_111_LH_RHD_(141_LH_RHD)","","32","S_AHB_G_ECU#2_001","S_AHB_G_ECU#2_001"
"TO_111_LH_RHD_(141_LH_RHD)","","47","","CANFD_DS_BUS_LO"
"TO_111_LH_RHD_(141_LH_RHD)","","8","","EQ_A/BAG_SSR_F/L_PLUSSL"
"TO_111_LH_RHD_(141_LH_RHD)","","48","",""
"TO_111_LH_RHD_(141_LH_RHD)","","12","EQ_BODY_ECU_DIM","EQ_BODY_ECU_DIM"
"TO_111_LH_RHD_(141_LH_RHD)","","1","",""
"TO_111_LH_RHD_(141_LH_RHD)","","2","",""
"TO_111_LH_RHD_(141_LH_RHD)","","42","","EQ_F:STRG_HTR_L"
"TO_111_LH_RHD_(141_LH_RHD)","","28","EQ_SBW_ACTR_ECU-PHV_BUB1","EQ_SBW_ACTR_ECU-PHV_BUB1"
"TO_111_LH_RHD_(141_LH_RHD)","","16","","EQ_F:DMC_ECU_L"
"TO_161_LH_(141_LH)_62P","90980-12B22","31","","EQ_BODY_ECU_LSBO"
"TO_161_LH_(141_LH)_62P","90980-12B22","23","","CAN_B_BUS_HI"
"TO_161_LH_(141_LH)_62P","90980-12B22","5","","EQ_F:S/HTR_F/L_L"
"TO_161_LH_(141_LH)_62P","90980-12B22","13","","SLD_S_21CY_TOYOTA_T2-T1_059"
"TO_161_LH_(141_LH)_62P","90980-12B22","20","","EQ_F:ECU-IGP_NO.3_L"
"TO_161_LH_(141_LH)_62P","90980-12B22","60","",""
"TO_161_LH_(141_LH)_62P","90980-12B22","55","","S_BODY_ECU_BASE_021"
"TO_161_LH_(141_LH)_62P","90980-12B22","43","","S_SEC_ALARM_002"
"TO_161_LH_(141_LH)_62P","90980-12B22","2","","MCB6516"
"TO_161_LH_(141_LH)_62P","90980-12B22","19","","EQ_RLY:S/HTR_RL_L"
"TO_161_LH_(141_LH)_62P","90980-12B22","29","","S_QUICK_SVS_FR_005"
"TO_161_LH_(141_LH)_62P","90980-12B22","61","",""
"TO_161_LH_(141_LH)_62P","90980-12B22","34","","EQ_HTR_CONT_PNL_SVPI"
"TO_161_LH_(141_LH)_62P","90980-12B22","57","","S_QUICK_SVS_FR_001"
"TO_161_LH_(141_LH)_62P","90980-12B22","58","","S_BODY_ECU_DOOR_017"
"TO_161_LH_(141_LH)_62P","90980-12B22","22","","EQ_METER_ILL-"
"TO_161_LH_(141_LH)_62P","90980-12B22","50","","S_FR_SEAT_HTR_006"
"TO_161_LH_(141_LH)_62P","90980-12B22","56","","S_BODY_ECU_BASE_022"
"TO_161_LH_(141_LH)_62P","90980-12B22","51","","S_FR_SEAT_HTR_007"
"TO_161_LH_(141_LH)_62P","90980-12B22","14","","EQ_F:USB_NO.1_L"
"TO_161_LH_(141_LH)_62P","90980-12B22","15","","SLD_S_21CY_TOYOTA_T2-T1_060"
"TO_161_LH_(141_LH)_62P","90980-12B22","37","","EQ_METER_FR"
"TO_161_LH_(141_LH)_62P","90980-12B22","59","","S_BODY_ECU_BASE_023"
"TO_161_LH_(141_LH)_62P","90980-12B22","9","","TW_S_AUDIO_AMP_AVC-21CY_008"
"TO_161_LH_(141_LH)_62P","90980-12B22","36","","EQ_METER_FEANDB"
"TO_161_LH_(141_LH)_62P","90980-12B22","3","","MCB6518"
"TO_161_LH_(141_LH)_62P","90980-12B22","45","","S_BODY_ECU_DOOR_038"
"TO_161_LH_(141_LH)_62P","90980-12B22","28","","SLD_S_21CY_TOYOTA_T2-T1_062"
"TO_161_LH_(141_LH)_62P","90980-12B22","41","","S_METER_028"
"TO_161_LH_(141_LH)_62P","90980-12B22","24","","SLD_DRN_S_21CY_TOYOTA_T2-T1_108"
"TO_161_LH_(141_LH)_62P","90980-12B22","33","","EQ_D/L_MTR_F/L-LHD_PLUS"
"TO_161_LH_(141_LH)_62P","90980-12B22","38","","EQ_RLY:SEAT_HTR_F/L_LO_L"
"TO_161_LH_(141_LH)_62P","90980-12B22","52","","S_FR_SEAT_HTR_008"
"TO_161_LH_(141_LH)_62P","90980-12B22","4","","MCB6519"
"TO_161_LH_(141_LH)_62P","90980-12B22","11","",""
"TO_161_LH_(141_LH)_62P","90980-12B22","47","","S_DOUBLE_LOCK_006"
"TO_161_LH_(141_LH)_62P","90980-12B22","48","","S_FR_SEAT_HTR_004"
"TO_161_LH_(141_LH)_62P","90980-12B22","16","","EQ_HV_ECU-HV_NOAC"
"TO_161_LH_(141_LH)_62P","90980-12B22","21","","CAN_C2_BUS_LO"
"TO_161_LH_(141_LH)_62P","90980-12B22","30","","EQ_AC100V_MAIN_SW_IND"
"TO_161_LH_(141_LH)_62P","90980-12B22","49","","S_FR_SEAT_HTR_005"
"TO_161_LH_(141_LH)_62P","90980-12B22","17","","S_METER_018"
"TO_161_LH_(141_LH)_62P","90980-12B22","54","","S_BLE_ECU_007"
"TO_161_LH_(141_LH)_62P","90980-12B22","1","","MCB6517"
"TO_161_LH_(141_LH)_62P","90980-12B22","12","",""
"TO_161_LH_(141_LH)_62P","90980-12B22","32","","EQ_BODY_ECU_LSWL"
"TO_161_LH_(141_LH)_62P","90980-12B22","7","","TW_S_AUDIO_AMP_AVC-21CY_007"
"TO_161_LH_(141_LH)_62P","90980-12B22","26","","CAN_C2_BUS_HI"
"TO_161_LH_(141_LH)_62P","90980-12B22","25","","CAN_B_BUS_LO"
"TO_161_LH_(141_LH)_62P","90980-12B22","8","","TW_S_AUDIO_AMP_AVC-21CY_006"
"TO_161_LH_(141_LH)_62P","90980-12B22","35","","EQ_HTR_CONT_PNL_SW_1"
"TO_161_LH_(141_LH)_62P","90980-12B22","27","","SLD_S_21CY_TOYOTA_T2-T1_061"
"TO_161_LH_(141_LH)_62P","90980-12B22","40","","EQ_RLY:SEAT_HTR_F/L_HI_L"
"TO_161_LH_(141_LH)_62P","90980-12B22","10","","MCB6520"
"TO_161_LH_(141_LH)_62P","90980-12B22","53","","S_FR_SEAT_HTR_009"
"TO_161_LH_(141_LH)_62P","90980-12B22","6","","TW_S_AUDIO_AMP_AVC-21CY_005"
"TO_161_LH_(141_LH)_62P","90980-12B22","46","","S_DOUBLE_LOCK_002"
"TO_161_LH_(141_LH)_62P","90980-12B22","39","","S_DOUBLE_LOCK_001"
"TO_161_LH_(141_LH)_62P","90980-12B22","42","","EQ_METER_FV"
"TO_161_LH_(141_LH)_62P","90980-12B22","62","",""
"TO_161_LH_(141_LH)_62P","90980-12B22","44","","S_BODY_ECU_DOOR_037"
"TO_161_LH_(141_LH)_62P","90980-12B22","18","","EQ_HV_ECU-PHV_NOAC"
"TO_121_TNGA_(126)","90980-12D19","3","TW_S_EFI_ECU-TNGA2.0_057","TW_S_EFI_ECU-TNGA2.0_057"
"TO_121_TNGA_(126)","90980-12D19","6","TW_S_EFI_ECU-TNGA2.0_060","TW_S_EFI_ECU-TNGA2.0_060"
"TO_121_TNGA_(126)","90980-12D19","8","TW_S_EFI_ECU-TNGA2.0_062","TW_S_EFI_ECU-TNGA2.0_062"
"TO_121_TNGA_(126)","90980-12D19","4","TW_S_EFI_ECU-TNGA2.0_058","TW_S_EFI_ECU-TNGA2.0_058"
"TO_121_TNGA_(126)","90980-12D19","5","TW_S_EFI_ECU-TNGA2.0_059","TW_S_EFI_ECU-TNGA2.0_059"
"TO_121_TNGA_(126)","90980-12D19","1","TW_S_EFI_ECU-TNGA2.0_055","TW_S_EFI_ECU-TNGA2.0_055"
"TO_121_TNGA_(126)","90980-12D19","2","TW_S_EFI_ECU-TNGA2.0_056","TW_S_EFI_ECU-TNGA2.0_056"
"TO_121_TNGA_(126)","90980-12D19","7","TW_S_EFI_ECU-TNGA2.0_061","TW_S_EFI_ECU-TNGA2.0_061"
"TO_161_LH_(183)","90980-12371","15","",""
"TO_161_LH_(183)","90980-12371","8","S_BODY_ECU_EX_LP_011","S_BODY_ECU_EX_LP_011"
"TO_161_LH_(183)","90980-12371","7","GND_B/DR_OPNR_SW_E","GND_B/DR_OPNR_SW_E"
"TO_161_LH_(183)","90980-12371","2","TW_S_CLEARANCE_SNR_015","TW_S_CLEARANCE_SNR_015"
"TO_161_LH_(183)","90980-12371","14","",""
"TO_161_LH_(183)","90980-12371","18","",""
"TO_161_LH_(183)","90980-12371","20","",""
"TO_161_LH_(183)","90980-12371","21","",""
"TO_161_LH_(183)","90980-12371","10","S_CLEARANCE_SNR_019","S_CLEARANCE_SNR_019"
"TO_161_LH_(183)","90980-12371","6","GND_100V_OUTLET_CONSOLE-OTHER_E","GND_100V_OUTLET_CONSOLE-OTHER_E"
"TO_161_LH_(183)","90980-12371","11","S_PBD_001","S_PBD_001"
"TO_161_LH_(183)","90980-12371","17","",""
"TO_161_LH_(183)","90980-12371","3","TW_S_CLEARANCE_SNR_020","TW_S_CLEARANCE_SNR_020"
"TO_161_LH_(183)","90980-12371","9","S_CLEARANCE_SNR_013","S_CLEARANCE_SNR_013"
"TO_161_LH_(183)","90980-12371","22","",""
"TO_161_LH_(183)","90980-12371","1","TW_S_CLEARANCE_SNR_014","TW_S_CLEARANCE_SNR_014"
"TO_161_LH_(183)","90980-12371","13","",""
"TO_161_LH_(183)","90980-12371","19","",""
"TO_161_LH_(183)","90980-12371","5","EQ_F:ECU-B_NO.2_L","EQ_F:ECU-B_NO.2_L"
"TO_161_LH_(183)","90980-12371","12","",""
"TO_161_LH_(183)","90980-12371","4","TW_S_CLEARANCE_SNR_021","TW_S_CLEARANCE_SNR_021"
"TO_161_LH_(183)","90980-12371","16","",""
"TO_184_(185)_1","","32","","GND_B/DR_OPNR_SW_E"
"TO_184_(185)_1","","15","SLD_S_SPVM-21CY_004","SLD_S_SPVM-21CY_004"
"TO_184_(185)_1","","9","","SLD_S_21CY_TOYOTA_T2-T1_061"
"TO_184_(185)_1","","43","","EQ_F:PANEL_L"
"TO_184_(185)_1","","17","","SLD_S_SPVM-21CY_003"
"TO_184_(185)_1","","60","","EMB_DRN_S_PVM_APP-21CY_101"
"TO_184_(185)_1","","36","S_BODY_ECU_DOOR_007","S_BODY_ECU_DOOR_007"
"TO_184_(185)_1","","33","","GND_DEF_RR_E"
"TO_184_(185)_1","","38","","S_BODY_ECU_EX_LP_011"
"TO_184_(185)_1","","37","","S_BODY_ECU_DOOR_017"
"TO_184_(185)_1","","4","","MCB6517"
"TO_184_(185)_1","","40","","S_SEC_ALARM_002"
"TO_184_(185)_1","","24","EQ_F:ECU-B_NO.2_L","EQ_F:ECU-B_NO.2_L"
"TO_184_(185)_1","","18","SLD_S_SPVM-21CY_001","SLD_S_SPVM-21CY_001"
"TO_184_(185)_1","","13","","MCB6520"
"TO_184_(185)_1","","11","","MCB6518"
"TO_184_(185)_1","","8","SLD_S_21CY_TOYOTA_T2-T1_060","SLD_S_21CY_TOYOTA_T2-T1_060"
"TO_184_(185)_1","","42","","S_SMART_ENTRY-15CY_034"
"TO_184_(185)_1","","39","","S_PBD_001"
"TO_184_(185)_1","","25","EQ_F:ECU-IGR_NO.1_L","EQ_F:ECU-IGR_NO.1_L"
"TO_184_(185)_1","","28","","MCB4682"
"TO_184_(185)_1","","31","","GND_100V_OUTLET_CONSOLE-OTHER_E"
"TO_184_(185)_1","","29","","CANFD_DS_BUS_LO"
"TO_184_(185)_1","","7","SLD_DRN_S_21CY_TOYOTA_T2-T1_108","SLD_DRN_S_21CY_TOYOTA_T2-T1_108"
"TO_184_(185)_1","","3","EMB_S_PVM_APP-21CY_004","EMB_S_PVM_APP-21CY_004"
"TO_184_(185)_1","","19","CANFD_DS_BUS_HI","CANFD_DS_BUS_HI"
"TO_184_(185)_1","","44","","CANFD_DS_BUS_LO"
"TO_184_(185)_1","","35","",""
"TO_184_(185)_1","","23","EQ_BODY_ECU_LSBO","EQ_BODY_ECU_LSBO"
"TO_184_(185)_1","","59","","EMB_S_PVM_APP-21CY_001"
"TO_184_(185)_1","","14","SLD_DRN_S_SPVM-21CY_101","SLD_DRN_S_SPVM-21CY_101"
"TO_184_(185)_1","","22","CAN_B_BUS_LO","CAN_B_BUS_LO"
"TO_184_(185)_1","","34","","S_AHB_G_ECU-STOP_LP_003"
"TO_184_(185)_1","","5","","MCB6516"
"TO_184_(185)_1","","30","","EQ_PDB_DOM1"
"TO_184_(185)_1","","41","","S_SMART_ENTRY-15CY_033"
"TO_184_(185)_1","","10","SLD_S_21CY_TOYOTA_T2-T1_062","SLD_S_21CY_TOYOTA_T2-T1_062"
"TO_184_(185)_1","","16","SLD_S_SPVM-21CY_002","SLD_S_SPVM-21CY_002"
"TO_184_(185)_1","","1","","EMB_S_PVM_APP-21CY_002"
"TO_184_(185)_1","","20","EQ_METER_ILL-","EQ_METER_ILL-"
"TO_184_(185)_1","","2","EMB_S_PVM_APP-21CY_003","EMB_S_PVM_APP-21CY_003"
"TO_184_(185)_1","","26","","CANFD_DS_BUS_HI"
"TO_184_(185)_1","","27","EQ_FL:PBD_L","EQ_FL:PBD_L"
"TO_184_(185)_1","","6","SLD_S_21CY_TOYOTA_T2-T1_059","SLD_S_21CY_TOYOTA_T2-T1_059"
"TO_184_(185)_1","","21","CAN_B_BUS_HI","CAN_B_BUS_HI"
"TO_184_(185)_1","","12","","MCB6519"
"TO_154_(161_LH)_25P","90980-12801","25","",""
"TO_154_(161_LH)_25P","90980-12801","1","","MCB4649"
"TO_154_(161_LH)_25P","90980-12801","19","",""
"TO_154_(161_LH)_25P","90980-12801","7","EQ_F:ECU-IGP_NO.3_L","EQ_F:ECU-IGP_NO.3_L"
"TO_154_(161_LH)_25P","90980-12801","13","S_BODY_ECU_DOOR_004","S_BODY_ECU_DOOR_004"
"TO_154_(161_LH)_25P","90980-12801","8","EQ_F:PANEL_L","EQ_F:PANEL_L"
"TO_154_(161_LH)_25P","90980-12801","3","EQ_BODY_ECU_LIN2","EQ_BODY_ECU_LIN2"
"TO_154_(161_LH)_25P","90980-12801","20","S_DOUBLE_LOCK_002","S_DOUBLE_LOCK_002"
"TO_154_(161_LH)_25P","90980-12801","14","S_DOUBLE_LOCK_001","S_DOUBLE_LOCK_001"
"TO_154_(161_LH)_25P","90980-12801","9","EQ_HTR_CONT_PNL_SVPI","EQ_HTR_CONT_PNL_SVPI"
"TO_154_(161_LH)_25P","90980-12801","11","EQ_F:DOOR_R/L_L","EQ_F:DOOR_R/L_L"
"TO_154_(161_LH)_25P","90980-12801","24","",""
"TO_154_(161_LH)_25P","90980-12801","6","S_BLE_ECU_003","S_BLE_ECU_003"
"TO_154_(161_LH)_25P","90980-12801","17","S_BLE_ECU_005","S_BLE_ECU_005"
"TO_154_(161_LH)_25P","90980-12801","10","EQ_HTR_CONT_PNL_SW_1","EQ_HTR_CONT_PNL_SW_1"
"TO_154_(161_LH)_25P","90980-12801","4","EQ_BODY_ECU_LSWL","EQ_BODY_ECU_LSWL"
"TO_154_(161_LH)_25P","90980-12801","21","S_DOUBLE_LOCK_006","S_DOUBLE_LOCK_006"
"TO_154_(161_LH)_25P","90980-12801","15","S_BODY_ECU_DOOR_002","S_BODY_ECU_DOOR_002"
"TO_154_(161_LH)_25P","90980-12801","18","S_BODY_ECU_DOOR_038","S_BODY_ECU_DOOR_038"
"TO_154_(161_LH)_25P","90980-12801","12","GND_BLE_RECV_D/SEAT_GND","GND_BLE_RECV_D/SEAT_GND"
"TO_154_(161_LH)_25P","90980-12801","2","","SIG4648"
"TO_154_(161_LH)_25P","90980-12801","22","S_BLE_ECU_004","S_BLE_ECU_004"
"TO_154_(161_LH)_25P","90980-12801","16","S_BODY_ECU_DOOR_037","S_BODY_ECU_DOOR_037"
"TO_154_(161_LH)_25P","90980-12801","23","EQ_F:ECU-DCC_NO.2_L","EQ_F:ECU-DCC_NO.2_L"
"TO_154_(161_LH)_25P","90980-12801","5","EQ_METER_ILL-","EQ_METER_ILL-"
"TO_141_LH_(161_LH)_62P","90980-12B21","56","","S_BODY_ECU_BASE_022"
"TO_141_LH_(161_LH)_62P","90980-12B21","50","","S_FR_SEAT_HTR_006"
"TO_141_LH_(161_LH)_62P","90980-12B21","60","",""
"TO_141_LH_(161_LH)_62P","90980-12B21","5","","EQ_F:S/HTR_F/L_L"
"TO_141_LH_(161_LH)_62P","90980-12B21","24","","SLD_DRN_S_21CY_TOYOTA_T2-T1_108"
"TO_141_LH_(161_LH)_62P","90980-12B21","21","","CAN_C2_BUS_LO"
"TO_141_LH_(161_LH)_62P","90980-12B21","23","","CAN_B_BUS_HI"
"TO_141_LH_(161_LH)_62P","90980-12B21","49","","S_FR_SEAT_HTR_005"
"TO_141_LH_(161_LH)_62P","90980-12B21","16","","EQ_HV_ECU-HV_NOAC"
"TO_141_LH_(161_LH)_62P","90980-12B21","26","","CAN_C2_BUS_HI"
"TO_141_LH_(161_LH)_62P","90980-12B21","4","","MCB6519"
"TO_141_LH_(161_LH)_62P","90980-12B21","9","","TW_S_AUDIO_AMP_AVC-21CY_008"
"TO_141_LH_(161_LH)_62P","90980-12B21","33","","EQ_D/L_MTR_F/L-LHD_PLUS"
"TO_141_LH_(161_LH)_62P","90980-12B21","55","","S_BODY_ECU_BASE_021"
"TO_141_LH_(161_LH)_62P","90980-12B21","29","","S_QUICK_SVS_FR_005"
"TO_141_LH_(161_LH)_62P","90980-12B21","47","","S_DOUBLE_LOCK_006"
"TO_141_LH_(161_LH)_62P","90980-12B21","17","","S_METER_018"
"TO_141_LH_(161_LH)_62P","90980-12B21","51","","S_FR_SEAT_HTR_007"
"TO_141_LH_(161_LH)_62P","90980-12B21","59","","S_BODY_ECU_BASE_023"
"TO_141_LH_(161_LH)_62P","90980-12B21","22","","EQ_METER_ILL-"
"TO_141_LH_(161_LH)_62P","90980-12B21","53","","S_FR_SEAT_HTR_009"
"TO_141_LH_(161_LH)_62P","90980-12B21","32","","EQ_BODY_ECU_LSWL"
"TO_141_LH_(161_LH)_62P","90980-12B21","48","","S_FR_SEAT_HTR_004"
"TO_141_LH_(161_LH)_62P","90980-12B21","54","","S_BLE_ECU_007"
"TO_141_LH_(161_LH)_62P","90980-12B21","28","","SLD_S_21CY_TOYOTA_T2-T1_062"
"TO_141_LH_(161_LH)_62P","90980-12B21","46","","S_DOUBLE_LOCK_002"
"TO_141_LH_(161_LH)_62P","90980-12B21","18","","EQ_HV_ECU-PHV_NOAC"
"TO_141_LH_(161_LH)_62P","90980-12B21","62","",""
"TO_141_LH_(161_LH)_62P","90980-12B21","61","",""
"TO_141_LH_(161_LH)_62P","90980-12B21","27","","SLD_S_21CY_TOYOTA_T2-T1_061"
"TO_141_LH_(161_LH)_62P","90980-12B21","39","","S_DOUBLE_LOCK_001"
"TO_141_LH_(161_LH)_62P","90980-12B21","37","","EQ_METER_FR"
"TO_141_LH_(161_LH)_62P","90980-12B21","2","","MCB6516"
"TO_141_LH_(161_LH)_62P","90980-12B21","30","","EQ_AC100V_MAIN_SW_IND"
"TO_141_LH_(161_LH)_62P","90980-12B21","41","","S_METER_028"
"TO_141_LH_(161_LH)_62P","90980-12B21","40","","EQ_RLY:SEAT_HTR_F/L_HI_L"
"TO_141_LH_(161_LH)_62P","90980-12B21","13","","SLD_S_21CY_TOYOTA_T2-T1_059"
"TO_141_LH_(161_LH)_62P","90980-12B21","1","","MCB6517"
"TO_141_LH_(161_LH)_62P","90980-12B21","8","","TW_S_AUDIO_AMP_AVC-21CY_006"
"TO_141_LH_(161_LH)_62P","90980-12B21","20","","EQ_F:ECU-IGP_NO.3_L"
"TO_141_LH_(161_LH)_62P","90980-12B21","36","","EQ_METER_FEANDB"
"TO_141_LH_(161_LH)_62P","90980-12B21","35","","EQ_HTR_CONT_PNL_SW_1"
"TO_141_LH_(161_LH)_62P","90980-12B21","10","","MCB6520"
"TO_141_LH_(161_LH)_62P","90980-12B21","14","","EQ_F:USB_NO.1_L"
"TO_141_LH_(161_LH)_62P","90980-12B21","58","","S_BODY_ECU_DOOR_017"
"TO_141_LH_(161_LH)_62P","90980-12B21","44","","S_BODY_ECU_DOOR_037"
"TO_141_LH_(161_LH)_62P","90980-12B21","15","","SLD_S_21CY_TOYOTA_T2-T1_060"
"TO_141_LH_(161_LH)_62P","90980-12B21","6","","TW_S_AUDIO_AMP_AVC-21CY_005"
"TO_141_LH_(161_LH)_62P","90980-12B21","7","","TW_S_AUDIO_AMP_AVC-21CY_007"
"TO_141_LH_(161_LH)_62P","90980-12B21","3","","MCB6518"
"TO_141_LH_(161_LH)_62P","90980-12B21","57","","S_QUICK_SVS_FR_001"
"TO_141_LH_(161_LH)_62P","90980-12B21","43","","S_SEC_ALARM_002"
"TO_141_LH_(161_LH)_62P","90980-12B21","19","","EQ_RLY:S/HTR_RL_L"
"TO_141_LH_(161_LH)_62P","90980-12B21","42","","EQ_METER_FV"
"TO_141_LH_(161_LH)_62P","90980-12B21","45","","S_BODY_ECU_DOOR_038"
"TO_141_LH_(161_LH)_62P","90980-12B21","52","","S_FR_SEAT_HTR_008"
"TO_141_LH_(161_LH)_62P","90980-12B21","34","","EQ_HTR_CONT_PNL_SVPI"
"TO_141_LH_(161_LH)_62P","90980-12B21","31","","EQ_BODY_ECU_LSBO"
"TO_141_LH_(161_LH)_62P","90980-12B21","11","",""
"TO_141_LH_(161_LH)_62P","90980-12B21","38","","EQ_RLY:SEAT_HTR_F/L_LO_L"
"TO_141_LH_(161_LH)_62P","90980-12B21","12","",""
"TO_141_LH_(161_LH)_62P","90980-12B21","25","","CAN_B_BUS_LO"
"TO_121_(111_LH)","","25","EQ_SBW_ACTR_ECU-HV_MA2","EQ_SBW_ACTR_ECU-HV_MA2"
"TO_121_(111_LH)","","29","GND_EFI_ECU-TNGA_E01","GND_EFI_ECU-TNGA_E01"
"TO_121_(111_LH)","","11","EQ_F:EFI_NO.5_L","EQ_F:EFI_NO.5_L"
"TO_121_(111_LH)","","7","EQ_ENG_E_W/P-TNGA_PLUSB","EQ_ENG_E_W/P-TNGA_PLUSB"
"TO_121_(111_LH)","","24","EQ_SBW_ACTR_ECU-HV_BUB1","EQ_SBW_ACTR_ECU-HV_BUB1"
"TO_121_(111_LH)","","35","S_EFI_ECU-TNGA2.0_098","S_EFI_ECU-TNGA2.0_098"
"TO_121_(111_LH)","","38","S_SBW_004","S_SBW_004"
"TO_121_(111_LH)","","28","GND_A/C_INV_GND","GND_A/C_INV_GND"
"TO_121_(111_LH)","","9","EQ_F:EFI_NO.2_TNGA_L","EQ_F:EFI_NO.2_TNGA_L"
"TO_121_(111_LH)","","26","EQ_SBW_ACTR_ECU-PHV_BUB1","EQ_SBW_ACTR_ECU-PHV_BUB1"
"TO_121_(111_LH)","","5","BATT_ENG_E_W/P-ZR_+B","BATT_ENG_E_W/P-ZR_+B"
"TO_121_(111_LH)","","1","EQ_F:SBW_IGCT-HV_L","EQ_F:SBW_IGCT-HV_L"
"TO_121_(111_LH)","","13","EQ_F:IGN_ZR_L","EQ_F:IGN_ZR_L"
"TO_121_(111_LH)","","33","S_EFI_ECU-TNGA2.0_052","S_EFI_ECU-TNGA2.0_052"
"TO_121_(111_LH)","","27","EQ_SBW_ACTR_ECU-PHV_MA2","EQ_SBW_ACTR_ECU-PHV_MA2"
"TO_121_(111_LH)","","21","CAN_BTL_BUS_LO","CAN_BTL_BUS_LO"
"TO_121_(111_LH)","","34","S_EFI_ECU-TNGA2.0_097","S_EFI_ECU-TNGA2.0_097"
"TO_121_(111_LH)","","18","EQ_HV_ECU-HV_LIN3","EQ_HV_ECU-HV_LIN3"
"TO_121_(111_LH)","","40","S_SBW_026","S_SBW_026"
"TO_121_(111_LH)","","12","EQ_F:IGN_TNGA_L","EQ_F:IGN_TNGA_L"
"TO_121_(111_LH)","","15","EQ_F:P-CON_MTR_NO.2_L","EQ_F:P-CON_MTR_NO.2_L"
"TO_121_(111_LH)","","39","S_SBW_025","S_SBW_025"
"TO_121_(111_LH)","","36","S_METER_025","S_METER_025"
"TO_121_(111_LH)","","16","CAN_BTL_BUS_HI","CAN_BTL_BUS_HI"
"TO_121_(111_LH)","","31","S_EFI_ECU-TNGA2.0_050","S_EFI_ECU-TNGA2.0_050"
"TO_121_(111_LH)","","37","S_SBW_003","S_SBW_003"
"TO_121_(111_LH)","","3","CAN_SBW_BUS_HI","CAN_SBW_BUS_HI"
"TO_121_(111_LH)","","19","EQ_HV_ECU-PHV_LIN3","EQ_HV_ECU-PHV_LIN3"
"TO_121_(111_LH)","","2","EQ_F:P-CON_MTR_NO.1_L","EQ_F:P-CON_MTR_NO.1_L"
"TO_121_(111_LH)","","23","EQ_RLY:VVT_VVT1","EQ_RLY:VVT_VVT1"
"TO_121_(111_LH)","","17","EQ_F:SBW_IGCT-PHV_L","EQ_F:SBW_IGCT-PHV_L"
"TO_121_(111_LH)","","10","EQ_F:EFI_NO.2_ZR_L","EQ_F:EFI_NO.2_ZR_L"
"TO_121_(111_LH)","","6","EQ_EFI_ECU-TNGA_LIN","EQ_EFI_ECU-TNGA_LIN"
"TO_121_(111_LH)","","22","EQ_RLY:IG_B-HP_L","EQ_RLY:IG_B-HP_L"
"TO_121_(111_LH)","","32","S_EFI_ECU-TNGA2.0_051","S_EFI_ECU-TNGA2.0_051"
"TO_121_(111_LH)","","30","GND_SBW_ACTR_ECU-HV_E01","GND_SBW_ACTR_ECU-HV_E01"
"TO_121_(111_LH)","","8","EQ_F:ECU-IGP_NO.3_L","EQ_F:ECU-IGP_NO.3_L"
"TO_121_(111_LH)","","14","EQ_RLY:EFI_MAIN#2_FP","EQ_RLY:EFI_MAIN#2_FP"
"TO_121_(111_LH)","","4","CAN_SBW_BUS_LO","CAN_SBW_BUS_LO"
"TO_121_(111_LH)","","20","EQ_METER_OILW","EQ_METER_OILW"
"TO_141_RH_RHD_(111_RH_RHD)","","42","EQ_RLY:PTC_HTR#3_-S","EQ_RLY:PTC_HTR#3_-S"
"TO_141_RH_RHD_(111_RH_RHD)","","14","CAN_C2_BUS_LO","CAN_C2_BUS_LO"
"TO_141_RH_RHD_(111_RH_RHD)","","24","EQ_EFI_ECU-TNGA_LSTM","EQ_EFI_ECU-TNGA_LSTM"
"TO_141_RH_RHD_(111_RH_RHD)","","48","S_FSMC_003","S_FSMC_003"
"TO_141_RH_RHD_(111_RH_RHD)","","20","EQ_A/BAG_SSR_F/R_PLUSSR","EQ_A/BAG_SSR_F/R_PLUSSR"
"TO_141_RH_RHD_(111_RH_RHD)","","9","EQ_F:S/HTR_RR_L","EQ_F:S/HTR_RR_L"
"TO_141_RH_RHD_(111_RH_RHD)","","54","S_WIPER_007","S_WIPER_007"
"TO_141_RH_RHD_(111_RH_RHD)","","39","EQ_RLY:FR_DEICER_-S","EQ_RLY:FR_DEICER_-S"
"TO_141_RH_RHD_(111_RH_RHD)","","27","EQ_F:DVR_L","EQ_F:DVR_L"
"TO_141_RH_RHD_(111_RH_RHD)","","5","",""
"TO_141_RH_RHD_(111_RH_RHD)","","22","TW_S_ACON-HP_009","TW_S_ACON-HP_009"
"TO_141_RH_RHD_(111_RH_RHD)","","25","","MCB1205"
"TO_141_RH_RHD_(111_RH_RHD)","","7","CANFD_PL_BUS_HI","CANFD_PL_BUS_HI"
"TO_141_RH_RHD_(111_RH_RHD)","","1","CAN_BTL_BUS_HI","CAN_BTL_BUS_HI"
"TO_141_RH_RHD_(111_RH_RHD)","","40","EQ_RLY:PTC_HTR#1_-S","EQ_RLY:PTC_HTR#1_-S"
"TO_141_RH_RHD_(111_RH_RHD)","","53","S_WIPER_006","S_WIPER_006"
"TO_141_RH_RHD_(111_RH_RHD)","","50","S_H_LP_LVL_SW_002","S_H_LP_LVL_SW_002"
"TO_141_RH_RHD_(111_RH_RHD)","","34","EQ_F:SBW_IGCT-PHV_L","EQ_F:SBW_IGCT-PHV_L"
"TO_141_RH_RHD_(111_RH_RHD)","","26","",""
"TO_141_RH_RHD_(111_RH_RHD)","","2","CAN_BTL_BUS_HI","CAN_BTL_BUS_HI"
"TO_141_RH_RHD_(111_RH_RHD)","","13","CAN_C2_BUS_HI","CAN_C2_BUS_HI"
"TO_141_RH_RHD_(111_RH_RHD)","","30","EQ_F:H-LP_LH_LED_L/ECU_L","EQ_F:H-LP_LH_LED_L/ECU_L"
"TO_141_RH_RHD_(111_RH_RHD)","","37","EQ_METER_LR","EQ_METER_LR"
"TO_141_RH_RHD_(111_RH_RHD)","","51","S_METER_025","S_METER_025"
"TO_141_RH_RHD_(111_RH_RHD)","","11","CANFD_ADS_C1_BUS_HI","CANFD_ADS_C1_BUS_HI"
"TO_141_RH_RHD_(111_RH_RHD)","","36","EQ_FL:EPS_L","EQ_FL:EPS_L"
"TO_141_RH_RHD_(111_RH_RHD)","","4","CAN_BTL_BUS_LO","CAN_BTL_BUS_LO"
"TO_141_RH_RHD_(111_RH_RHD)","","19","EQ_A/BAG_SSR_F/R_-SR","EQ_A/BAG_SSR_F/R_-SR"
"TO_141_RH_RHD_(111_RH_RHD)","","43","EQ_RLY:WIPER_L","EQ_RLY:WIPER_L"
"TO_141_RH_RHD_(111_RH_RHD)","","15","CANFD_ADS_C1_BUS_LO","CANFD_ADS_C1_BUS_LO"
"TO_141_RH_RHD_(111_RH_RHD)","","23","","MCB1207"
"TO_141_RH_RHD_(111_RH_RHD)","","28","EQ_F:ECU-IGP_NO.1_L","EQ_F:ECU-IGP_NO.1_L"
"TO_141_RH_RHD_(111_RH_RHD)","","38","EQ_METER_OILW","EQ_METER_OILW"
"TO_141_RH_RHD_(111_RH_RHD)","","16","EQ_F:ECU-IGP_NO.3_L","EQ_F:ECU-IGP_NO.3_L"
"TO_141_RH_RHD_(111_RH_RHD)","","35","EQ_F:WASHER_L","EQ_F:WASHER_L"
"TO_141_RH_RHD_(111_RH_RHD)","","3","S_ACON-HP_025","S_ACON-HP_025"
"TO_141_RH_RHD_(111_RH_RHD)","","57","S_WIPER_010","S_WIPER_010"
"TO_141_RH_RHD_(111_RH_RHD)","","8","CANFD_PL_BUS_LO","CANFD_PL_BUS_LO"
"TO_141_RH_RHD_(111_RH_RHD)","","31","EQ_F:PM_IGCT-HV_L","EQ_F:PM_IGCT-HV_L"
"TO_141_RH_RHD_(111_RH_RHD)","","12","CANFD_ADS_C1_BUS_HI","CANFD_ADS_C1_BUS_HI"
"TO_141_RH_RHD_(111_RH_RHD)","","41","EQ_RLY:PTC_HTR#2_-S","EQ_RLY:PTC_HTR#2_-S"
"TO_141_RH_RHD_(111_RH_RHD)","","17","CANFD_ADS_C1_BUS_LO","CANFD_ADS_C1_BUS_LO"
"TO_141_RH_RHD_(111_RH_RHD)","","56","S_WIPER_009","S_WIPER_009"
"TO_141_RH_RHD_(111_RH_RHD)","","21","TW_S_ACON-HP_008","TW_S_ACON-HP_008"
"TO_141_RH_RHD_(111_RH_RHD)","","6","CAN_BTL_BUS_LO","CAN_BTL_BUS_LO"
"TO_141_RH_RHD_(111_RH_RHD)","","55","S_WIPER_008","S_WIPER_008"
"TO_184_(161_LH)","","44","CANFD_DS_BUS_LO","CANFD_DS_BUS_LO"
"TO_184_(161_LH)","","7","SLD_DRN_S_21CY_TOYOTA_T2-T1_108","SLD_DRN_S_21CY_TOYOTA_T2-T1_108"
"TO_184_(161_LH)","","5","","MCB6516"
"TO_184_(161_LH)","","23","EQ_BODY_ECU_LSBO","EQ_BODY_ECU_LSBO"
"TO_184_(161_LH)","","21","CAN_B_BUS_HI","CAN_B_BUS_HI"
"TO_184_(161_LH)","","9","SLD_S_21CY_TOYOTA_T2-T1_061","SLD_S_21CY_TOYOTA_T2-T1_061"
"TO_184_(161_LH)","","24","EQ_F:ECU-B_NO.2_L","EQ_F:ECU-B_NO.2_L"
"TO_184_(161_LH)","","14","SLD_DRN_S_SPVM-21CY_101","SLD_DRN_S_SPVM-21CY_101"
"TO_184_(161_LH)","","30","EQ_PDB_DOM1","EQ_PDB_DOM1"
"TO_184_(161_LH)","","43","EQ_F:PANEL_L","EQ_F:PANEL_L"
"TO_184_(161_LH)","","39","S_PBD_001","S_PBD_001"
"TO_184_(161_LH)","","22","CAN_B_BUS_LO","CAN_B_BUS_LO"
"TO_184_(161_LH)","","31","GND_100V_OUTLET_CONSOLE-OTHER_E","GND_100V_OUTLET_CONSOLE-OTHER_E"
"TO_184_(161_LH)","","8","SLD_S_21CY_TOYOTA_T2-T1_060","SLD_S_21CY_TOYOTA_T2-T1_060"
"TO_184_(161_LH)","","16","SLD_S_SPVM-21CY_002","SLD_S_SPVM-21CY_002"
"TO_184_(161_LH)","","42","S_SMART_ENTRY-15CY_034","S_SMART_ENTRY-15CY_034"
"TO_184_(161_LH)","","70","EMB_DRN_S_PVM_APP-21CY_101","EMB_DRN_S_PVM_APP-21CY_101"
"TO_184_(161_LH)","","25","EQ_F:ECU-IGR_NO.1_L","EQ_F:ECU-IGR_NO.1_L"
"TO_184_(161_LH)","","28","",""
"TO_184_(161_LH)","","12","","MCB6519"
"TO_184_(161_LH)","","18","SLD_S_SPVM-21CY_001","SLD_S_SPVM-21CY_001"
"TO_184_(161_LH)","","4","","MCB6517"
"TO_184_(161_LH)","","2","EMB_S_PVM_APP-21CY_003","EMB_S_PVM_APP-21CY_003"
"TO_184_(161_LH)","","34","S_AHB_G_ECU-STOP_LP_003","S_AHB_G_ECU-STOP_LP_003"
"TO_184_(161_LH)","","36","S_BODY_ECU_DOOR_007","S_BODY_ECU_DOOR_007"
"TO_184_(161_LH)","","1","EMB_S_PVM_APP-21CY_002","EMB_S_PVM_APP-21CY_002"
"TO_184_(161_LH)","","37","S_BODY_ECU_DOOR_017","S_BODY_ECU_DOOR_017"
"TO_184_(161_LH)","","6","SLD_S_21CY_TOYOTA_T2-T1_059","SLD_S_21CY_TOYOTA_T2-T1_059"
"TO_184_(161_LH)","","15","SLD_S_SPVM-21CY_004","SLD_S_SPVM-21CY_004"
"TO_184_(161_LH)","","17","SLD_S_SPVM-21CY_003","SLD_S_SPVM-21CY_003"
"TO_184_(161_LH)","","29","","MCB4689"
"TO_184_(161_LH)","","26","CANFD_DS_BUS_HI","CANFD_DS_BUS_HI"
"TO_184_(161_LH)","","69","EMB_S_PVM_APP-21CY_001","EMB_S_PVM_APP-21CY_001"
"TO_184_(161_LH)","","32","GND_B/DR_OPNR_SW_E","GND_B/DR_OPNR_SW_E"
"TO_184_(161_LH)","","11","","MCB6518"
"TO_184_(161_LH)","","19","CANFD_DS_BUS_HI","CANFD_DS_BUS_HI"
"TO_184_(161_LH)","","33","GND_DEF_RR_E","GND_DEF_RR_E"
"TO_184_(161_LH)","","41","S_SMART_ENTRY-15CY_033","S_SMART_ENTRY-15CY_033"
"TO_184_(161_LH)","","40","S_SEC_ALARM_002","S_SEC_ALARM_002"
"TO_184_(161_LH)","","3","EMB_S_PVM_APP-21CY_004","EMB_S_PVM_APP-21CY_004"
"TO_184_(161_LH)","","13","","MCB6520"
"TO_184_(161_LH)","","10","SLD_S_21CY_TOYOTA_T2-T1_062","SLD_S_21CY_TOYOTA_T2-T1_062"
"TO_184_(161_LH)","","35","CANFD_DS_BUS_LO","CANFD_DS_BUS_LO"
"TO_184_(161_LH)","","20","EQ_METER_ILL-","EQ_METER_ILL-"
"TO_184_(161_LH)","","27","EQ_FL:PBD_L","EQ_FL:PBD_L"
"TO_184_(161_LH)","","38","S_BODY_ECU_EX_LP_011","S_BODY_ECU_EX_LP_011"
"TO_153_(161_RH)_25P","90980-12802","12","GND_BLE_RECV_D/SEAT_GND","GND_BLE_RECV_D/SEAT_GND"
"TO_153_(161_RH)_25P","90980-12802","18","S_BODY_ECU_DOOR_036","S_BODY_ECU_DOOR_036"
"TO_153_(161_RH)_25P","90980-12802","9","EQ_HTR_CONT_PNL_SVDI","EQ_HTR_CONT_PNL_SVDI"
"TO_153_(161_RH)_25P","90980-12802","15","S_BODY_ECU_DOOR_002","S_BODY_ECU_DOOR_002"
"TO_153_(161_RH)_25P","90980-12802","8","EQ_F:PANEL_L","EQ_F:PANEL_L"
"TO_153_(161_RH)_25P","90980-12802","23","EQ_F:ECU-DCC_NO.2_L","EQ_F:ECU-DCC_NO.2_L"
"TO_153_(161_RH)_25P","90980-12802","24","EQ_F:ECU-IGP_NO.3_L","EQ_F:ECU-IGP_NO.3_L"
"TO_153_(161_RH)_25P","90980-12802","10","EQ_HTR_CONT_PNL_SW_2","EQ_HTR_CONT_PNL_SW_2"
"TO_153_(161_RH)_25P","90980-12802","22","S_BLE_ECU_004","S_BLE_ECU_004"
"TO_153_(161_RH)_25P","90980-12802","25","",""
"TO_153_(161_RH)_25P","90980-12802","13","S_DOUBLE_LOCK_001","S_DOUBLE_LOCK_001"
"TO_153_(161_RH)_25P","90980-12802","16","",""
"TO_153_(161_RH)_25P","90980-12802","3","EQ_BODY_ECU_LIN2","EQ_BODY_ECU_LIN2"
"TO_153_(161_RH)_25P","90980-12802","20","S_DOUBLE_LOCK_003","S_DOUBLE_LOCK_003"
"TO_153_(161_RH)_25P","90980-12802","5","EQ_METER_ILL-","EQ_METER_ILL-"
"TO_153_(161_RH)_25P","90980-12802","4","EQ_BODY_ECU_LSWR","EQ_BODY_ECU_LSWR"
"TO_153_(161_RH)_25P","90980-12802","11","EQ_F:DOOR_R/R_L","EQ_F:DOOR_R/R_L"
"TO_153_(161_RH)_25P","90980-12802","19","",""
"TO_153_(161_RH)_25P","90980-12802","17","S_BODY_ECU_DOOR_035","S_BODY_ECU_DOOR_035"
"TO_153_(161_RH)_25P","90980-12802","21","S_DOUBLE_LOCK_006","S_DOUBLE_LOCK_006"
"TO_153_(161_RH)_25P","90980-12802","7","S_BLE_ECU_005","S_BLE_ECU_005"
"TO_153_(161_RH)_25P","90980-12802","6","S_BLE_ECU_003","S_BLE_ECU_003"
"TO_153_(161_RH)_25P","90980-12802","2","","MCB4651"
"TO_153_(161_RH)_25P","90980-12802","14","S_BODY_ECU_DOOR_004","S_BODY_ECU_DOOR_004"
"TO_153_(161_RH)_25P","90980-12802","1","","SIG4650"
"TO_111_LH_(161_LH)","","26","S_EFI_ECU-TNGA2.0_027","S_EFI_ECU-TNGA2.0_027"
"TO_111_LH_(161_LH)","","6","SLD_S_AHB_G_ECU#2_006","SLD_S_AHB_G_ECU#2_006"
"TO_111_LH_(161_LH)","","13","S_EFI_ECU-TNGA2.0_002","S_EFI_ECU-TNGA2.0_002"
"TO_111_LH_(161_LH)","","36","S_EFI_ECU-TNGA2.0_127","S_EFI_ECU-TNGA2.0_127"
"TO_111_LH_(161_LH)","","14","S_EFI_ECU-TNGA2.0_003","S_EFI_ECU-TNGA2.0_003"
"TO_111_LH_(161_LH)","","27","S_EFI_ECU-TNGA2.0_050","S_EFI_ECU-TNGA2.0_050"
"TO_111_LH_(161_LH)","","31","S_EFI_ECU-TNGA2.0_122","S_EFI_ECU-TNGA2.0_122"
"TO_111_LH_(161_LH)","","1","GND_SLD_DRN_AHB_G_ECU#2_104","GND_SLD_DRN_AHB_G_ECU#2_104"
"TO_111_LH_(161_LH)","","19","S_EFI_ECU-TNGA2.0_011","S_EFI_ECU-TNGA2.0_011"
"TO_111_LH_(161_LH)","","7","EQ_F:BATT_FAN_L","EQ_F:BATT_FAN_L"
"TO_111_LH_(161_LH)","","21","S_EFI_ECU-TNGA2.0_013","S_EFI_ECU-TNGA2.0_013"
"TO_111_LH_(161_LH)","","2","SLD_S_AHB_G_ECU#2_007","SLD_S_AHB_G_ECU#2_007"
"TO_111_LH_(161_LH)","","40","S_EFI_ECU-ZR_079","S_EFI_ECU-ZR_079"
"TO_111_LH_(161_LH)","","3","EQ_D/L_MTR_F/L-LHD_PLUS","EQ_D/L_MTR_F/L-LHD_PLUS"
"TO_111_LH_(161_LH)","","46","CANFD_DS_LOCAL3_BUS_HI","CANFD_DS_LOCAL3_BUS_HI"
"TO_111_LH_(161_LH)","","44","CAN_B_BUS_HI","CAN_B_BUS_HI"
"TO_111_LH_(161_LH)","","25","S_EFI_ECU-TNGA2.0_026","S_EFI_ECU-TNGA2.0_026"
"TO_111_LH_(161_LH)","","4","",""
"TO_111_LH_(161_LH)","","45","CAN_B_BUS_LO","CAN_B_BUS_LO"
"TO_111_LH_(161_LH)","","38","S_EFI_ECU-ZR_042","S_EFI_ECU-ZR_042"
"TO_111_LH_(161_LH)","","8","EQ_F:EFI_NO.2_TNGA_L","EQ_F:EFI_NO.2_TNGA_L"
"TO_111_LH_(161_LH)","","23","S_EFI_ECU-TNGA2.0_024","S_EFI_ECU-TNGA2.0_024"
"TO_111_LH_(161_LH)","","9","EQ_RLY:C/OPN_FP","EQ_RLY:C/OPN_FP"
"TO_111_LH_(161_LH)","","48","CANFD_DS_BUS_HI","CANFD_DS_BUS_HI"
"TO_111_LH_(161_LH)","","28","S_EFI_ECU-TNGA2.0_051","S_EFI_ECU-TNGA2.0_051"
"TO_111_LH_(161_LH)","","43","S_H_LP_ECU_007","S_H_LP_ECU_007"
"TO_111_LH_(161_LH)","","18","S_EFI_ECU-TNGA2.0_010","S_EFI_ECU-TNGA2.0_010"
"TO_111_LH_(161_LH)","","50","","S_EFI_ECU-ZR_003"
"TO_111_LH_(161_LH)","","41","S_H_LP_ECU_004","S_H_LP_ECU_004"
"TO_111_LH_(161_LH)","","10","EQ_F:ECU-IGP_NO.3_L","EQ_F:ECU-IGP_NO.3_L"
"TO_111_LH_(161_LH)","","42","S_H_LP_ECU_005","S_H_LP_ECU_005"
"TO_111_LH_(161_LH)","","39","S_EFI_ECU-ZR_043","S_EFI_ECU-ZR_043"
"TO_111_LH_(161_LH)","","29","S_EFI_ECU-TNGA2.0_052","S_EFI_ECU-TNGA2.0_052"
"TO_111_LH_(161_LH)","","12","S_EFI_ECU-TNGA2.0_001","S_EFI_ECU-TNGA2.0_001"
"TO_111_LH_(161_LH)","","22","S_EFI_ECU-TNGA2.0_017","S_EFI_ECU-TNGA2.0_017"
"TO_111_LH_(161_LH)","","49","CANFD_DS_BUS_LO","CANFD_DS_BUS_LO"
"TO_111_LH_(161_LH)","","32","S_EFI_ECU-TNGA2.0_123","S_EFI_ECU-TNGA2.0_123"
"TO_111_LH_(161_LH)","","24","S_EFI_ECU-TNGA2.0_025","S_EFI_ECU-TNGA2.0_025"
"TO_111_LH_(161_LH)","","35","S_EFI_ECU-TNGA2.0_126","S_EFI_ECU-TNGA2.0_126"
"TO_111_LH_(161_LH)","","33","S_EFI_ECU-TNGA2.0_124","S_EFI_ECU-TNGA2.0_124"
"TO_111_LH_(161_LH)","","30","S_EFI_ECU-TNGA2.0_121","S_EFI_ECU-TNGA2.0_121"
"TO_111_LH_(161_LH)","","5","EQ_RLY:EFI_MAIN#2_FP","EQ_RLY:EFI_MAIN#2_FP"
"TO_111_LH_(161_LH)","","17","S_EFI_ECU-TNGA2.0_009","S_EFI_ECU-TNGA2.0_009"
"TO_111_LH_(161_LH)","","37","S_EFI_ECU-TNGA2.0_128","S_EFI_ECU-TNGA2.0_128"
"TO_111_LH_(161_LH)","","34","S_EFI_ECU-TNGA2.0_125","S_EFI_ECU-TNGA2.0_125"
"TO_111_LH_(161_LH)","","15","S_EFI_ECU-TNGA2.0_004","S_EFI_ECU-TNGA2.0_004"
"TO_111_LH_(161_LH)","","47","CANFD_DS_LOCAL3_BUS_LO","CANFD_DS_LOCAL3_BUS_LO"
"TO_111_LH_(161_LH)","","16","S_EFI_ECU-TNGA2.0_008","S_EFI_ECU-TNGA2.0_008"
"TO_111_LH_(161_LH)","","11","S_BODY_ECU_EX_LP_009","S_BODY_ECU_EX_LP_009"
"TO_111_LH_(161_LH)","","20","S_EFI_ECU-TNGA2.0_012","S_EFI_ECU-TNGA2.0_012"
"TO_111_LH_(121)","","24","EQ_SBW_ACTR_ECU-HV_BUB1","EQ_SBW_ACTR_ECU-HV_BUB1"
"TO_111_LH_(121)","","18","EQ_HV_ECU-HV_LIN3","EQ_HV_ECU-HV_LIN3"
"TO_111_LH_(121)","","4","CAN_SBW_BUS_LO","CAN_SBW_BUS_LO"
"TO_111_LH_(121)","","26","EQ_SBW_ACTR_ECU-PHV_BUB1","EQ_SBW_ACTR_ECU-PHV_BUB1"
"TO_111_LH_(121)","","3","CAN_SBW_BUS_HI","CAN_SBW_BUS_HI"
"TO_111_LH_(121)","","10","EQ_F:EFI_NO.2_ZR_L","EQ_F:EFI_NO.2_ZR_L"
"TO_111_LH_(121)","","30","GND_SBW_ACTR_ECU-HV_E01","GND_SBW_ACTR_ECU-HV_E01"
"TO_111_LH_(121)","","14","EQ_RLY:EFI_MAIN#2_FP","EQ_RLY:EFI_MAIN#2_FP"
"TO_111_LH_(121)","","8","EQ_F:ECU-IGP_NO.3_L","EQ_F:ECU-IGP_NO.3_L"
"TO_111_LH_(121)","","6","EQ_EFI_ECU-TNGA_LIN","EQ_EFI_ECU-TNGA_LIN"
"TO_111_LH_(121)","","12","EQ_F:IGN_TNGA_L","EQ_F:IGN_TNGA_L"
"TO_111_LH_(121)","","9","EQ_F:EFI_NO.2_TNGA_L","EQ_F:EFI_NO.2_TNGA_L"
"TO_111_LH_(121)","","2","EQ_F:P-CON_MTR_NO.1_L","EQ_F:P-CON_MTR_NO.1_L"
"TO_111_LH_(121)","","33","S_EFI_ECU-TNGA2.0_052","S_EFI_ECU-TNGA2.0_052"
"TO_111_LH_(121)","","23","EQ_RLY:VVT_VVT1","EQ_RLY:VVT_VVT1"
"TO_111_LH_(121)","","38","S_SBW_004","S_SBW_004"
"TO_111_LH_(121)","","36","S_METER_025","S_METER_025"
"TO_111_LH_(121)","","34","S_EFI_ECU-TNGA2.0_097","S_EFI_ECU-TNGA2.0_097"
"TO_111_LH_(121)","","7","EQ_ENG_E_W/P-TNGA_PLUSB","EQ_ENG_E_W/P-TNGA_PLUSB"
"TO_111_LH_(121)","","17","EQ_F:SBW_IGCT-PHV_L","EQ_F:SBW_IGCT-PHV_L"
"TO_111_LH_(121)","","25","EQ_SBW_ACTR_ECU-HV_MA2","EQ_SBW_ACTR_ECU-HV_MA2"
"TO_111_LH_(121)","","32","S_EFI_ECU-TNGA2.0_051","S_EFI_ECU-TNGA2.0_051"
"TO_111_LH_(121)","","13","EQ_F:IGN_ZR_L","EQ_F:IGN_ZR_L"
"TO_111_LH_(121)","","40","S_SBW_026","S_SBW_026"
"TO_111_LH_(121)","","16","CAN_BTL_BUS_HI","CAN_BTL_BUS_HI"
"TO_111_LH_(121)","","15","EQ_F:P-CON_MTR_NO.2_L","EQ_F:P-CON_MTR_NO.2_L"
"TO_111_LH_(121)","","31","S_EFI_ECU-TNGA2.0_050","S_EFI_ECU-TNGA2.0_050"
"TO_111_LH_(121)","","28","GND_A/C_INV_GND","GND_A/C_INV_GND"
"TO_111_LH_(121)","","19","EQ_HV_ECU-PHV_LIN3","EQ_HV_ECU-PHV_LIN3"
"TO_111_LH_(121)","","39","S_SBW_025","S_SBW_025"
"TO_111_LH_(121)","","11","EQ_F:EFI_NO.5_L","EQ_F:EFI_NO.5_L"
"TO_111_LH_(121)","","21","CAN_BTL_BUS_LO","CAN_BTL_BUS_LO"
"TO_111_LH_(121)","","5","BATT_ENG_E_W/P-ZR_+B","BATT_ENG_E_W/P-ZR_+B"
"TO_111_LH_(121)","","37","S_SBW_003","S_SBW_003"
"TO_111_LH_(121)","","29","GND_EFI_ECU-TNGA_E01","GND_EFI_ECU-TNGA_E01"
"TO_111_LH_(121)","","27","EQ_SBW_ACTR_ECU-PHV_MA2","EQ_SBW_ACTR_ECU-PHV_MA2"
"TO_111_LH_(121)","","20","EQ_METER_OILW","EQ_METER_OILW"
"TO_111_LH_(121)","","22","EQ_RLY:IG_B-HP_L","EQ_RLY:IG_B-HP_L"
"TO_111_LH_(121)","","35","S_EFI_ECU-TNGA2.0_098","S_EFI_ECU-TNGA2.0_098"
"TO_111_LH_(121)","","1","EQ_F:SBW_IGCT-HV_L","EQ_F:SBW_IGCT-HV_L"
"TO_141_LH_(142)_18P","90980-12738","13","","GND_NANO_E_UNIT_SUB_WH_GND"
"TO_141_LH_(142)_18P","90980-12738","3","EQ_A/C_ECU-W/SEAT_NANO","EQ_A/C_ECU-W/SEAT_NANO"
"TO_141_LH_(142)_18P","90980-12738","11","",""
"TO_141_LH_(142)_18P","90980-12738","7","SLD_S_21CY_TOYOTA_T2-T1_079","SLD_S_21CY_TOYOTA_T2-T1_079"
"TO_141_LH_(142)_18P","90980-12738","6","S_BODY_ECU_EX_LP_015","S_BODY_ECU_EX_LP_015"
"TO_141_LH_(142)_18P","90980-12738","8","SLD_DRN_S_21CY_TOYOTA_T2-T1_111","SLD_DRN_S_21CY_TOYOTA_T2-T1_111"
"TO_141_LH_(142)_18P","90980-12738","4","S_BODY_ECU_EX_LP_013","S_BODY_ECU_EX_LP_013"
"TO_141_LH_(142)_18P","90980-12738","15","S_ACON-HV_013","S_ACON-HV_013"
"TO_141_LH_(142)_18P","90980-12738","5","S_BODY_ECU_EX_LP_014","S_BODY_ECU_EX_LP_014"
"TO_141_LH_(142)_18P","90980-12738","9","SLD_S_21CY_TOYOTA_T2-T1_080","SLD_S_21CY_TOYOTA_T2-T1_080"
"TO_141_LH_(142)_18P","90980-12738","1","",""
"TO_141_LH_(142)_18P","90980-12738","18","",""
"TO_141_LH_(142)_18P","90980-12738","12","",""
"TO_141_LH_(142)_18P","90980-12738","10","SLD_S_21CY_TOYOTA_T2-T1_081","SLD_S_21CY_TOYOTA_T2-T1_081"
"TO_141_LH_(142)_18P","90980-12738","16","S_ACON-HV_014","S_ACON-HV_014"
"TO_141_LH_(142)_18P","90980-12738","2","",""
"TO_141_LH_(142)_18P","90980-12738","14","EQ_A/C_ECU-W/SEAT_NAIN","EQ_A/C_ECU-W/SEAT_NAIN"
"TO_141_LH_(142)_18P","90980-12738","17","SLD_S_21CY_TOYOTA_T2-T1_082","SLD_S_21CY_TOYOTA_T2-T1_082"
"TO_152_(161_LH)","","14","","TW_S_AIRBAG_072"
"TO_152_(161_LH)","","7","SLD_DRN_S_SPVM-21CY_105","SLD_DRN_S_SPVM-21CY_105"
"TO_152_(161_LH)","","33","","S_OUT_MIR_SW_011"
"TO_152_(161_LH)","","29","S_PVM_APP-21CY_026","S_PVM_APP-21CY_026"
"TO_152_(161_LH)","","18","","EQ_BSM_MODULE_LH_OMIL"
"TO_152_(161_LH)","","19","EQ_D/L_MTR_F/L-LHD_PLUS","EQ_D/L_MTR_F/L-LHD_PLUS"
"TO_152_(161_LH)","","25","","S_BODY_ECU_DOOR_004"
"TO_152_(161_LH)","","28","S_PVM_APP-21CY_025","S_PVM_APP-21CY_025"
"TO_152_(161_LH)","","17","EQ_BODY_ECU_LIN2","EQ_BODY_ECU_LIN2"
"TO_152_(161_LH)","","27","S_PVM_APP-21CY_024","S_PVM_APP-21CY_024"
"TO_152_(161_LH)","","15","","TW_S_AIRBAG_147"
"TO_152_(161_LH)","","5","EMB_S_PVM_APP-21CY_016","EMB_S_PVM_APP-21CY_016"
"TO_152_(161_LH)","","21","","EQ_F:DOOR_F/R_L"
"TO_152_(161_LH)","","13","","TW_S_AIRBAG_057"
"TO_152_(161_LH)","","2","EMB_DRN_S_PVM_APP-21CY_105","EMB_DRN_S_PVM_APP-21CY_105"
"TO_152_(161_LH)","","6","SLD_S_SPVM-21CY_013","SLD_S_SPVM-21CY_013"
"TO_152_(161_LH)","","8","SLD_S_SPVM-21CY_014","SLD_S_SPVM-21CY_014"
"TO_152_(161_LH)","","32","","S_OUT_MIR_SW_015"
"TO_152_(161_LH)","","31","","S_OUT_MIR_SW_014"
"TO_152_(161_LH)","","24","",""
"TO_152_(161_LH)","","26","","S_BODY_ECU_DOOR_002"
"TO_152_(161_LH)","","10","SLD_S_SPVM-21CY_016","SLD_S_SPVM-21CY_016"
"TO_152_(161_LH)","","20","EQ_F:DOOR_F/L_L","EQ_F:DOOR_F/L_L"
"TO_152_(161_LH)","","22","","GND_BLE_RECV_D/SEAT_GND"
"TO_152_(161_LH)","","12","","TW_S_AIRBAG_034"
"TO_152_(161_LH)","","30","S_PVM_APP-21CY_027","S_PVM_APP-21CY_027"
"TO_152_(161_LH)","","1","EMB_S_PVM_APP-21CY_013","EMB_S_PVM_APP-21CY_013"
"TO_152_(161_LH)","","3","EMB_S_PVM_APP-21CY_014","EMB_S_PVM_APP-21CY_014"
"TO_152_(161_LH)","","9","SLD_S_SPVM-21CY_015","SLD_S_SPVM-21CY_015"
"TO_152_(161_LH)","","16","","TW_S_AIRBAG_167"
"TO_152_(161_LH)","","11","","TW_S_AIRBAG_033"
"TO_152_(161_LH)","","23","EQ_F:PANEL_L","EQ_F:PANEL_L"
"TO_152_(161_LH)","","4","EMB_S_PVM_APP-21CY_015","EMB_S_PVM_APP-21CY_015"
"TO_141_LH_(171)","","2","EQ_FUL_DISP_IN_MIR_CGND","EQ_FUL_DISP_IN_MIR_CGND"
"TO_141_LH_(171)","","51","EQ_CERTIFICATION_ECU_IND","EQ_CERTIFICATION_ECU_IND"
"TO_141_LH_(171)","","36","",""
"TO_141_LH_(171)","","27","",""
"TO_141_LH_(171)","","40","CANFD_DS_BUS_HI","CANFD_DS_BUS_HI"
"TO_141_LH_(171)","","1","EQ_FUL_DISP_IN_MIR_CBPLUS","EQ_FUL_DISP_IN_MIR_CBPLUS"
"TO_141_LH_(171)","","24","",""
"TO_141_LH_(171)","","54","EQ_DCM_SIG-","EQ_DCM_SIG-"
"TO_141_LH_(171)","","20","CANFD_DS_LOCAL1_BUS_LO","CANFD_DS_LOCAL1_BUS_LO"
"TO_141_LH_(171)","","59","CANFD_DS_LOCAL3_BUS_HI","CANFD_DS_LOCAL3_BUS_HI"
"TO_141_LH_(171)","","7","","MCB6511"
"TO_141_LH_(171)","","58","","MCB1210"
"TO_141_LH_(171)","","47","TW_S_DMC_001","TW_S_DMC_001"
"TO_141_LH_(171)","","41","CAN_I_BUS_HI","CAN_I_BUS_HI"
"TO_141_LH_(171)","","56","EQ_F:ECU-B_NO.2_L","EQ_F:ECU-B_NO.2_L"
"TO_141_LH_(171)","","55","EQ_DCM_SIG1","EQ_DCM_SIG1"
"TO_141_LH_(171)","","37","","S_SEC_ALARM_005"
"TO_141_LH_(171)","","26","",""
"TO_141_LH_(171)","","10","","MCB6515"
"TO_141_LH_(171)","","11","EMB_S_DMC_003","EMB_S_DMC_003"
"TO_141_LH_(171)","","66","S_21CY_TOYOTA_T2-T1_040","S_21CY_TOYOTA_T2-T1_040"
"TO_141_LH_(171)","","64","CANFD_DS_LOCAL3_BUS_LO","CANFD_DS_LOCAL3_BUS_LO"
"TO_141_LH_(171)","","68","S_DRIVE_REC-21CY_016","S_DRIVE_REC-21CY_016"
"TO_141_LH_(171)","","52","EQ_DCM_IND1","EQ_DCM_IND1"
"TO_141_LH_(171)","","14","EMB_S_DMC_006","EMB_S_DMC_006"
"TO_141_LH_(171)","","43","TW_S_SOLAR_ECU_004","TW_S_SOLAR_ECU_004"
"TO_141_LH_(171)","","3","EQ_FUL_DISP_IN_MIR_CV-","EQ_FUL_DISP_IN_MIR_CV-"
"TO_141_LH_(171)","","38","EQ_F:PANEL_L","EQ_F:PANEL_L"
"TO_141_LH_(171)","","31","EMB_S_DRIVE_REC-21CY_014","EMB_S_DRIVE_REC-21CY_014"
"TO_141_LH_(171)","","12","EMB_S_DMC_004","EMB_S_DMC_004"
"TO_141_LH_(171)","","18","CANFD_DS_BUS_HI","CANFD_DS_BUS_HI"
"TO_141_LH_(171)","","53","EQ_DCM_IND2","EQ_DCM_IND2"
"TO_141_LH_(171)","","23","",""
"TO_141_LH_(171)","","15","EMB_S_DMC_007","EMB_S_DMC_007"
"TO_141_LH_(171)","","67","S_21CY_TOYOTA_T2-T1_041","S_21CY_TOYOTA_T2-T1_041"
"TO_141_LH_(171)","","42","CAN_I_BUS_LO","CAN_I_BUS_LO"
"TO_141_LH_(171)","","33","SLD_S_TSS3_004","SLD_S_TSS3_004"
"TO_141_LH_(171)","","6","","MCB6512"
"TO_141_LH_(171)","","22","",""
"TO_141_LH_(171)","","5","EQ_FUL_DISP_IN_MIR_E1","EQ_FUL_DISP_IN_MIR_E1"
"TO_141_LH_(171)","","48","TW_S_DMC_002","TW_S_DMC_002"
"TO_141_LH_(171)","","34","SLD_DRN_S_TSS3_101","SLD_DRN_S_TSS3_101"
"TO_141_LH_(171)","","63","EQ_PDB_DOM2","EQ_PDB_DOM2"
"TO_141_LH_(171)","","29","EMB_S_DRIVE_REC-21CY_013","EMB_S_DRIVE_REC-21CY_013"
"TO_141_LH_(171)","","46","TW_S_SOLAR_ECU_007","TW_S_SOLAR_ECU_007"
"TO_141_LH_(171)","","21","",""
"TO_141_LH_(171)","","57","","MCB1209"
"TO_141_LH_(171)","","32","SLD_S_TSS3_003","SLD_S_TSS3_003"
"TO_141_LH_(171)","","13","EMB_S_DMC_005","EMB_S_DMC_005"
"TO_141_LH_(171)","","4","EQ_FUL_DISP_IN_MIR_CVPLUS","EQ_FUL_DISP_IN_MIR_CVPLUS"
"TO_141_LH_(171)","","49","EQ_BODY_ECU_ILE","EQ_BODY_ECU_ILE"
"TO_141_LH_(171)","","28","",""
"TO_141_LH_(171)","","8","","MCB6513"
"TO_141_LH_(171)","","50","EQ_BODY_ECU_LIN4","EQ_BODY_ECU_LIN4"
"TO_141_LH_(171)","","35","EQ_F:ECU-IGR_NO.3_L","EQ_F:ECU-IGR_NO.3_L"
"TO_141_LH_(171)","","44","TW_S_SOLAR_ECU_005","TW_S_SOLAR_ECU_005"
"TO_141_LH_(171)","","39","CANFD_DS_BUS_LO","CANFD_DS_BUS_LO"
"TO_141_LH_(171)","","17","CANFD_DS_BUS_LO","CANFD_DS_BUS_LO"
"TO_141_LH_(171)","","30","EMB_DRN_S_DRIVE_REC-21CY_104","EMB_DRN_S_DRIVE_REC-21CY_104"
"TO_141_LH_(171)","","45","TW_S_SOLAR_ECU_006","TW_S_SOLAR_ECU_006"
"TO_141_LH_(171)","","16","EQ_F:ECU-IGP_NO.3_L","EQ_F:ECU-IGP_NO.3_L"
"TO_141_LH_(171)","","9","","MCB6514"
"TO_141_LH_(171)","","25","",""
"TO_141_LH_(171)","","69","S_TSS3_019","S_TSS3_019"
"TO_141_LH_(171)","","19","CANFD_DS_LOCAL1_BUS_HI","CANFD_DS_LOCAL1_BUS_HI"
"TO_141_LH_(171)","","65","GND_EC_MIR-W/GDO_E","GND_EC_MIR-W/GDO_E"
"TO_121_TNGA_(125)","90980-12380","8","S_EFI_ECU-TNGA2.0_105","S_EFI_ECU-TNGA2.0_105"
"TO_121_TNGA_(125)","90980-12380","2","S_EFI_ECU-TNGA2.0_065","S_EFI_ECU-TNGA2.0_065"
"TO_121_TNGA_(125)","90980-12380","7","S_EFI_ECU-TNGA2.0_104","S_EFI_ECU-TNGA2.0_104"
"TO_121_TNGA_(125)","90980-12380","4","S_EFI_ECU-TNGA2.0_067","S_EFI_ECU-TNGA2.0_067"
"TO_121_TNGA_(125)","90980-12380","5","S_EFI_ECU-TNGA2.0_068","S_EFI_ECU-TNGA2.0_068"
"TO_121_TNGA_(125)","90980-12380","10","",""
"TO_121_TNGA_(125)","90980-12380","6","S_EFI_ECU-TNGA2.0_103","S_EFI_ECU-TNGA2.0_103"
"TO_121_TNGA_(125)","90980-12380","3","S_EFI_ECU-TNGA2.0_066","S_EFI_ECU-TNGA2.0_066"
"TO_121_TNGA_(125)","90980-12380","9","",""
"TO_121_TNGA_(125)","90980-12380","1","EQ_F:IGN_TNGA_L","EQ_F:IGN_TNGA_L"
"TO_121_ZR_(124)","90980-11155","2","","SLD_S_EFI_ECU-ZR_025"
"TO_121_ZR_(124)","90980-11155","1","","SLD_S_EFI_ECU-ZR_024"
"TO_161_LH_(184)","","1","EMB_S_PVM_APP-21CY_002","EMB_S_PVM_APP-21CY_002"
"TO_161_LH_(184)","","43","EQ_F:PANEL_L","EQ_F:PANEL_L"
"TO_161_LH_(184)","","27","EQ_FL:PBD_L","EQ_FL:PBD_L"
"TO_161_LH_(184)","","42","S_SMART_ENTRY-15CY_034","S_SMART_ENTRY-15CY_034"
"TO_161_LH_(184)","","30","EQ_PDB_DOM1","EQ_PDB_DOM1"
"TO_161_LH_(184)","","35","CANFD_DS_BUS_LO","CANFD_DS_BUS_LO"
"TO_161_LH_(184)","","70","EMB_DRN_S_PVM_APP-21CY_101","EMB_DRN_S_PVM_APP-21CY_101"
"TO_161_LH_(184)","","40","S_SEC_ALARM_002","S_SEC_ALARM_002"
"TO_161_LH_(184)","","23","EQ_BODY_ECU_LSBO","EQ_BODY_ECU_LSBO"
"TO_161_LH_(184)","","22","CAN_B_BUS_LO","CAN_B_BUS_LO"
"TO_161_LH_(184)","","15","SLD_S_SPVM-21CY_004","SLD_S_SPVM-21CY_004"
"TO_161_LH_(184)","","7","SLD_DRN_S_21CY_TOYOTA_T2-T1_108","SLD_DRN_S_21CY_TOYOTA_T2-T1_108"
"TO_161_LH_(184)","","16","SLD_S_SPVM-21CY_002","SLD_S_SPVM-21CY_002"
"TO_161_LH_(184)","","5","","MCB6516"
"TO_161_LH_(184)","","2","EMB_S_PVM_APP-21CY_003","EMB_S_PVM_APP-21CY_003"
"TO_161_LH_(184)","","33","GND_DEF_RR_E","GND_DEF_RR_E"
"TO_161_LH_(184)","","25","EQ_F:ECU-IGR_NO.1_L","EQ_F:ECU-IGR_NO.1_L"
"TO_161_LH_(184)","","4","","MCB6517"
"TO_161_LH_(184)","","34","S_AHB_G_ECU-STOP_LP_003","S_AHB_G_ECU-STOP_LP_003"
"TO_161_LH_(184)","","3","EMB_S_PVM_APP-21CY_004","EMB_S_PVM_APP-21CY_004"
"TO_161_LH_(184)","","12","","MCB6519"
"TO_161_LH_(184)","","44","CANFD_DS_BUS_LO","CANFD_DS_BUS_LO"
"TO_161_LH_(184)","","21","CAN_B_BUS_HI","CAN_B_BUS_HI"
"TO_161_LH_(184)","","41","S_SMART_ENTRY-15CY_033","S_SMART_ENTRY-15CY_033"
"TO_161_LH_(184)","","11","","MCB6518"
"TO_161_LH_(184)","","10","SLD_S_21CY_TOYOTA_T2-T1_062","SLD_S_21CY_TOYOTA_T2-T1_062"
"TO_161_LH_(184)","","28","",""
"TO_161_LH_(184)","","26","CANFD_DS_BUS_HI","CANFD_DS_BUS_HI"
"TO_161_LH_(184)","","20","EQ_METER_ILL-","EQ_METER_ILL-"
"TO_161_LH_(184)","","39","S_PBD_001","S_PBD_001"
"TO_161_LH_(184)","","32","GND_B/DR_OPNR_SW_E","GND_B/DR_OPNR_SW_E"
"TO_161_LH_(184)","","9","SLD_S_21CY_TOYOTA_T2-T1_061","SLD_S_21CY_TOYOTA_T2-T1_061"
"TO_161_LH_(184)","","31","GND_100V_OUTLET_CONSOLE-OTHER_E","GND_100V_OUTLET_CONSOLE-OTHER_E"
"TO_161_LH_(184)","","38","S_BODY_ECU_EX_LP_011","S_BODY_ECU_EX_LP_011"
"TO_161_LH_(184)","","13","","MCB6520"
"TO_161_LH_(184)","","69","EMB_S_PVM_APP-21CY_001","EMB_S_PVM_APP-21CY_001"
"TO_161_LH_(184)","","17","SLD_S_SPVM-21CY_003","SLD_S_SPVM-21CY_003"
"TO_161_LH_(184)","","14","SLD_DRN_S_SPVM-21CY_101","SLD_DRN_S_SPVM-21CY_101"
"TO_161_LH_(184)","","37","S_BODY_ECU_DOOR_017","S_BODY_ECU_DOOR_017"
"TO_161_LH_(184)","","24","EQ_F:ECU-B_NO.2_L","EQ_F:ECU-B_NO.2_L"
"TO_161_LH_(184)","","36","S_BODY_ECU_DOOR_007","S_BODY_ECU_DOOR_007"
"TO_161_LH_(184)","","19","CANFD_DS_BUS_HI","CANFD_DS_BUS_HI"
"TO_161_LH_(184)","","18","SLD_S_SPVM-21CY_001","SLD_S_SPVM-21CY_001"
"TO_161_LH_(184)","","8","SLD_S_21CY_TOYOTA_T2-T1_060","SLD_S_21CY_TOYOTA_T2-T1_060"
"TO_161_LH_(184)","","6","SLD_S_21CY_TOYOTA_T2-T1_059","SLD_S_21CY_TOYOTA_T2-T1_059"
"TO_161_LH_(184)","","29","","MCB4689"
"TO_151_(161_RH)","","5","EMB_S_PVM_APP-21CY_012","EMB_S_PVM_APP-21CY_012"
"TO_151_(161_RH)","","6","SLD_S_SPVM-21CY_009","SLD_S_SPVM-21CY_009"
"TO_151_(161_RH)","","18","GND_BLE_RECV_D/SEAT_GND","GND_BLE_RECV_D/SEAT_GND"
"TO_151_(161_RH)","","7","SLD_DRN_S_SPVM-21CY_103","SLD_DRN_S_SPVM-21CY_103"
"TO_151_(161_RH)","","28","","S_OUT_MIR_SW_011"
"TO_151_(161_RH)","","8","SLD_S_SPVM-21CY_010","SLD_S_SPVM-21CY_010"
"TO_151_(161_RH)","","13","TW_S_AIRBAG_094","TW_S_AIRBAG_094"
"TO_151_(161_RH)","","10","SLD_S_SPVM-21CY_012","SLD_S_SPVM-21CY_012"
"TO_151_(161_RH)","","24","","S_PVM_APP-21CY_030"
"TO_151_(161_RH)","","4","EMB_S_PVM_APP-21CY_011","EMB_S_PVM_APP-21CY_011"
"TO_151_(161_RH)","","2","EMB_DRN_S_PVM_APP-21CY_103","EMB_DRN_S_PVM_APP-21CY_103"
"TO_151_(161_RH)","","23","","S_PVM_APP-21CY_029"
"TO_151_(161_RH)","","12","TW_S_AIRBAG_038","TW_S_AIRBAG_038"
"TO_151_(161_RH)","","22","","S_PVM_APP-21CY_028"
"TO_151_(161_RH)","","25","","S_PVM_APP-21CY_031"
"TO_151_(161_RH)","","16","TW_S_AIRBAG_150","TW_S_AIRBAG_150"
"TO_151_(161_RH)","","20","","S_BODY_ECU_DOOR_002"
"TO_151_(161_RH)","","14","TW_S_AIRBAG_097","TW_S_AIRBAG_097"
"TO_151_(161_RH)","","3","EMB_S_PVM_APP-21CY_010","EMB_S_PVM_APP-21CY_010"
"TO_151_(161_RH)","","19","","EQ_F:PANEL_L"
"TO_151_(161_RH)","","1","EMB_S_PVM_APP-21CY_009","EMB_S_PVM_APP-21CY_009"
"TO_151_(161_RH)","","27","","S_OUT_MIR_SW_015"
"TO_151_(161_RH)","","15","TW_S_AIRBAG_146","TW_S_AIRBAG_146"
"TO_151_(161_RH)","","11","TW_S_AIRBAG_037","TW_S_AIRBAG_037"
"TO_151_(161_RH)","","9","SLD_S_SPVM-21CY_011","SLD_S_SPVM-21CY_011"
"TO_151_(161_RH)","","26","","S_OUT_MIR_SW_014"
"TO_151_(161_RH)","","21","","S_BODY_ECU_DOOR_004"
"TO_151_(161_RH)","","17","EQ_BSM_MODULE_RH_OMIR","EQ_BSM_MODULE_RH_OMIR"
"TO_113_(111_LH)","90980-12326","4","TW_S_CLEARANCE_SNR_018","TW_S_CLEARANCE_SNR_018"
"TO_113_(111_LH)","90980-12326","10","",""
"TO_113_(111_LH)","90980-12326","9","",""
"TO_113_(111_LH)","90980-12326","5","TW_S_REMOTE_ANT_001","TW_S_REMOTE_ANT_001"
"TO_113_(111_LH)","90980-12326","8","S_CLEARANCE_SNR_016","S_CLEARANCE_SNR_016"
"TO_113_(111_LH)","90980-12326","11","",""
"TO_113_(111_LH)","90980-12326","3","TW_S_CLEARANCE_SNR_017","TW_S_CLEARANCE_SNR_017"
"TO_113_(111_LH)","90980-12326","12","",""
"TO_113_(111_LH)","90980-12326","6","TW_S_REMOTE_ANT_002","TW_S_REMOTE_ANT_002"
"TO_113_(111_LH)","90980-12326","1","TW_S_CLEARANCE_SNR_002","TW_S_CLEARANCE_SNR_002"
"TO_113_(111_LH)","90980-12326","7","S_CLEARANCE_SNR_001","S_CLEARANCE_SNR_001"
"TO_113_(111_LH)","90980-12326","13","",""
"TO_113_(111_LH)","90980-12326","2","TW_S_CLEARANCE_SNR_003","TW_S_CLEARANCE_SNR_003"
"TO_161_LH_(111_LH)","","14","S_EFI_ECU-TNGA2.0_003","S_EFI_ECU-TNGA2.0_003"
"TO_161_LH_(111_LH)","","8","EQ_F:EFI_NO.2_TNGA_L","EQ_F:EFI_NO.2_TNGA_L"
"TO_161_LH_(111_LH)","","50","","S_EFI_ECU-ZR_003"
"TO_161_LH_(111_LH)","","24","S_EFI_ECU-TNGA2.0_025","S_EFI_ECU-TNGA2.0_025"
"TO_161_LH_(111_LH)","","39","S_EFI_ECU-ZR_043","S_EFI_ECU-ZR_043"
"TO_161_LH_(111_LH)","","37","S_EFI_ECU-TNGA2.0_128","S_EFI_ECU-TNGA2.0_128"
"TO_161_LH_(111_LH)","","40","S_EFI_ECU-ZR_079","S_EFI_ECU-ZR_079"
"TO_161_LH_(111_LH)","","38","S_EFI_ECU-ZR_042","S_EFI_ECU-ZR_042"
"TO_161_LH_(111_LH)","","18","S_EFI_ECU-TNGA2.0_010","S_EFI_ECU-TNGA2.0_010"
"TO_161_LH_(111_LH)","","31","S_EFI_ECU-TNGA2.0_122","S_EFI_ECU-TNGA2.0_122"
"TO_161_LH_(111_LH)","","23","S_EFI_ECU-TNGA2.0_024","S_EFI_ECU-TNGA2.0_024"
"TO_161_LH_(111_LH)","","21","S_EFI_ECU-TNGA2.0_013","S_EFI_ECU-TNGA2.0_013"
"TO_161_LH_(111_LH)","","48","CANFD_DS_BUS_HI","CANFD_DS_BUS_HI"
"TO_161_LH_(111_LH)","","20","S_EFI_ECU-TNGA2.0_012","S_EFI_ECU-TNGA2.0_012"
"TO_161_LH_(111_LH)","","43","S_H_LP_ECU_007","S_H_LP_ECU_007"
"TO_161_LH_(111_LH)","","1","GND_SLD_DRN_AHB_G_ECU#2_104","GND_SLD_DRN_AHB_G_ECU#2_104"
"TO_161_LH_(111_LH)","","27","S_EFI_ECU-TNGA2.0_050","S_EFI_ECU-TNGA2.0_050"
"TO_161_LH_(111_LH)","","29","S_EFI_ECU-TNGA2.0_052","S_EFI_ECU-TNGA2.0_052"
"TO_161_LH_(111_LH)","","5","EQ_RLY:EFI_MAIN#2_FP","EQ_RLY:EFI_MAIN#2_FP"
"TO_161_LH_(111_LH)","","19","S_EFI_ECU-TNGA2.0_011","S_EFI_ECU-TNGA2.0_011"
"TO_161_LH_(111_LH)","","46","CANFD_DS_LOCAL3_BUS_HI","CANFD_DS_LOCAL3_BUS_HI"
"TO_161_LH_(111_LH)","","35","S_EFI_ECU-TNGA2.0_126","S_EFI_ECU-TNGA2.0_126"
"TO_161_LH_(111_LH)","","13","S_EFI_ECU-TNGA2.0_002","S_EFI_ECU-TNGA2.0_002"
"TO_161_LH_(111_LH)","","4","",""
"TO_161_LH_(111_LH)","","2","SLD_S_AHB_G_ECU#2_007","SLD_S_AHB_G_ECU#2_007"
"TO_161_LH_(111_LH)","","25","S_EFI_ECU-TNGA2.0_026","S_EFI_ECU-TNGA2.0_026"
"TO_161_LH_(111_LH)","","44","CAN_B_BUS_HI","CAN_B_BUS_HI"
"TO_161_LH_(111_LH)","","9","EQ_RLY:C/OPN_FP","EQ_RLY:C/OPN_FP"
"TO_161_LH_(111_LH)","","34","S_EFI_ECU-TNGA2.0_125","S_EFI_ECU-TNGA2.0_125"
"TO_161_LH_(111_LH)","","3","EQ_D/L_MTR_F/L-LHD_PLUS","EQ_D/L_MTR_F/L-LHD_PLUS"
"TO_161_LH_(111_LH)","","15","S_EFI_ECU-TNGA2.0_004","S_EFI_ECU-TNGA2.0_004"
"TO_161_LH_(111_LH)","","49","CANFD_DS_BUS_LO","CANFD_DS_BUS_LO"
"TO_161_LH_(111_LH)","","41","S_H_LP_ECU_004","S_H_LP_ECU_004"
"TO_161_LH_(111_LH)","","45","CAN_B_BUS_LO","CAN_B_BUS_LO"
"TO_161_LH_(111_LH)","","36","S_EFI_ECU-TNGA2.0_127","S_EFI_ECU-TNGA2.0_127"
"TO_161_LH_(111_LH)","","30","S_EFI_ECU-TNGA2.0_121","S_EFI_ECU-TNGA2.0_121"
"TO_161_LH_(111_LH)","","16","S_EFI_ECU-TNGA2.0_008","S_EFI_ECU-TNGA2.0_008"
"TO_161_LH_(111_LH)","","17","S_EFI_ECU-TNGA2.0_009","S_EFI_ECU-TNGA2.0_009"
"TO_161_LH_(111_LH)","","42","S_H_LP_ECU_005","S_H_LP_ECU_005"
"TO_161_LH_(111_LH)","","10","EQ_F:ECU-IGP_NO.3_L","EQ_F:ECU-IGP_NO.3_L"
"TO_161_LH_(111_LH)","","22","S_EFI_ECU-TNGA2.0_017","S_EFI_ECU-TNGA2.0_017"
"TO_161_LH_(111_LH)","","47","CANFD_DS_LOCAL3_BUS_LO","CANFD_DS_LOCAL3_BUS_LO"
"TO_161_LH_(111_LH)","","32","S_EFI_ECU-TNGA2.0_123","S_EFI_ECU-TNGA2.0_123"
"TO_161_LH_(111_LH)","","11","S_BODY_ECU_EX_LP_009","S_BODY_ECU_EX_LP_009"
"TO_161_LH_(111_LH)","","33","S_EFI_ECU-TNGA2.0_124","S_EFI_ECU-TNGA2.0_124"
"TO_161_LH_(111_LH)","","26","S_EFI_ECU-TNGA2.0_027","S_EFI_ECU-TNGA2.0_027"
"TO_161_LH_(111_LH)","","6","SLD_S_AHB_G_ECU#2_006","SLD_S_AHB_G_ECU#2_006"
"TO_161_LH_(111_LH)","","28","S_EFI_ECU-TNGA2.0_051","S_EFI_ECU-TNGA2.0_051"
"TO_161_LH_(111_LH)","","7","EQ_F:BATT_FAN_L","EQ_F:BATT_FAN_L"
"TO_161_LH_(111_LH)","","12","S_EFI_ECU-TNGA2.0_001","S_EFI_ECU-TNGA2.0_001"
"TO_121_TNGA_(219)","90980-12326","7","S_EFI_ECU-TNGA2.0_106","S_EFI_ECU-TNGA2.0_106"
"TO_121_TNGA_(219)","90980-12326","4","TW_S_EFI_ECU-TNGA2.0_082","TW_S_EFI_ECU-TNGA2.0_082"
"TO_121_TNGA_(219)","90980-12326","9","S_EFI_ECU-TNGA2.0_108","S_EFI_ECU-TNGA2.0_108"
"TO_121_TNGA_(219)","90980-12326","11","",""
"TO_121_TNGA_(219)","90980-12326","1","SLD_S_EFI_ECU-TNGA2.0_040","SLD_S_EFI_ECU-TNGA2.0_040"
"TO_121_TNGA_(219)","90980-12326","12","",""
"TO_121_TNGA_(219)","90980-12326","6","S_EFI_ECU-TNGA2.0_081","S_EFI_ECU-TNGA2.0_081"
"TO_121_TNGA_(219)","90980-12326","10","",""
"TO_121_TNGA_(219)","90980-12326","5","TW_S_EFI_ECU-TNGA2.0_083","TW_S_EFI_ECU-TNGA2.0_083"
"TO_121_TNGA_(219)","90980-12326","2","GND_SLD_DRN_S_EFI_ECU-TNGA2.0_203","GND_SLD_DRN_S_EFI_ECU-TNGA2.0_203"
"TO_121_TNGA_(219)","90980-12326","8","S_EFI_ECU-TNGA2.0_107","S_EFI_ECU-TNGA2.0_107"
"TO_121_TNGA_(219)","90980-12326","13","",""
"TO_121_TNGA_(219)","90980-12326","3","SLD_S_EFI_ECU-TNGA2.0_041","SLD_S_EFI_ECU-TNGA2.0_041"
"TO_125_(121_TNGA)","90980-12379","7","S_EFI_ECU-TNGA2.0_104","S_EFI_ECU-TNGA2.0_104"
"TO_125_(121_TNGA)","90980-12379","4","S_EFI_ECU-TNGA2.0_067","S_EFI_ECU-TNGA2.0_067"
"TO_125_(121_TNGA)","90980-12379","10","",""
"TO_125_(121_TNGA)","90980-12379","6","S_EFI_ECU-TNGA2.0_103","S_EFI_ECU-TNGA2.0_103"
"TO_125_(121_TNGA)","90980-12379","3","S_EFI_ECU-TNGA2.0_066","S_EFI_ECU-TNGA2.0_066"
"TO_125_(121_TNGA)","90980-12379","2","S_EFI_ECU-TNGA2.0_065","S_EFI_ECU-TNGA2.0_065"
"TO_125_(121_TNGA)","90980-12379","5","S_EFI_ECU-TNGA2.0_068","S_EFI_ECU-TNGA2.0_068"
"TO_125_(121_TNGA)","90980-12379","1","EQ_F:IGN_TNGA_L","EQ_F:IGN_TNGA_L"
"TO_125_(121_TNGA)","90980-12379","9","",""
"TO_125_(121_TNGA)","90980-12379","8","S_EFI_ECU-TNGA2.0_105","S_EFI_ECU-TNGA2.0_105"
