Connector Name,Pin Name,Pin Name nunique,Pin Name count,Connector PartNumber,Pin PreferredSignal,Signal Name,check_signal
TO_111_LH_(113),1,1,1,KANGO-12326,TW_S_CLEARANCE_SNR_002,TW_S_CLEARANCE_SNR_002,1
TO_111_LH_(113),2,1,1,KANGO-12326,TW_S_CLEARANCE_SNR_003,TW_S_CLEARANCE_SNR_003,1
TO_111_LH_(113),3,1,1,KANGO-12326,TW_S_CLEARANCE_SNR_017,TW_S_CLEARANCE_SNR_017,1
TO_111_LH_(113),4,1,1,KANGO-12326,TW_S_CLEARANCE_SNR_018,TW_S_CLEARANCE_SNR_018,1
TO_111_LH_(113),5,1,1,KANGO-12326,TW_S_REMOTE_ANT_001,TW_S_REMOTE_ANT_001,1
TO_111_LH_(113),6,1,1,KANGO-12326,TW_S_REMOTE_ANT_002,TW_S_REMOTE_ANT_002,1
TO_111_LH_(113),7,1,1,KANGO-12326,S_CLEARANCE_SNR_001,S_CLEARANCE_SNR_001,1
TO_111_LH_(113),8,1,1,KANGO-12326,S_CLEARANCE_SNR_016,S_CLEARANCE_SNR_016,1
TO_111_LH_(113),9,1,1,KANGO-12326,na,na,2
TO_111_LH_(113),10,1,1,KANGO-12326,na,na,2
TO_111_LH_(113),11,1,1,KANGO-12326,na,na,2
TO_111_LH_(113),12,1,1,KANGO-12326,na,na,2
TO_111_LH_(113),13,1,1,KANGO-12326,na,na,2
TO_111_LH_(121),1,1,1,,EQ_F:SBW_IGCT-HV_L,EQ_F:SBW_IGCT-HV_L,1
TO_111_LH_(121),2,1,1,,EQ_F:P-CON_MTR_NO.1_L,EQ_F:P-CON_MTR_NO.1_L,1
TO_111_LH_(121),3,1,1,,CAN_SBW_BUS_HI,CAN_SBW_BUS_HI,1
TO_111_LH_(121),4,1,1,,CAN_SBW_BUS_LO,CAN_SBW_BUS_LO,1
TO_111_LH_(121),5,1,1,,BATT_ENG_E_W/P-ZR_+B,BATT_ENG_E_W/P-ZR_+B,1
TO_111_LH_(121),6,1,1,,EQ_EFI_ECU-TNGA_LIN,EQ_EFI_ECU-TNGA_LIN,1
TO_111_LH_(121),7,1,1,,EQ_ENG_E_W/P-TNGA_PLUSB,EQ_ENG_E_W/P-TNGA_PLUSB,1
TO_111_LH_(121),8,1,1,,EQ_F:ECU-IGP_NO.3_L,EQ_F:ECU-IGP_NO.3_L,1
TO_111_LH_(121),9,1,1,,EQ_F:EFI_NO.2_TNGA_L,EQ_F:EFI_NO.2_TNGA_L,1
TO_111_LH_(121),10,1,1,,EQ_F:EFI_NO.2_ZR_L,EQ_F:EFI_NO.2_ZR_L,1
TO_111_LH_(121),11,1,1,,EQ_F:EFI_NO.5_L,EQ_F:EFI_NO.5_L,1
TO_111_LH_(121),12,1,1,,EQ_F:IGN_TNGA_L,EQ_F:IGN_TNGA_L,1
TO_111_LH_(121),13,1,1,,EQ_F:IGN_ZR_L,EQ_F:IGN_ZR_L,1
TO_111_LH_(121),14,1,1,,EQ_RLY:EFI_MAIN#2_FP,EQ_RLY:EFI_MAIN#2_FP,1
TO_111_LH_(121),15,1,1,,EQ_F:P-CON_MTR_NO.2_L,EQ_F:P-CON_MTR_NO.2_L,1
TO_111_LH_(121),16,1,1,,CAN_BTL_BUS_HI,CAN_BTL_BUS_HI,1
TO_111_LH_(121),17,1,1,,EQ_F:SBW_IGCT-PHV_L,EQ_F:SBW_IGCT-PHV_L,1
TO_111_LH_(121),18,1,1,,EQ_HV_ECU-HV_LIN3,EQ_HV_ECU-HV_LIN3,1
TO_111_LH_(121),19,1,1,,EQ_HV_ECU-PHV_LIN3,EQ_HV_ECU-PHV_LIN3,1
TO_111_LH_(121),20,1,1,,EQ_METER_OILW,EQ_METER_OILW,1
TO_111_LH_(121),21,1,1,,CAN_BTL_BUS_LO,CAN_BTL_BUS_LO,1
TO_111_LH_(121),22,1,1,,EQ_RLY:IG_B-HP_L,EQ_RLY:IG_B-HP_L,1
TO_111_LH_(121),23,1,1,,EQ_RLY:VVT_VVT1,EQ_RLY:VVT_VVT1,1
TO_111_LH_(121),24,1,1,,EQ_SBW_ACTR_ECU-HV_BUB1,EQ_SBW_ACTR_ECU-HV_BUB1,1
TO_111_LH_(121),25,1,1,,EQ_SBW_ACTR_ECU-HV_MA2,EQ_SBW_ACTR_ECU-HV_MA2,1
TO_111_LH_(121),26,1,1,,EQ_SBW_ACTR_ECU-PHV_BUB1,EQ_SBW_ACTR_ECU-PHV_BUB1,1
TO_111_LH_(121),27,1,1,,EQ_SBW_ACTR_ECU-PHV_MA2,EQ_SBW_ACTR_ECU-PHV_MA2,1
TO_111_LH_(121),28,1,1,,GND_A/C_INV_GND,GND_A/C_INV_GND,1
TO_111_LH_(121),29,1,1,,GND_EFI_ECU-TNGA_E01,GND_EFI_ECU-TNGA_E01,1
TO_111_LH_(121),30,1,1,,GND_SBW_ACTR_ECU-HV_E01,GND_SBW_ACTR_ECU-HV_E01,1
TO_111_LH_(121),31,1,1,,S_EFI_ECU-TNGA2.0_050,S_EFI_ECU-TNGA2.0_050,1
TO_111_LH_(121),32,1,1,,S_EFI_ECU-TNGA2.0_051,S_EFI_ECU-TNGA2.0_051,1
TO_111_LH_(121),33,1,1,,S_EFI_ECU-TNGA2.0_052,S_EFI_ECU-TNGA2.0_052,1
TO_111_LH_(121),34,1,1,,S_EFI_ECU-TNGA2.0_097,S_EFI_ECU-TNGA2.0_097,1
TO_111_LH_(121),35,1,1,,S_EFI_ECU-TNGA2.0_098,S_EFI_ECU-TNGA2.0_098,1
TO_111_LH_(121),36,1,1,,S_METER_025,S_METER_025,1
TO_111_LH_(121),37,1,1,,S_SBW_003,S_SBW_003,1
TO_111_LH_(121),38,1,1,,S_SBW_004,S_SBW_004,1
TO_111_LH_(121),39,1,1,,S_SBW_025,S_SBW_025,1
TO_111_LH_(121),40,1,1,,S_SBW_026,S_SBW_026,1
TO_111_LH_(143),1,1,1,90980-10956,EQ_RLY:PTC_HTR#1_L,EQ_RLY:PTC_HTR#1_L,1
TO_111_LH_(143),2,1,1,90980-10956,EQ_RLY:PTC_HTR#2_L,EQ_RLY:PTC_HTR#2_L,1
TO_111_LH_(143),3,1,1,90980-10956,EQ_RLY:PTC_HTR#3_L,EQ_RLY:PTC_HTR#3_L,1
TO_111_LH_(161_LH),1,1,1,,GND_SLD_DRN_AHB_G_ECU#2_104,GND_SLD_DRN_AHB_G_ECU#2_104,1
TO_111_LH_(161_LH),2,1,1,,SLD_S_AHB_G_ECU#2_007,SLD_S_AHB_G_ECU#2_007,1
TO_111_LH_(161_LH),3,1,1,,EQ_D/L_MTR_F/L-LHD_PLUS,EQ_D/L_MTR_F/L-LHD_PLUS,1
TO_111_LH_(161_LH),4,1,1,,na,na,2
TO_111_LH_(161_LH),5,1,1,,EQ_RLY:EFI_MAIN#2_FP,EQ_RLY:EFI_MAIN#2_FP,1
TO_111_LH_(161_LH),6,1,1,,SLD_S_AHB_G_ECU#2_006,SLD_S_AHB_G_ECU#2_006,1
TO_111_LH_(161_LH),7,1,1,,EQ_F:BATT_FAN_L,EQ_F:BATT_FAN_L,1
TO_111_LH_(161_LH),8,1,1,,EQ_F:EFI_NO.2_TNGA_L,EQ_F:EFI_NO.2_TNGA_L,1
TO_111_LH_(161_LH),9,1,1,,EQ_RLY:C/OPN_FP,EQ_RLY:C/OPN_FP,1
TO_111_LH_(161_LH),10,1,1,,EQ_F:ECU-IGP_NO.3_L,EQ_F:ECU-IGP_NO.3_L,1
TO_111_LH_(161_LH),11,1,1,,S_BODY_ECU_EX_LP_009,S_BODY_ECU_EX_LP_009,1
TO_111_LH_(161_LH),12,1,1,,S_EFI_ECU-TNGA2.0_001,S_EFI_ECU-TNGA2.0_001,1
TO_111_LH_(161_LH),13,1,1,,S_EFI_ECU-TNGA2.0_002,S_EFI_ECU-TNGA2.0_002,1
TO_111_LH_(161_LH),14,1,1,,S_EFI_ECU-TNGA2.0_003,S_EFI_ECU-TNGA2.0_003,1
TO_111_LH_(161_LH),15,1,1,,S_EFI_ECU-TNGA2.0_004,S_EFI_ECU-TNGA2.0_004,1
TO_111_LH_(161_LH),16,1,1,,S_EFI_ECU-TNGA2.0_008,S_EFI_ECU-TNGA2.0_008,1
TO_111_LH_(161_LH),17,1,1,,S_EFI_ECU-TNGA2.0_009,S_EFI_ECU-TNGA2.0_009,1
TO_111_LH_(161_LH),18,1,1,,S_EFI_ECU-TNGA2.0_010,S_EFI_ECU-TNGA2.0_010,1
TO_111_LH_(161_LH),19,1,1,,S_EFI_ECU-TNGA2.0_011,S_EFI_ECU-TNGA2.0_011,1
TO_111_LH_(161_LH),20,1,1,,S_EFI_ECU-TNGA2.0_012,S_EFI_ECU-TNGA2.0_012,1
TO_111_LH_(161_LH),21,1,1,,S_EFI_ECU-TNGA2.0_013,S_EFI_ECU-TNGA2.0_013,1
TO_111_LH_(161_LH),22,1,1,,S_EFI_ECU-TNGA2.0_017,S_EFI_ECU-TNGA2.0_017,1
TO_111_LH_(161_LH),23,1,1,,S_EFI_ECU-TNGA2.0_024,S_EFI_ECU-TNGA2.0_024,1
TO_111_LH_(161_LH),24,1,1,,S_EFI_ECU-TNGA2.0_025,S_EFI_ECU-TNGA2.0_025,1
TO_111_LH_(161_LH),25,1,1,,S_EFI_ECU-TNGA2.0_026,S_EFI_ECU-TNGA2.0_026,1
TO_111_LH_(161_LH),26,1,1,,S_EFI_ECU-TNGA2.0_027,S_EFI_ECU-TNGA2.0_027,1
TO_111_LH_(161_LH),27,1,1,,S_EFI_ECU-TNGA2.0_050,S_EFI_ECU-TNGA2.0_050,1
TO_111_LH_(161_LH),28,1,1,,S_EFI_ECU-TNGA2.0_051,S_EFI_ECU-TNGA2.0_051,1
TO_111_LH_(161_LH),29,1,1,,S_EFI_ECU-TNGA2.0_052,S_EFI_ECU-TNGA2.0_052,1
TO_111_LH_(161_LH),30,1,1,,S_EFI_ECU-TNGA2.0_121,S_EFI_ECU-TNGA2.0_121,1
TO_111_LH_(161_LH),31,1,1,,S_EFI_ECU-TNGA2.0_122,S_EFI_ECU-TNGA2.0_122,1
TO_111_LH_(161_LH),32,1,1,,S_EFI_ECU-TNGA2.0_123,S_EFI_ECU-TNGA2.0_123,1
TO_111_LH_(161_LH),33,1,1,,S_EFI_ECU-TNGA2.0_124,S_EFI_ECU-TNGA2.0_124,1
TO_111_LH_(161_LH),34,1,1,,S_EFI_ECU-TNGA2.0_125,S_EFI_ECU-TNGA2.0_125,1
TO_111_LH_(161_LH),35,1,1,,S_EFI_ECU-TNGA2.0_126,S_EFI_ECU-TNGA2.0_126,1
TO_111_LH_(161_LH),36,1,1,,S_EFI_ECU-TNGA2.0_127,S_EFI_ECU-TNGA2.0_127,1
TO_111_LH_(161_LH),37,1,1,,S_EFI_ECU-TNGA2.0_128,S_EFI_ECU-TNGA2.0_128,1
TO_111_LH_(161_LH),38,1,1,,S_EFI_ECU-ZR_042,S_EFI_ECU-ZR_042,1
TO_111_LH_(161_LH),39,1,1,,S_EFI_ECU-ZR_043,S_EFI_ECU-ZR_043,1
TO_111_LH_(161_LH),40,1,1,,S_EFI_ECU-ZR_079,S_EFI_ECU-ZR_079,1
TO_111_LH_(161_LH),41,1,1,,S_H_LP_ECU_004,S_H_LP_ECU_004,1
TO_111_LH_(161_LH),42,1,1,,S_H_LP_ECU_005,S_H_LP_ECU_005,1
TO_111_LH_(161_LH),43,1,1,,S_H_LP_ECU_007,S_H_LP_ECU_007,1
TO_111_LH_(161_LH),44,1,1,,CAN_B_BUS_HI,CAN_B_BUS_HI,1
TO_111_LH_(161_LH),45,1,1,,CAN_B_BUS_LO,CAN_B_BUS_LO,1
TO_111_LH_(161_LH),46,1,1,,CANFD_DS_LOCAL3_BUS_HI,CANFD_DS_LOCAL3_BUS_HI,1
TO_111_LH_(161_LH),47,1,1,,CANFD_DS_LOCAL3_BUS_LO,CANFD_DS_LOCAL3_BUS_LO,1
TO_111_LH_(161_LH),48,1,1,,CANFD_DS_BUS_HI,CANFD_DS_BUS_HI,1
TO_111_LH_(161_LH),49,1,1,,CANFD_DS_BUS_LO,CANFD_DS_BUS_LO,1
TO_111_LH_(161_LH),50,1,1,,na,S_EFI_ECU-ZR_003,0
TO_111_LH_LHD_(141_LH_LHD),1,1,1,,CANFD_P_BUS_HI,CANFD_P_BUS_HI,1
TO_111_LH_LHD_(141_LH_LHD),2,1,1,,CANFD_P_BUS_LO,CANFD_P_BUS_LO,1
TO_111_LH_LHD_(141_LH_LHD),3,1,1,,EQ_BODY_ECU_DIM,EQ_BODY_ECU_DIM,1
TO_111_LH_LHD_(141_LH_LHD),4,1,1,,EQ_BODY_ECU_HCTY,EQ_BODY_ECU_HCTY,1
TO_111_LH_LHD_(141_LH_LHD),5,1,1,,EQ_BODY_ECU_WPS,EQ_BODY_ECU_WPS,1
TO_111_LH_LHD_(141_LH_LHD),6,1,1,,na,na,2
TO_111_LH_LHD_(141_LH_LHD),7,1,1,,EQ_F:DMC_ECU_L,EQ_F:DMC_ECU_L,1
TO_111_LH_LHD_(141_LH_LHD),9,1,1,,EQ_F:H-LP_LH_LED_L/ECU_L,EQ_F:H-LP_LH_LED_L/ECU_L,1
TO_111_LH_LHD_(141_LH_LHD),10,1,1,,EQ_F:S/HTR_RR_L,EQ_F:S/HTR_RR_L,1
TO_111_LH_LHD_(141_LH_LHD),11,1,1,,CANFD_DS_BUS_HI,CANFD_DS_BUS_HI,1
TO_111_LH_LHD_(141_LH_LHD),12,1,1,,EQ_F:WASHER_L,EQ_F:WASHER_L,1
TO_111_LH_LHD_(141_LH_LHD),13,1,1,,EQ_FL:EPS_L,EQ_FL:EPS_L,1
TO_111_LH_LHD_(141_LH_LHD),14,1,1,,EQ_METER_LL,EQ_METER_LL,1
TO_111_LH_LHD_(141_LH_LHD),15,1,1,,EQ_RLY:WIPER_L,EQ_RLY:WIPER_L,1
TO_111_LH_LHD_(141_LH_LHD),16,1,1,,CAN_B_BUS_HI,CAN_B_BUS_HI,1
TO_111_LH_LHD_(141_LH_LHD),17,1,1,,S_H_LP_LVL_SW_002,S_H_LP_LVL_SW_002,1
TO_111_LH_LHD_(141_LH_LHD),18,1,1,,S_WIPER_011,S_WIPER_011,1
TO_111_LH_LHD_(141_LH_LHD),19,1,1,,S_WIPER_012,S_WIPER_012,1
TO_111_LH_LHD_(141_LH_LHD),20,1,1,,S_WIPER_013,S_WIPER_013,1
TO_111_LH_LHD_(141_LH_LHD),22,1,1,,EQ_F:STRG_HTR_L,EQ_F:STRG_HTR_L,1
TO_111_LH_LHD_(141_LH_LHD),23,1,1,,CANFD_DS_BUS_LO,CANFD_DS_BUS_LO,1
TO_111_LH_LHD_(141_LH_LHD),24,1,1,,CAN_B_BUS_LO,CAN_B_BUS_LO,1
TO_111_LH_LHD_(141_LH_LHD),25,1,1,,CANFD_DS_LOCAL3_BUS_HI,CANFD_DS_LOCAL3_BUS_HI,1
TO_111_LH_LHD_(141_LH_LHD),26,1,1,,CANFD_DS_LOCAL3_BUS_LO,CANFD_DS_LOCAL3_BUS_LO,1
TO_111_LH_RHD_(141_LH_RHD),1,1,1,,na,na,2
TO_111_LH_RHD_(141_LH_RHD),2,1,1,,na,na,2
TO_111_LH_RHD_(141_LH_RHD),3,1,1,,na,CAN_B_BUS_HI,0
TO_111_LH_RHD_(141_LH_RHD),4,1,1,,na,CAN_B_BUS_LO,0
TO_111_LH_RHD_(141_LH_RHD),5,1,1,,na,CAN_SBW_BUS_HI,0
TO_111_LH_RHD_(141_LH_RHD),6,1,1,,na,CAN_SBW_BUS_LO,0
TO_111_LH_RHD_(141_LH_RHD),7,1,1,,na,EQ_A/BAG_SSR_F/L_-SL,0
TO_111_LH_RHD_(141_LH_RHD),8,1,1,,na,EQ_A/BAG_SSR_F/L_PLUSSL,0
TO_111_LH_RHD_(141_LH_RHD),9,1,1,,na,EQ_AHB_G_ECU#2_CSW,0
TO_111_LH_RHD_(141_LH_RHD),10,1,1,,na,MCB1203,0
TO_111_LH_RHD_(141_LH_RHD),11,1,1,,na,MCB1204,0
TO_111_LH_RHD_(141_LH_RHD),12,1,1,,EQ_BODY_ECU_DIM,EQ_BODY_ECU_DIM,1
TO_111_LH_RHD_(141_LH_RHD),13,1,1,,na,EQ_BODY_ECU_HCTY,0
TO_111_LH_RHD_(141_LH_RHD),14,1,1,,na,EQ_BODY_ECU_WPS,0
TO_111_LH_RHD_(141_LH_RHD),15,1,1,,na,EQ_F:2ND_BATT_L,0
TO_111_LH_RHD_(141_LH_RHD),16,1,1,,na,EQ_F:DMC_ECU_L,0
TO_111_LH_RHD_(141_LH_RHD),17,1,1,,na,EQ_F:ECU-IGR_NO.3_L,0
TO_111_LH_RHD_(141_LH_RHD),18,1,1,,na,EQ_F:PM_IGCT-PHV_L,0
TO_111_LH_RHD_(141_LH_RHD),19,1,1,,EQ_F:P-CON_MTR_NO.1_L,EQ_F:P-CON_MTR_NO.1_L,1
TO_111_LH_RHD_(141_LH_RHD),20,1,1,,EQ_F:SBW_IGCT-HV_L,EQ_F:SBW_IGCT-HV_L,1
TO_111_LH_RHD_(141_LH_RHD),21,1,1,,CANFD_P_BUS_HI,CANFD_P_BUS_HI,1
TO_111_LH_RHD_(141_LH_RHD),22,1,1,,EQ_METER_LL,EQ_METER_LL,1
TO_111_LH_RHD_(141_LH_RHD),23,1,1,,na,EQ_MF:AMP_L,0
TO_111_LH_RHD_(141_LH_RHD),24,1,1,,EQ_OUTS_TEMP_SSR_-,EQ_OUTS_TEMP_SSR_-,1
TO_111_LH_RHD_(141_LH_RHD),25,1,1,,EQ_RLY:IG_B-HP_L,EQ_RLY:IG_B-HP_L,1
TO_111_LH_RHD_(141_LH_RHD),26,1,1,,EQ_SBW_ACTR_ECU-HV_BUB1,EQ_SBW_ACTR_ECU-HV_BUB1,1
TO_111_LH_RHD_(141_LH_RHD),27,1,1,,na,EQ_SBW_ACTR_ECU-HV_MA2,0
TO_111_LH_RHD_(141_LH_RHD),28,1,1,,EQ_SBW_ACTR_ECU-PHV_BUB1,EQ_SBW_ACTR_ECU-PHV_BUB1,1
TO_111_LH_RHD_(141_LH_RHD),29,1,1,,na,EQ_SBW_ACTR_ECU-PHV_MA2,0
TO_111_LH_RHD_(141_LH_RHD),30,1,1,,EQ_STOP_LP_SW_L_CC,EQ_STOP_LP_SW_L_CC,1
TO_111_LH_RHD_(141_LH_RHD),31,1,1,,S_21CY_TOYOTA_T2-T1_095,S_21CY_TOYOTA_T2-T1_095,1
TO_111_LH_RHD_(141_LH_RHD),32,1,1,,S_AHB_G_ECU#2_001,S_AHB_G_ECU#2_001,1
TO_111_LH_RHD_(141_LH_RHD),33,1,1,,S_AHB_G_ECU#2_029,S_AHB_G_ECU#2_029,1
TO_111_LH_RHD_(141_LH_RHD),34,1,1,,S_AHB_G_ECU#2_030,S_AHB_G_ECU#2_030,1
TO_111_LH_RHD_(141_LH_RHD),35,1,1,,S_AHB_G_ECU#2_031,S_AHB_G_ECU#2_031,1
TO_111_LH_RHD_(141_LH_RHD),36,1,1,,S_AHB_G_ECU#2_032,S_AHB_G_ECU#2_032,1
TO_111_LH_RHD_(141_LH_RHD),37,1,1,,na,S_SBW_003,0
TO_111_LH_RHD_(141_LH_RHD),38,1,1,,na,S_SBW_004,0
TO_111_LH_RHD_(141_LH_RHD),39,1,1,,na,S_SBW_025,0
TO_111_LH_RHD_(141_LH_RHD),40,1,1,,na,S_SBW_026,0
TO_111_LH_RHD_(141_LH_RHD),41,1,1,,na,S_SMART_ENTRY-15CY_027,0
TO_111_LH_RHD_(141_LH_RHD),42,1,1,,na,EQ_F:STRG_HTR_L,0
TO_111_LH_RHD_(141_LH_RHD),43,1,1,,na,CANFD_P_BUS_LO,0
TO_111_LH_RHD_(141_LH_RHD),44,1,1,,na,CANFD_DS_LOCAL3_BUS_HI,0
TO_111_LH_RHD_(141_LH_RHD),45,1,1,,na,CANFD_DS_LOCAL3_BUS_LO,0
TO_111_LH_RHD_(141_LH_RHD),46,1,1,,na,CANFD_DS_BUS_HI,0
TO_111_LH_RHD_(141_LH_RHD),47,1,1,,na,CANFD_DS_BUS_LO,0
TO_111_LH_RHD_(141_LH_RHD),48,1,1,,na,na,2
TO_111_LH_RHD_(141_LH_RHD),49,1,1,,na,na,2
TO_111_RH_(161_RH),1,1,1,,SLD_S_MGR_004,SLD_S_MGR_004,1
TO_111_RH_(161_RH),2,1,1,,SLD_DRN_S_MGR_102,SLD_DRN_S_MGR_102,1
TO_111_RH_(161_RH),3,1,1,,SLD_S_MGR_005,SLD_S_MGR_005,1
TO_111_RH_(161_RH),4,1,1,,SLD_S_MGR_006,SLD_S_MGR_006,1
TO_111_RH_(161_RH),5,1,1,,SLD_S_MGR_007,SLD_S_MGR_007,1
TO_111_RH_(161_RH),6,1,1,,SLD_S_MGR_008,SLD_S_MGR_008,1
TO_111_RH_(161_RH),7,1,1,,SLD_S_MGR_009,SLD_S_MGR_009,1
TO_111_RH_(161_RH),8,1,1,,EMB_S_PVM_APP-21CY_005,EMB_S_PVM_APP-21CY_005,1
TO_111_RH_(161_RH),9,1,1,,EMB_DRN_S_PVM_APP-21CY_102,EMB_DRN_S_PVM_APP-21CY_102,1
TO_111_RH_(161_RH),10,1,1,,EMB_S_PVM_APP-21CY_006,EMB_S_PVM_APP-21CY_006,1
TO_111_RH_(161_RH),11,1,1,,EMB_S_PVM_APP-21CY_007,EMB_S_PVM_APP-21CY_007,1
TO_111_RH_(161_RH),12,1,1,,EMB_S_PVM_APP-21CY_008,EMB_S_PVM_APP-21CY_008,1
TO_111_RH_(161_RH),13,1,1,,SLD_S_SPVM-21CY_005,SLD_S_SPVM-21CY_005,1
TO_111_RH_(161_RH),14,1,1,,SLD_DRN_S_SPVM-21CY_102,SLD_DRN_S_SPVM-21CY_102,1
TO_111_RH_(161_RH),15,1,1,,SLD_S_SPVM-21CY_006,SLD_S_SPVM-21CY_006,1
TO_111_RH_(161_RH),16,1,1,,SLD_S_SPVM-21CY_007,SLD_S_SPVM-21CY_007,1
TO_111_RH_(161_RH),17,1,1,,SLD_S_SPVM-21CY_008,SLD_S_SPVM-21CY_008,1
TO_111_RH_(161_RH),18,1,1,,SLD_S_AHB_G_ECU#2_008,SLD_S_AHB_G_ECU#2_008,1
TO_111_RH_(161_RH),19,1,1,,GND_SLD_DRN_AHB_G_ECU#2_103,GND_SLD_DRN_AHB_G_ECU#2_103,1
TO_111_RH_(161_RH),20,1,1,,SLD_S_AHB_G_ECU#2_009,SLD_S_AHB_G_ECU#2_009,1
TO_111_RH_(161_RH),21,1,1,,TW_S_REMOTE_ANT_001,TW_S_REMOTE_ANT_001,1
TO_111_RH_(161_RH),22,1,1,,TW_S_REMOTE_ANT_002,TW_S_REMOTE_ANT_002,1
TO_111_RH_(161_RH),23,1,1,,EQ_F:PWC(TBD)_L,na,0
TO_111_RH_(161_RH),24,1,1,,EQ_F:AMD2_L,EQ_F:AMD2_L,1
TO_111_RH_(161_RH),25,1,1,,EQ_F:IGCT_NO.2_L,EQ_F:IGCT_NO.2_L,1
TO_111_RH_(161_RH),26,1,1,,CANFD_DS_LOCAL1_BUS_HI,CANFD_DS_LOCAL1_BUS_HI,1
TO_111_RH_(161_RH),27,1,1,,CANFD_DS_LOCAL1_BUS_LO,CANFD_DS_LOCAL1_BUS_LO,1
TO_111_RH_(161_RH),30,1,1,,EQ_F:PLUG_LOCK_L,EQ_F:PLUG_LOCK_L,1
TO_111_RH_(161_RH),31,1,1,,EQ_HV_ECU-HV_LIN3,EQ_HV_ECU-HV_LIN3,1
TO_111_RH_(161_RH),32,1,1,,EQ_HV_ECU-PHV_LIN3,EQ_HV_ECU-PHV_LIN3,1
TO_111_RH_(161_RH),33,1,1,,S_AHB_G_ECU#2_020,S_AHB_G_ECU#2_020,1
TO_111_RH_(161_RH),34,1,1,,S_AHB_G_ECU#2_021,S_AHB_G_ECU#2_021,1
TO_111_RH_(161_RH),35,1,1,,S_AHB_G_ECU#2_024,S_AHB_G_ECU#2_024,1
TO_111_RH_(161_RH),36,1,1,,S_AHB_G_ECU#2_025,S_AHB_G_ECU#2_025,1
TO_111_RH_(161_RH),37,1,1,,S_AHB_G_ECU-STOP_LP_003,S_AHB_G_ECU-STOP_LP_003,1
TO_111_RH_(161_RH),38,1,1,,S_MGR_010,S_MGR_010,1
TO_111_RH_(161_RH),39,1,1,,S_MGR_011,S_MGR_011,1
TO_111_RH_(161_RH),46,1,1,,TW_S_CLEARANCE_SNR_002,TW_S_CLEARANCE_SNR_002,1
TO_111_RH_(161_RH),47,1,1,,TW_S_CLEARANCE_SNR_003,TW_S_CLEARANCE_SNR_003,1
TO_111_RH_(161_RH),48,1,1,,TW_S_CLEARANCE_SNR_017,TW_S_CLEARANCE_SNR_017,1
TO_111_RH_(161_RH),49,1,1,,TW_S_CLEARANCE_SNR_018,TW_S_CLEARANCE_SNR_018,1
TO_111_RH_(161_RH),50,1,1,,EQ_F:ECU-IGR_NO.3_L,EQ_F:ECU-IGR_NO.3_L,1
TO_111_RH_(161_RH),51,1,1,,S_CLEARANCE_SNR_001,S_CLEARANCE_SNR_001,1
TO_111_RH_(161_RH),52,1,1,,S_CLEARANCE_SNR_016,S_CLEARANCE_SNR_016,1
TO_111_RH_LHD_(141_RH_LHD),1,1,1,,CAN_BTL_BUS_HI,CAN_BTL_BUS_HI,1
TO_111_RH_LHD_(141_RH_LHD),2,1,1,,CAN_BTL_BUS_HI,CAN_BTL_BUS_HI,1
TO_111_RH_LHD_(141_RH_LHD),3,1,1,,EQ_F:ECU-IGR_NO.3_L,EQ_F:ECU-IGR_NO.3_L,1
TO_111_RH_LHD_(141_RH_LHD),4,1,1,,EQ_F:PM_IGCT-PHV_L,EQ_F:PM_IGCT-PHV_L,1
TO_111_RH_LHD_(141_RH_LHD),5,1,1,,EQ_OUTS_TEMP_SSR_-,EQ_OUTS_TEMP_SSR_-,1
TO_111_RH_LHD_(141_RH_LHD),6,1,1,,S_ACON-HP_025,S_ACON-HP_025,1
TO_111_RH_LHD_(141_RH_LHD),7,1,1,,CANFD_PL_BUS_HI,CANFD_PL_BUS_HI,1
TO_111_RH_LHD_(141_RH_LHD),8,1,1,,CANFD_PL_BUS_LO,CANFD_PL_BUS_LO,1
TO_111_RH_LHD_(141_RH_LHD),9,1,1,,EQ_F:SBW_IGCT-HV_L,EQ_F:SBW_IGCT-HV_L,1
TO_111_RH_LHD_(141_RH_LHD),10,1,1,,EQ_F:P-CON_MTR_NO.1_L,EQ_F:P-CON_MTR_NO.1_L,1
TO_111_RH_LHD_(141_RH_LHD),11,1,1,,CAN_BTL_BUS_LO,CAN_BTL_BUS_LO,1
TO_111_RH_LHD_(141_RH_LHD),12,1,1,,CAN_BTL_BUS_LO,CAN_BTL_BUS_LO,1
TO_111_RH_LHD_(141_RH_LHD),13,1,1,,CANFD_ADS_C1_BUS_HI,CANFD_ADS_C1_BUS_HI,1
TO_111_RH_LHD_(141_RH_LHD),14,1,1,,CANFD_ADS_C1_BUS_HI,CANFD_ADS_C1_BUS_HI,1
TO_111_RH_LHD_(141_RH_LHD),15,1,1,,CAN_C2_BUS_HI,CAN_C2_BUS_HI,1
TO_111_RH_LHD_(141_RH_LHD),16,1,1,,CAN_C2_BUS_LO,CAN_C2_BUS_LO,1
TO_111_RH_LHD_(141_RH_LHD),17,1,1,,CAN_SBW_BUS_HI,CAN_SBW_BUS_HI,1
TO_111_RH_LHD_(141_RH_LHD),18,1,1,,CAN_SBW_BUS_LO,CAN_SBW_BUS_LO,1
TO_111_RH_LHD_(141_RH_LHD),19,1,1,,na,na,2
TO_111_RH_LHD_(141_RH_LHD),20,1,1,,CANFD_ADS_C1_BUS_LO,CANFD_ADS_C1_BUS_LO,1
TO_111_RH_LHD_(141_RH_LHD),21,1,1,,CANFD_ADS_C1_BUS_LO,CANFD_ADS_C1_BUS_LO,1
TO_111_RH_LHD_(141_RH_LHD),22,1,1,,na,na,2
TO_111_RH_LHD_(141_RH_LHD),23,1,1,,EQ_A/BAG_SSR_F/R_-SR,EQ_A/BAG_SSR_F/R_-SR,1
TO_111_RH_LHD_(141_RH_LHD),24,1,1,,EQ_A/BAG_SSR_F/R_PLUSSR,EQ_A/BAG_SSR_F/R_PLUSSR,1
TO_111_RH_LHD_(141_RH_LHD),25,1,1,,EQ_A/BAG_SSR_F/L_-SL,EQ_A/BAG_SSR_F/L_-SL,1
TO_111_RH_LHD_(141_RH_LHD),26,1,1,,EQ_A/BAG_SSR_F/L_PLUSSL,EQ_A/BAG_SSR_F/L_PLUSSL,1
TO_111_RH_LHD_(141_RH_LHD),27,1,1,,TW_S_ACON-HP_008,TW_S_ACON-HP_008,1
TO_111_RH_LHD_(141_RH_LHD),28,1,1,,TW_S_ACON-HP_009,TW_S_ACON-HP_009,1
TO_111_RH_LHD_(141_RH_LHD),29,1,1,,EQ_AHB_G_ECU#2_CSW,EQ_AHB_G_ECU#2_CSW,1
TO_111_RH_LHD_(141_RH_LHD),30,1,1,,na,MCB1203,0
TO_111_RH_LHD_(141_RH_LHD),31,1,1,,na,MCB1207,0
TO_111_RH_LHD_(141_RH_LHD),32,1,1,,na,na,2
TO_111_RH_LHD_(141_RH_LHD),33,1,1,,na,MCB1205,0
TO_111_RH_LHD_(141_RH_LHD),34,1,1,,na,MCB1204,0
TO_111_RH_LHD_(141_RH_LHD),35,1,1,,EQ_RLY:IG_B-HP_L,EQ_RLY:IG_B-HP_L,1
TO_111_RH_LHD_(141_RH_LHD),36,1,1,,EQ_F:2ND_BATT_L,EQ_F:2ND_BATT_L,1
TO_111_RH_LHD_(141_RH_LHD),37,1,1,,EQ_F:ECU-IGP_NO.1_L,EQ_F:ECU-IGP_NO.1_L,1
TO_111_RH_LHD_(141_RH_LHD),38,1,1,,na,na,2
TO_111_RH_LHD_(141_RH_LHD),39,1,1,,na,na,2
TO_111_RH_LHD_(141_RH_LHD),40,1,1,,na,na,2
TO_111_RH_LHD_(141_RH_LHD),41,1,1,,EQ_F:PM_IGCT-HV_L,EQ_F:PM_IGCT-HV_L,1
TO_111_RH_LHD_(141_RH_LHD),44,1,1,,EQ_F:SBW_IGCT-PHV_L,EQ_F:SBW_IGCT-PHV_L,1
TO_111_RH_LHD_(141_RH_LHD),45,1,1,,EQ_METER_LR,EQ_METER_LR,1
TO_111_RH_LHD_(141_RH_LHD),46,1,1,,EQ_METER_OILW,EQ_METER_OILW,1
TO_111_RH_LHD_(141_RH_LHD),47,1,1,,EQ_MF:AMP_L,EQ_MF:AMP_L,1
TO_111_RH_LHD_(141_RH_LHD),49,1,1,,EQ_RLY:FR_DEICER_-S,EQ_RLY:FR_DEICER_-S,1
TO_111_RH_LHD_(141_RH_LHD),51,1,1,,EQ_RLY:PTC_HTR#1_-S,EQ_RLY:PTC_HTR#1_-S,1
TO_111_RH_LHD_(141_RH_LHD),52,1,1,,EQ_RLY:PTC_HTR#2_-S,EQ_RLY:PTC_HTR#2_-S,1
TO_111_RH_LHD_(141_RH_LHD),53,1,1,,EQ_RLY:PTC_HTR#3_-S,EQ_RLY:PTC_HTR#3_-S,1
TO_111_RH_LHD_(141_RH_LHD),54,1,1,,EQ_SBW_ACTR_ECU-HV_BUB1,EQ_SBW_ACTR_ECU-HV_BUB1,1
TO_111_RH_LHD_(141_RH_LHD),55,1,1,,EQ_SBW_ACTR_ECU-HV_MA2,EQ_SBW_ACTR_ECU-HV_MA2,1
TO_111_RH_LHD_(141_RH_LHD),56,1,1,,EQ_SBW_ACTR_ECU-PHV_BUB1,EQ_SBW_ACTR_ECU-PHV_BUB1,1
TO_111_RH_LHD_(141_RH_LHD),57,1,1,,EQ_SBW_ACTR_ECU-PHV_MA2,EQ_SBW_ACTR_ECU-PHV_MA2,1
TO_111_RH_LHD_(141_RH_LHD),58,1,1,,EQ_STOP_LP_SW_L_CC,EQ_STOP_LP_SW_L_CC,1
TO_111_RH_LHD_(141_RH_LHD),59,1,1,,S_21CY_TOYOTA_T2-T1_095,S_21CY_TOYOTA_T2-T1_095,1
TO_111_RH_LHD_(141_RH_LHD),61,1,1,,S_AHB_G_ECU#2_001,S_AHB_G_ECU#2_001,1
TO_111_RH_LHD_(141_RH_LHD),62,1,1,,S_AHB_G_ECU#2_029,S_AHB_G_ECU#2_029,1
TO_111_RH_LHD_(141_RH_LHD),63,1,1,,S_AHB_G_ECU#2_030,S_AHB_G_ECU#2_030,1
TO_111_RH_LHD_(141_RH_LHD),64,1,1,,S_AHB_G_ECU#2_031,S_AHB_G_ECU#2_031,1
TO_111_RH_LHD_(141_RH_LHD),65,1,1,,S_AHB_G_ECU#2_032,S_AHB_G_ECU#2_032,1
TO_111_RH_LHD_(141_RH_LHD),68,1,1,,S_FSMC_003,S_FSMC_003,1
TO_111_RH_LHD_(141_RH_LHD),70,1,1,,S_METER_025,S_METER_025,1
TO_111_RH_LHD_(141_RH_LHD),71,1,1,,S_METER_026,S_METER_026,1
TO_111_RH_LHD_(141_RH_LHD),72,1,1,,S_SBW_003,S_SBW_003,1
TO_111_RH_LHD_(141_RH_LHD),74,1,1,,S_SBW_004,S_SBW_004,1
TO_111_RH_LHD_(141_RH_LHD),75,1,1,,S_SBW_025,S_SBW_025,1
TO_111_RH_LHD_(141_RH_LHD),76,1,1,,S_SBW_026,S_SBW_026,1
TO_111_RH_LHD_(141_RH_LHD),77,1,1,,S_SMART_ENTRY-15CY_027,S_SMART_ENTRY-15CY_027,1
TO_111_RH_LHD_(141_RH_LHD),78,1,1,,S_WIPER_009,S_WIPER_009,1
TO_111_RH_LHD_(141_RH_LHD),79,1,1,,S_WIPER_010,S_WIPER_010,1
TO_111_RH_RHD_(141_RH_RHD),1,1,1,,CAN_BTL_BUS_HI,CAN_BTL_BUS_HI,1
TO_111_RH_RHD_(141_RH_RHD),2,1,1,,CAN_BTL_BUS_HI,CAN_BTL_BUS_HI,1
TO_111_RH_RHD_(141_RH_RHD),3,1,1,,S_ACON-HP_025,S_ACON-HP_025,1
TO_111_RH_RHD_(141_RH_RHD),4,1,1,,CAN_BTL_BUS_LO,CAN_BTL_BUS_LO,1
TO_111_RH_RHD_(141_RH_RHD),5,1,1,,na,na,2
TO_111_RH_RHD_(141_RH_RHD),6,1,1,,CAN_BTL_BUS_LO,CAN_BTL_BUS_LO,1
TO_111_RH_RHD_(141_RH_RHD),7,1,1,,CANFD_PL_BUS_HI,CANFD_PL_BUS_HI,1
TO_111_RH_RHD_(141_RH_RHD),8,1,1,,CANFD_PL_BUS_LO,CANFD_PL_BUS_LO,1
TO_111_RH_RHD_(141_RH_RHD),9,1,1,,EQ_F:S/HTR_RR_L,EQ_F:S/HTR_RR_L,1
TO_111_RH_RHD_(141_RH_RHD),11,1,1,,CANFD_ADS_C1_BUS_HI,CANFD_ADS_C1_BUS_HI,1
TO_111_RH_RHD_(141_RH_RHD),12,1,1,,CANFD_ADS_C1_BUS_HI,CANFD_ADS_C1_BUS_HI,1
TO_111_RH_RHD_(141_RH_RHD),13,1,1,,CAN_C2_BUS_HI,CAN_C2_BUS_HI,1
TO_111_RH_RHD_(141_RH_RHD),14,1,1,,CAN_C2_BUS_LO,CAN_C2_BUS_LO,1
TO_111_RH_RHD_(141_RH_RHD),15,1,1,,CANFD_ADS_C1_BUS_LO,CANFD_ADS_C1_BUS_LO,1
TO_111_RH_RHD_(141_RH_RHD),16,1,1,,EQ_F:ECU-IGP_NO.3_L,EQ_F:ECU-IGP_NO.3_L,1
TO_111_RH_RHD_(141_RH_RHD),17,1,1,,CANFD_ADS_C1_BUS_LO,CANFD_ADS_C1_BUS_LO,1
TO_111_RH_RHD_(141_RH_RHD),19,1,1,,EQ_A/BAG_SSR_F/R_-SR,EQ_A/BAG_SSR_F/R_-SR,1
TO_111_RH_RHD_(141_RH_RHD),20,1,1,,EQ_A/BAG_SSR_F/R_PLUSSR,EQ_A/BAG_SSR_F/R_PLUSSR,1
TO_111_RH_RHD_(141_RH_RHD),21,1,1,,TW_S_ACON-HP_008,TW_S_ACON-HP_008,1
TO_111_RH_RHD_(141_RH_RHD),22,1,1,,TW_S_ACON-HP_009,TW_S_ACON-HP_009,1
TO_111_RH_RHD_(141_RH_RHD),23,1,1,,na,MCB1207,0
TO_111_RH_RHD_(141_RH_RHD),24,1,1,,EQ_EFI_ECU-TNGA_LSTM,EQ_EFI_ECU-TNGA_LSTM,1
TO_111_RH_RHD_(141_RH_RHD),25,1,1,,na,MCB1205,0
TO_111_RH_RHD_(141_RH_RHD),26,1,1,,na,na,2
TO_111_RH_RHD_(141_RH_RHD),27,1,1,,EQ_F:DVR_L,EQ_F:DVR_L,1
TO_111_RH_RHD_(141_RH_RHD),28,1,1,,EQ_F:ECU-IGP_NO.1_L,EQ_F:ECU-IGP_NO.1_L,1
TO_111_RH_RHD_(141_RH_RHD),30,1,1,,EQ_F:H-LP_LH_LED_L/ECU_L,EQ_F:H-LP_LH_LED_L/ECU_L,1
TO_111_RH_RHD_(141_RH_RHD),31,1,1,,EQ_F:PM_IGCT-HV_L,EQ_F:PM_IGCT-HV_L,1
TO_111_RH_RHD_(141_RH_RHD),34,1,1,,EQ_F:SBW_IGCT-PHV_L,EQ_F:SBW_IGCT-PHV_L,1
TO_111_RH_RHD_(141_RH_RHD),35,1,1,,EQ_F:WASHER_L,EQ_F:WASHER_L,1
TO_111_RH_RHD_(141_RH_RHD),36,1,1,,EQ_FL:EPS_L,EQ_FL:EPS_L,1
TO_111_RH_RHD_(141_RH_RHD),37,1,1,,EQ_METER_LR,EQ_METER_LR,1
TO_111_RH_RHD_(141_RH_RHD),38,1,1,,EQ_METER_OILW,EQ_METER_OILW,1
TO_111_RH_RHD_(141_RH_RHD),39,1,1,,EQ_RLY:FR_DEICER_-S,EQ_RLY:FR_DEICER_-S,1
TO_111_RH_RHD_(141_RH_RHD),40,1,1,,EQ_RLY:PTC_HTR#1_-S,EQ_RLY:PTC_HTR#1_-S,1
TO_111_RH_RHD_(141_RH_RHD),41,1,1,,EQ_RLY:PTC_HTR#2_-S,EQ_RLY:PTC_HTR#2_-S,1
TO_111_RH_RHD_(141_RH_RHD),42,1,1,,EQ_RLY:PTC_HTR#3_-S,EQ_RLY:PTC_HTR#3_-S,1
TO_111_RH_RHD_(141_RH_RHD),43,1,1,,EQ_RLY:WIPER_L,EQ_RLY:WIPER_L,1
TO_111_RH_RHD_(141_RH_RHD),48,1,1,,S_FSMC_003,S_FSMC_003,1
TO_111_RH_RHD_(141_RH_RHD),50,1,1,,S_H_LP_LVL_SW_002,S_H_LP_LVL_SW_002,1
TO_111_RH_RHD_(141_RH_RHD),51,1,1,,S_METER_025,S_METER_025,1
TO_111_RH_RHD_(141_RH_RHD),53,1,1,,S_WIPER_006,S_WIPER_006,1
TO_111_RH_RHD_(141_RH_RHD),54,1,1,,S_WIPER_007,S_WIPER_007,1
TO_111_RH_RHD_(141_RH_RHD),55,1,1,,S_WIPER_008,S_WIPER_008,1
TO_111_RH_RHD_(141_RH_RHD),56,1,1,,S_WIPER_009,S_WIPER_009,1
TO_111_RH_RHD_(141_RH_RHD),57,1,1,,S_WIPER_010,S_WIPER_010,1
TO_113_(111_LH),1,1,1,90980-12326,TW_S_CLEARANCE_SNR_002,TW_S_CLEARANCE_SNR_002,1
TO_113_(111_LH),2,1,1,90980-12326,TW_S_CLEARANCE_SNR_003,TW_S_CLEARANCE_SNR_003,1
TO_113_(111_LH),3,1,1,90980-12326,TW_S_CLEARANCE_SNR_017,TW_S_CLEARANCE_SNR_017,1
TO_113_(111_LH),4,1,1,90980-12326,TW_S_CLEARANCE_SNR_018,TW_S_CLEARANCE_SNR_018,1
TO_113_(111_LH),5,1,1,90980-12326,TW_S_REMOTE_ANT_001,TW_S_REMOTE_ANT_001,1
TO_113_(111_LH),6,1,1,90980-12326,TW_S_REMOTE_ANT_002,TW_S_REMOTE_ANT_002,1
TO_113_(111_LH),7,1,1,90980-12326,S_CLEARANCE_SNR_001,S_CLEARANCE_SNR_001,1
TO_113_(111_LH),8,1,1,90980-12326,S_CLEARANCE_SNR_016,S_CLEARANCE_SNR_016,1
TO_113_(111_LH),9,1,1,90980-12326,na,na,2
TO_113_(111_LH),10,1,1,90980-12326,na,na,2
TO_113_(111_LH),11,1,1,90980-12326,na,na,2
TO_113_(111_LH),12,1,1,90980-12326,na,na,2
TO_113_(111_LH),13,1,1,90980-12326,na,na,2
TO_121_(111_LH),1,1,1,,EQ_F:SBW_IGCT-HV_L,EQ_F:SBW_IGCT-HV_L,1
TO_121_(111_LH),2,1,1,,EQ_F:P-CON_MTR_NO.1_L,EQ_F:P-CON_MTR_NO.1_L,1
TO_121_(111_LH),3,1,1,,CAN_SBW_BUS_HI,CAN_SBW_BUS_HI,1
TO_121_(111_LH),4,1,1,,CAN_SBW_BUS_LO,CAN_SBW_BUS_LO,1
TO_121_(111_LH),5,1,1,,BATT_ENG_E_W/P-ZR_+B,BATT_ENG_E_W/P-ZR_+B,1
TO_121_(111_LH),6,1,1,,EQ_EFI_ECU-TNGA_LIN,EQ_EFI_ECU-TNGA_LIN,1
TO_121_(111_LH),7,1,1,,EQ_ENG_E_W/P-TNGA_PLUSB,EQ_ENG_E_W/P-TNGA_PLUSB,1
TO_121_(111_LH),8,1,1,,EQ_F:ECU-IGP_NO.3_L,EQ_F:ECU-IGP_NO.3_L,1
TO_121_(111_LH),9,1,1,,EQ_F:EFI_NO.2_TNGA_L,EQ_F:EFI_NO.2_TNGA_L,1
TO_121_(111_LH),10,1,1,,EQ_F:EFI_NO.2_ZR_L,EQ_F:EFI_NO.2_ZR_L,1
TO_121_(111_LH),11,1,1,,EQ_F:EFI_NO.5_L,EQ_F:EFI_NO.5_L,1
TO_121_(111_LH),12,1,1,,EQ_F:IGN_TNGA_L,EQ_F:IGN_TNGA_L,1
TO_121_(111_LH),13,1,1,,EQ_F:IGN_ZR_L,EQ_F:IGN_ZR_L,1
TO_121_(111_LH),14,1,1,,EQ_RLY:EFI_MAIN#2_FP,EQ_RLY:EFI_MAIN#2_FP,1
TO_121_(111_LH),15,1,1,,EQ_F:P-CON_MTR_NO.2_L,EQ_F:P-CON_MTR_NO.2_L,1
TO_121_(111_LH),16,1,1,,CAN_BTL_BUS_HI,CAN_BTL_BUS_HI,1
TO_121_(111_LH),17,1,1,,EQ_F:SBW_IGCT-PHV_L,EQ_F:SBW_IGCT-PHV_L,1
TO_121_(111_LH),18,1,1,,EQ_HV_ECU-HV_LIN3,EQ_HV_ECU-HV_LIN3,1
TO_121_(111_LH),19,1,1,,EQ_HV_ECU-PHV_LIN3,EQ_HV_ECU-PHV_LIN3,1
TO_121_(111_LH),20,1,1,,EQ_METER_OILW,EQ_METER_OILW,1
TO_121_(111_LH),21,1,1,,CAN_BTL_BUS_LO,CAN_BTL_BUS_LO,1
TO_121_(111_LH),22,1,1,,EQ_RLY:IG_B-HP_L,EQ_RLY:IG_B-HP_L,1
TO_121_(111_LH),23,1,1,,EQ_RLY:VVT_VVT1,EQ_RLY:VVT_VVT1,1
TO_121_(111_LH),24,1,1,,EQ_SBW_ACTR_ECU-HV_BUB1,EQ_SBW_ACTR_ECU-HV_BUB1,1
TO_121_(111_LH),25,1,1,,EQ_SBW_ACTR_ECU-HV_MA2,EQ_SBW_ACTR_ECU-HV_MA2,1
TO_121_(111_LH),26,1,1,,EQ_SBW_ACTR_ECU-PHV_BUB1,EQ_SBW_ACTR_ECU-PHV_BUB1,1
TO_121_(111_LH),27,1,1,,EQ_SBW_ACTR_ECU-PHV_MA2,EQ_SBW_ACTR_ECU-PHV_MA2,1
TO_121_(111_LH),28,1,1,,GND_A/C_INV_GND,GND_A/C_INV_GND,1
TO_121_(111_LH),29,1,1,,GND_EFI_ECU-TNGA_E01,GND_EFI_ECU-TNGA_E01,1
TO_121_(111_LH),30,1,1,,GND_SBW_ACTR_ECU-HV_E01,GND_SBW_ACTR_ECU-HV_E01,1
TO_121_(111_LH),31,1,1,,S_EFI_ECU-TNGA2.0_050,S_EFI_ECU-TNGA2.0_050,1
TO_121_(111_LH),32,1,1,,S_EFI_ECU-TNGA2.0_051,S_EFI_ECU-TNGA2.0_051,1
TO_121_(111_LH),33,1,1,,S_EFI_ECU-TNGA2.0_052,S_EFI_ECU-TNGA2.0_052,1
TO_121_(111_LH),34,1,1,,S_EFI_ECU-TNGA2.0_097,S_EFI_ECU-TNGA2.0_097,1
TO_121_(111_LH),35,1,1,,S_EFI_ECU-TNGA2.0_098,S_EFI_ECU-TNGA2.0_098,1
TO_121_(111_LH),36,1,1,,S_METER_025,S_METER_025,1
TO_121_(111_LH),37,1,1,,S_SBW_003,S_SBW_003,1
TO_121_(111_LH),38,1,1,,S_SBW_004,S_SBW_004,1
TO_121_(111_LH),39,1,1,,S_SBW_025,S_SBW_025,1
TO_121_(111_LH),40,1,1,,S_SBW_026,S_SBW_026,1
TO_121_TNGA_(125),1,1,1,90980-12380,EQ_F:IGN_TNGA_L,EQ_F:IGN_TNGA_L,1
TO_121_TNGA_(125),2,1,1,90980-12380,S_EFI_ECU-TNGA2.0_065,S_EFI_ECU-TNGA2.0_065,1
TO_121_TNGA_(125),3,1,1,90980-12380,S_EFI_ECU-TNGA2.0_066,S_EFI_ECU-TNGA2.0_066,1
TO_121_TNGA_(125),4,1,1,90980-12380,S_EFI_ECU-TNGA2.0_067,S_EFI_ECU-TNGA2.0_067,1
TO_121_TNGA_(125),5,1,1,90980-12380,S_EFI_ECU-TNGA2.0_068,S_EFI_ECU-TNGA2.0_068,1
TO_121_TNGA_(125),6,1,1,90980-12380,S_EFI_ECU-TNGA2.0_103,S_EFI_ECU-TNGA2.0_103,1
TO_121_TNGA_(125),7,1,1,90980-12380,S_EFI_ECU-TNGA2.0_104,S_EFI_ECU-TNGA2.0_104,1
TO_121_TNGA_(125),8,1,1,90980-12380,S_EFI_ECU-TNGA2.0_105,S_EFI_ECU-TNGA2.0_105,1
TO_121_TNGA_(125),9,1,1,90980-12380,na,na,2
TO_121_TNGA_(125),10,1,1,90980-12380,na,na,2
TO_121_TNGA_(126),1,1,1,90980-12D19,TW_S_EFI_ECU-TNGA2.0_055,TW_S_EFI_ECU-TNGA2.0_055,1
TO_121_TNGA_(126),2,1,1,90980-12D19,TW_S_EFI_ECU-TNGA2.0_056,TW_S_EFI_ECU-TNGA2.0_056,1
TO_121_TNGA_(126),3,1,1,90980-12D19,TW_S_EFI_ECU-TNGA2.0_057,TW_S_EFI_ECU-TNGA2.0_057,1
TO_121_TNGA_(126),4,1,1,90980-12D19,TW_S_EFI_ECU-TNGA2.0_058,TW_S_EFI_ECU-TNGA2.0_058,1
TO_121_TNGA_(126),5,1,1,90980-12D19,TW_S_EFI_ECU-TNGA2.0_059,TW_S_EFI_ECU-TNGA2.0_059,1
TO_121_TNGA_(126),6,1,1,90980-12D19,TW_S_EFI_ECU-TNGA2.0_060,TW_S_EFI_ECU-TNGA2.0_060,1
TO_121_TNGA_(126),7,1,1,90980-12D19,TW_S_EFI_ECU-TNGA2.0_061,TW_S_EFI_ECU-TNGA2.0_061,1
TO_121_TNGA_(126),8,1,1,90980-12D19,TW_S_EFI_ECU-TNGA2.0_062,TW_S_EFI_ECU-TNGA2.0_062,1
TO_121_TNGA_(219),1,1,1,90980-12326,SLD_S_EFI_ECU-TNGA2.0_040,SLD_S_EFI_ECU-TNGA2.0_040,1
TO_121_TNGA_(219),2,1,1,90980-12326,GND_SLD_DRN_S_EFI_ECU-TNGA2.0_203,GND_SLD_DRN_S_EFI_ECU-TNGA2.0_203,1
TO_121_TNGA_(219),3,1,1,90980-12326,SLD_S_EFI_ECU-TNGA2.0_041,SLD_S_EFI_ECU-TNGA2.0_041,1
TO_121_TNGA_(219),4,1,1,90980-12326,TW_S_EFI_ECU-TNGA2.0_082,TW_S_EFI_ECU-TNGA2.0_082,1
TO_121_TNGA_(219),5,1,1,90980-12326,TW_S_EFI_ECU-TNGA2.0_083,TW_S_EFI_ECU-TNGA2.0_083,1
TO_121_TNGA_(219),6,1,1,90980-12326,S_EFI_ECU-TNGA2.0_081,S_EFI_ECU-TNGA2.0_081,1
TO_121_TNGA_(219),7,1,1,90980-12326,S_EFI_ECU-TNGA2.0_106,S_EFI_ECU-TNGA2.0_106,1
TO_121_TNGA_(219),8,1,1,90980-12326,S_EFI_ECU-TNGA2.0_107,S_EFI_ECU-TNGA2.0_107,1
TO_121_TNGA_(219),9,1,1,90980-12326,S_EFI_ECU-TNGA2.0_108,S_EFI_ECU-TNGA2.0_108,1
TO_121_TNGA_(219),10,1,1,90980-12326,na,na,2
TO_121_TNGA_(219),11,1,1,90980-12326,na,na,2
TO_121_TNGA_(219),12,1,1,90980-12326,na,na,2
TO_121_TNGA_(219),13,1,1,90980-12326,na,na,2
TO_121_ZR_(124),1,1,1,90980-11155,na,SLD_S_EFI_ECU-ZR_024,0
TO_121_ZR_(124),2,1,1,90980-11155,na,SLD_S_EFI_ECU-ZR_025,0
TO_124_(121_ZR),1,1,1,90980-11156,na,SLD_S_EFI_ECU-ZR_024,0
TO_124_(121_ZR),2,1,1,90980-11156,na,SLD_S_EFI_ECU-ZR_025,0
TO_125_(121_TNGA),1,1,1,90980-12379,EQ_F:IGN_TNGA_L,EQ_F:IGN_TNGA_L,1
TO_125_(121_TNGA),2,1,1,90980-12379,S_EFI_ECU-TNGA2.0_065,S_EFI_ECU-TNGA2.0_065,1
TO_125_(121_TNGA),3,1,1,90980-12379,S_EFI_ECU-TNGA2.0_066,S_EFI_ECU-TNGA2.0_066,1
TO_125_(121_TNGA),4,1,1,90980-12379,S_EFI_ECU-TNGA2.0_067,S_EFI_ECU-TNGA2.0_067,1
TO_125_(121_TNGA),5,1,1,90980-12379,S_EFI_ECU-TNGA2.0_068,S_EFI_ECU-TNGA2.0_068,1
TO_125_(121_TNGA),6,1,1,90980-12379,S_EFI_ECU-TNGA2.0_103,S_EFI_ECU-TNGA2.0_103,1
TO_125_(121_TNGA),7,1,1,90980-12379,S_EFI_ECU-TNGA2.0_104,S_EFI_ECU-TNGA2.0_104,1
TO_125_(121_TNGA),8,1,1,90980-12379,S_EFI_ECU-TNGA2.0_105,S_EFI_ECU-TNGA2.0_105,1
TO_125_(121_TNGA),9,1,1,90980-12379,na,na,2
TO_125_(121_TNGA),10,1,1,90980-12379,na,na,2
TO_126_(121_TNGA),1,1,1,90980-12D18,TW_S_EFI_ECU-TNGA2.0_055,TW_S_EFI_ECU-TNGA2.0_055,1
TO_126_(121_TNGA),2,1,1,90980-12D18,TW_S_EFI_ECU-TNGA2.0_056,TW_S_EFI_ECU-TNGA2.0_056,1
TO_126_(121_TNGA),3,1,1,90980-12D18,TW_S_EFI_ECU-TNGA2.0_057,TW_S_EFI_ECU-TNGA2.0_057,1
TO_126_(121_TNGA),4,1,1,90980-12D18,TW_S_EFI_ECU-TNGA2.0_058,TW_S_EFI_ECU-TNGA2.0_058,1
TO_126_(121_TNGA),5,1,1,90980-12D18,TW_S_EFI_ECU-TNGA2.0_059,TW_S_EFI_ECU-TNGA2.0_059,1
TO_126_(121_TNGA),6,1,1,90980-12D18,TW_S_EFI_ECU-TNGA2.0_060,TW_S_EFI_ECU-TNGA2.0_060,1
TO_126_(121_TNGA),7,1,1,90980-12D18,TW_S_EFI_ECU-TNGA2.0_061,TW_S_EFI_ECU-TNGA2.0_061,1
TO_126_(121_TNGA),8,1,1,90980-12D18,TW_S_EFI_ECU-TNGA2.0_062,TW_S_EFI_ECU-TNGA2.0_062,1
TO_141_LH_(142)_18P,1,1,1,90980-12738,na,na,2
TO_141_LH_(142)_18P,2,1,1,90980-12738,na,na,2
TO_141_LH_(142)_18P,3,1,1,90980-12738,EQ_A/C_ECU-W/SEAT_NANO,EQ_A/C_ECU-W/SEAT_NANO,1
TO_141_LH_(142)_18P,4,1,1,90980-12738,S_BODY_ECU_EX_LP_013,S_BODY_ECU_EX_LP_013,1
TO_141_LH_(142)_18P,5,1,1,90980-12738,S_BODY_ECU_EX_LP_014,S_BODY_ECU_EX_LP_014,1
TO_141_LH_(142)_18P,6,1,1,90980-12738,S_BODY_ECU_EX_LP_015,S_BODY_ECU_EX_LP_015,1
TO_141_LH_(142)_18P,7,1,1,90980-12738,SLD_S_21CY_TOYOTA_T2-T1_079,SLD_S_21CY_TOYOTA_T2-T1_079,1
TO_141_LH_(142)_18P,8,1,1,90980-12738,SLD_DRN_S_21CY_TOYOTA_T2-T1_111,SLD_DRN_S_21CY_TOYOTA_T2-T1_111,1
TO_141_LH_(142)_18P,9,1,1,90980-12738,SLD_S_21CY_TOYOTA_T2-T1_080,SLD_S_21CY_TOYOTA_T2-T1_080,1
TO_141_LH_(142)_18P,10,1,1,90980-12738,SLD_S_21CY_TOYOTA_T2-T1_081,SLD_S_21CY_TOYOTA_T2-T1_081,1
TO_141_LH_(142)_18P,11,1,1,90980-12738,na,na,2
TO_141_LH_(142)_18P,12,1,1,90980-12738,na,na,2
TO_141_LH_(142)_18P,13,1,1,90980-12738,na,GND_NANO_E_UNIT_SUB_WH_GND,0
TO_141_LH_(142)_18P,14,1,1,90980-12738,EQ_A/C_ECU-W/SEAT_NAIN,EQ_A/C_ECU-W/SEAT_NAIN,1
TO_141_LH_(142)_18P,15,1,1,90980-12738,S_ACON-HV_013,S_ACON-HV_013,1
TO_141_LH_(142)_18P,16,1,1,90980-12738,S_ACON-HV_014,S_ACON-HV_014,1
TO_141_LH_(142)_18P,17,1,1,90980-12738,SLD_S_21CY_TOYOTA_T2-T1_082,SLD_S_21CY_TOYOTA_T2-T1_082,1
TO_141_LH_(142)_18P,18,1,1,90980-12738,na,na,2
TO_141_LH_(152),1,1,1,,na,TW_S_21CY_TOYOTA_T2-T1_019,0
TO_141_LH_(152),2,1,1,,na,TW_S_SMART_ENTRY-15CY_004,0
TO_141_LH_(152),3,1,1,,na,TW_S_SMART_ENTRY-15CY_005,0
TO_141_LH_(152),4,1,1,,na,TW_S_SMART_ENTRY-15CY_002,0
TO_141_LH_(152),5,1,1,,na,TW_S_SMART_ENTRY-15CY_003,0
TO_141_LH_(152),6,1,1,,na,EQ_BODY_ECU_L2,0
TO_141_LH_(152),7,1,1,,na,EQ_BODY_ECU_LSFL,0
TO_141_LH_(152),8,1,1,,na,EQ_BODY_ECU_UL3,0
TO_141_LH_(152),9,1,1,,na,EQ_F:ECU-ACC_L,0
TO_141_LH_(152),10,1,1,,na,EQ_F:ECU-B_NO.2_L,0
TO_141_LH_(152),11,1,1,,na,EQ_F:MIR HTR_L,0
TO_141_LH_(152),12,1,1,,na,S_BODY_ECU_DOOR_003,0
TO_141_LH_(152),13,1,1,,na,EQ_METER_ILL-,0
TO_141_LH_(152),14,1,1,,na,EQ_METER_LL,0
TO_141_LH_(152),15,1,1,,na,EQ_OUT_MIR_SW-W/RETRA_AUTO_M+,0
TO_141_LH_(152),16,1,1,,na,EQ_OUT_MIR_SW-W/RETRA_AUTO_HL,0
TO_141_LH_(152),17,1,1,,na,EQ_OUT_MIR_SW-W/RETRA_AUTO_HR,0
TO_141_LH_(152),18,1,1,,na,S_BODY_ECU_BASE_034,0
TO_141_LH_(152),19,1,1,,na,EQ_OUT_MIR_SW-W/RETRA_AUTO_VL,0
TO_141_LH_(152),20,1,1,,na,EQ_OUT_MIR_SW-W/RETRA_AUTO_VR,0
TO_141_LH_(152),21,1,1,,na,GND_AC100V_MAIN_SW_ILL-,0
TO_141_LH_(152),22,1,1,,na,TW_S_AUDIO_AMP_AVC-21CY_017,0
TO_141_LH_(152),23,1,1,,S_BODY_ECU_BASE_017,S_BODY_ECU_BASE_017,1
TO_141_LH_(152),24,1,1,,S_BODY_ECU_BASE_018,S_BODY_ECU_BASE_018,1
TO_141_LH_(152),25,1,1,,S_BODY_ECU_BASE_019,S_BODY_ECU_BASE_019,1
TO_141_LH_(152),26,1,1,,S_BODY_ECU_BASE_020,S_BODY_ECU_BASE_020,1
TO_141_LH_(152),27,1,1,,S_BODY_ECU_BASE_031,S_BODY_ECU_BASE_031,1
TO_141_LH_(152),28,1,1,,S_BODY_ECU_BASE_032,S_BODY_ECU_BASE_032,1
TO_141_LH_(152),29,1,1,,S_BODY_ECU_BASE_033,S_BODY_ECU_BASE_033,1
TO_141_LH_(152),30,1,1,,na,S_BODY_ECU_BASE_035,0
TO_141_LH_(152),31,1,1,,na,S_DOUBLE_LOCK_001,0
TO_141_LH_(152),32,1,1,,S_DOUBLE_LOCK_004,S_DOUBLE_LOCK_004,1
TO_141_LH_(152),33,1,1,,S_DOUBLE_LOCK_006,S_DOUBLE_LOCK_006,1
TO_141_LH_(152),34,1,1,,S_OUT_MIR_SW_001,S_OUT_MIR_SW_001,1
TO_141_LH_(152),35,1,1,,S_OUT_MIR_SW_003,S_OUT_MIR_SW_003,1
TO_141_LH_(152),36,1,1,,TW_S_AUDIO_AMP_AVC-21CY_018,TW_S_AUDIO_AMP_AVC-21CY_018,1
TO_141_LH_(152),37,1,1,,TW_S_21CY_TOYOTA_T2-T1_018,TW_S_21CY_TOYOTA_T2-T1_018,1
TO_141_LH_(161_LH)_62P,1,1,1,90980-12B21,na,MCB6517,0
TO_141_LH_(161_LH)_62P,2,1,1,90980-12B21,na,MCB6516,0
TO_141_LH_(161_LH)_62P,3,1,1,90980-12B21,na,MCB6518,0
TO_141_LH_(161_LH)_62P,4,1,1,90980-12B21,na,MCB6519,0
TO_141_LH_(161_LH)_62P,5,1,1,90980-12B21,na,EQ_F:S/HTR_F/L_L,0
TO_141_LH_(161_LH)_62P,6,1,1,90980-12B21,na,TW_S_AUDIO_AMP_AVC-21CY_005,0
TO_141_LH_(161_LH)_62P,7,1,1,90980-12B21,na,TW_S_AUDIO_AMP_AVC-21CY_007,0
TO_141_LH_(161_LH)_62P,8,1,1,90980-12B21,na,TW_S_AUDIO_AMP_AVC-21CY_006,0
TO_141_LH_(161_LH)_62P,9,1,1,90980-12B21,na,TW_S_AUDIO_AMP_AVC-21CY_008,0
TO_141_LH_(161_LH)_62P,10,1,1,90980-12B21,na,MCB6520,0
TO_141_LH_(161_LH)_62P,11,1,1,90980-12B21,na,na,2
TO_141_LH_(161_LH)_62P,12,1,1,90980-12B21,na,na,2
TO_141_LH_(161_LH)_62P,13,1,1,90980-12B21,na,SLD_S_21CY_TOYOTA_T2-T1_059,0
TO_141_LH_(161_LH)_62P,14,1,1,90980-12B21,na,EQ_F:USB_NO.1_L,0
TO_141_LH_(161_LH)_62P,15,1,1,90980-12B21,na,SLD_S_21CY_TOYOTA_T2-T1_060,0
TO_141_LH_(161_LH)_62P,16,1,1,90980-12B21,na,EQ_HV_ECU-HV_NOAC,0
TO_141_LH_(161_LH)_62P,17,1,1,90980-12B21,na,S_METER_018,0
TO_141_LH_(161_LH)_62P,18,1,1,90980-12B21,na,EQ_HV_ECU-PHV_NOAC,0
TO_141_LH_(161_LH)_62P,19,1,1,90980-12B21,na,EQ_RLY:S/HTR_RL_L,0
TO_141_LH_(161_LH)_62P,20,1,1,90980-12B21,na,EQ_F:ECU-IGP_NO.3_L,0
TO_141_LH_(161_LH)_62P,21,1,1,90980-12B21,na,CAN_C2_BUS_LO,0
TO_141_LH_(161_LH)_62P,22,1,1,90980-12B21,na,EQ_METER_ILL-,0
TO_141_LH_(161_LH)_62P,23,1,1,90980-12B21,na,CAN_B_BUS_HI,0
TO_141_LH_(161_LH)_62P,24,1,1,90980-12B21,na,SLD_DRN_S_21CY_TOYOTA_T2-T1_108,0
TO_141_LH_(161_LH)_62P,25,1,1,90980-12B21,na,CAN_B_BUS_LO,0
TO_141_LH_(161_LH)_62P,26,1,1,90980-12B21,na,CAN_C2_BUS_HI,0
TO_141_LH_(161_LH)_62P,27,1,1,90980-12B21,na,SLD_S_21CY_TOYOTA_T2-T1_061,0
TO_141_LH_(161_LH)_62P,28,1,1,90980-12B21,na,SLD_S_21CY_TOYOTA_T2-T1_062,0
TO_141_LH_(161_LH)_62P,29,1,1,90980-12B21,na,S_QUICK_SVS_FR_005,0
TO_141_LH_(161_LH)_62P,30,1,1,90980-12B21,na,EQ_AC100V_MAIN_SW_IND,0
TO_141_LH_(161_LH)_62P,31,1,1,90980-12B21,na,EQ_BODY_ECU_LSBO,0
TO_141_LH_(161_LH)_62P,32,1,1,90980-12B21,na,EQ_BODY_ECU_LSWL,0
TO_141_LH_(161_LH)_62P,33,1,1,90980-12B21,na,EQ_D/L_MTR_F/L-LHD_PLUS,0
TO_141_LH_(161_LH)_62P,34,1,1,90980-12B21,na,EQ_HTR_CONT_PNL_SVPI,0
TO_141_LH_(161_LH)_62P,35,1,1,90980-12B21,na,EQ_HTR_CONT_PNL_SW_1,0
TO_141_LH_(161_LH)_62P,36,1,1,90980-12B21,na,EQ_METER_FEANDB,0
TO_141_LH_(161_LH)_62P,37,1,1,90980-12B21,na,EQ_METER_FR,0
TO_141_LH_(161_LH)_62P,38,1,1,90980-12B21,na,EQ_RLY:SEAT_HTR_F/L_LO_L,0
TO_141_LH_(161_LH)_62P,39,1,1,90980-12B21,na,S_DOUBLE_LOCK_001,0
TO_141_LH_(161_LH)_62P,40,1,1,90980-12B21,na,EQ_RLY:SEAT_HTR_F/L_HI_L,0
TO_141_LH_(161_LH)_62P,41,1,1,90980-12B21,na,S_METER_028,0
TO_141_LH_(161_LH)_62P,42,1,1,90980-12B21,na,EQ_METER_FV,0
TO_141_LH_(161_LH)_62P,43,1,1,90980-12B21,na,S_SEC_ALARM_002,0
TO_141_LH_(161_LH)_62P,44,1,1,90980-12B21,na,S_BODY_ECU_DOOR_037,0
TO_141_LH_(161_LH)_62P,45,1,1,90980-12B21,na,S_BODY_ECU_DOOR_038,0
TO_141_LH_(161_LH)_62P,46,1,1,90980-12B21,na,S_DOUBLE_LOCK_002,0
TO_141_LH_(161_LH)_62P,47,1,1,90980-12B21,na,S_DOUBLE_LOCK_006,0
TO_141_LH_(161_LH)_62P,48,1,1,90980-12B21,na,S_FR_SEAT_HTR_004,0
TO_141_LH_(161_LH)_62P,49,1,1,90980-12B21,na,S_FR_SEAT_HTR_005,0
TO_141_LH_(161_LH)_62P,50,1,1,90980-12B21,na,S_FR_SEAT_HTR_006,0
TO_141_LH_(161_LH)_62P,51,1,1,90980-12B21,na,S_FR_SEAT_HTR_007,0
TO_141_LH_(161_LH)_62P,52,1,1,90980-12B21,na,S_FR_SEAT_HTR_008,0
TO_141_LH_(161_LH)_62P,53,1,1,90980-12B21,na,S_FR_SEAT_HTR_009,0
TO_141_LH_(161_LH)_62P,54,1,1,90980-12B21,na,S_BLE_ECU_007,0
TO_141_LH_(161_LH)_62P,55,1,1,90980-12B21,na,S_BODY_ECU_BASE_021,0
TO_141_LH_(161_LH)_62P,56,1,1,90980-12B21,na,S_BODY_ECU_BASE_022,0
TO_141_LH_(161_LH)_62P,57,1,1,90980-12B21,na,S_QUICK_SVS_FR_001,0
TO_141_LH_(161_LH)_62P,58,1,1,90980-12B21,na,S_BODY_ECU_DOOR_017,0
TO_141_LH_(161_LH)_62P,59,1,1,90980-12B21,na,S_BODY_ECU_BASE_023,0
TO_141_LH_(161_LH)_62P,60,1,1,90980-12B21,na,na,2
TO_141_LH_(161_LH)_62P,61,1,1,90980-12B21,na,na,2
TO_141_LH_(161_LH)_62P,62,1,1,90980-12B21,na,na,2
TO_141_LH_(171),1,1,1,,EQ_FUL_DISP_IN_MIR_CBPLUS,EQ_FUL_DISP_IN_MIR_CBPLUS,1
TO_141_LH_(171),2,1,1,,EQ_FUL_DISP_IN_MIR_CGND,EQ_FUL_DISP_IN_MIR_CGND,1
TO_141_LH_(171),3,1,1,,EQ_FUL_DISP_IN_MIR_CV-,EQ_FUL_DISP_IN_MIR_CV-,1
TO_141_LH_(171),4,1,1,,EQ_FUL_DISP_IN_MIR_CVPLUS,EQ_FUL_DISP_IN_MIR_CVPLUS,1
TO_141_LH_(171),5,1,1,,EQ_FUL_DISP_IN_MIR_E1,EQ_FUL_DISP_IN_MIR_E1,1
TO_141_LH_(171),6,1,1,,na,MCB6512,0
TO_141_LH_(171),7,1,1,,na,MCB6511,0
TO_141_LH_(171),8,1,1,,na,MCB6513,0
TO_141_LH_(171),9,1,1,,na,MCB6514,0
TO_141_LH_(171),10,1,1,,na,MCB6515,0
TO_141_LH_(171),11,1,1,,EMB_S_DMC_003,EMB_S_DMC_003,1
TO_141_LH_(171),12,1,1,,EMB_S_DMC_004,EMB_S_DMC_004,1
TO_141_LH_(171),13,1,1,,EMB_S_DMC_005,EMB_S_DMC_005,1
TO_141_LH_(171),14,1,1,,EMB_S_DMC_006,EMB_S_DMC_006,1
TO_141_LH_(171),15,1,1,,EMB_S_DMC_007,EMB_S_DMC_007,1
TO_141_LH_(171),16,1,1,,EQ_F:ECU-IGP_NO.3_L,EQ_F:ECU-IGP_NO.3_L,1
TO_141_LH_(171),17,1,1,,CANFD_DS_BUS_LO,CANFD_DS_BUS_LO,1
TO_141_LH_(171),18,1,1,,CANFD_DS_BUS_HI,CANFD_DS_BUS_HI,1
TO_141_LH_(171),19,1,1,,CANFD_DS_LOCAL1_BUS_HI,CANFD_DS_LOCAL1_BUS_HI,1
TO_141_LH_(171),20,1,1,,CANFD_DS_LOCAL1_BUS_LO,CANFD_DS_LOCAL1_BUS_LO,1
TO_141_LH_(171),21,1,1,,na,na,2
TO_141_LH_(171),22,1,1,,na,na,2
TO_141_LH_(171),23,1,1,,na,na,2
TO_141_LH_(171),24,1,1,,na,na,2
TO_141_LH_(171),25,1,1,,na,na,2
TO_141_LH_(171),26,1,1,,na,na,2
TO_141_LH_(171),27,1,1,,na,na,2
TO_141_LH_(171),28,1,1,,na,na,2
TO_141_LH_(171),29,1,1,,EMB_S_DRIVE_REC-21CY_013,EMB_S_DRIVE_REC-21CY_013,1
TO_141_LH_(171),30,1,1,,EMB_DRN_S_DRIVE_REC-21CY_104,EMB_DRN_S_DRIVE_REC-21CY_104,1
TO_141_LH_(171),31,1,1,,EMB_S_DRIVE_REC-21CY_014,EMB_S_DRIVE_REC-21CY_014,1
TO_141_LH_(171),32,1,1,,SLD_S_TSS3_003,SLD_S_TSS3_003,1
TO_141_LH_(171),33,1,1,,SLD_S_TSS3_004,SLD_S_TSS3_004,1
TO_141_LH_(171),34,1,1,,SLD_DRN_S_TSS3_101,SLD_DRN_S_TSS3_101,1
TO_141_LH_(171),35,1,1,,EQ_F:ECU-IGR_NO.3_L,EQ_F:ECU-IGR_NO.3_L,1
TO_141_LH_(171),36,1,1,,na,na,2
TO_141_LH_(171),37,1,1,,na,S_SEC_ALARM_005,0
TO_141_LH_(171),38,1,1,,EQ_F:PANEL_L,EQ_F:PANEL_L,1
TO_141_LH_(171),39,1,1,,CANFD_DS_BUS_LO,CANFD_DS_BUS_LO,1
TO_141_LH_(171),40,1,1,,CANFD_DS_BUS_HI,CANFD_DS_BUS_HI,1
TO_141_LH_(171),41,1,1,,CAN_I_BUS_HI,CAN_I_BUS_HI,1
TO_141_LH_(171),42,1,1,,CAN_I_BUS_LO,CAN_I_BUS_LO,1
TO_141_LH_(171),43,1,1,,TW_S_SOLAR_ECU_004,TW_S_SOLAR_ECU_004,1
TO_141_LH_(171),44,1,1,,TW_S_SOLAR_ECU_005,TW_S_SOLAR_ECU_005,1
TO_141_LH_(171),45,1,1,,TW_S_SOLAR_ECU_006,TW_S_SOLAR_ECU_006,1
TO_141_LH_(171),46,1,1,,TW_S_SOLAR_ECU_007,TW_S_SOLAR_ECU_007,1
TO_141_LH_(171),47,1,1,,TW_S_DMC_001,TW_S_DMC_001,1
TO_141_LH_(171),48,1,1,,TW_S_DMC_002,TW_S_DMC_002,1
TO_141_LH_(171),49,1,1,,EQ_BODY_ECU_ILE,EQ_BODY_ECU_ILE,1
TO_141_LH_(171),50,1,1,,EQ_BODY_ECU_LIN4,EQ_BODY_ECU_LIN4,1
TO_141_LH_(171),51,1,1,,EQ_CERTIFICATION_ECU_IND,EQ_CERTIFICATION_ECU_IND,1
TO_141_LH_(171),52,1,1,,EQ_DCM_IND1,EQ_DCM_IND1,1
TO_141_LH_(171),53,1,1,,EQ_DCM_IND2,EQ_DCM_IND2,1
TO_141_LH_(171),54,1,1,,EQ_DCM_SIG-,EQ_DCM_SIG-,1
TO_141_LH_(171),55,1,1,,EQ_DCM_SIG1,EQ_DCM_SIG1,1
TO_141_LH_(171),56,1,1,,EQ_F:ECU-B_NO.2_L,EQ_F:ECU-B_NO.2_L,1
TO_141_LH_(171),57,1,1,,na,MCB1209,0
TO_141_LH_(171),58,1,1,,na,MCB1210,0
TO_141_LH_(171),59,1,1,,CANFD_DS_LOCAL3_BUS_HI,CANFD_DS_LOCAL3_BUS_HI,1
TO_141_LH_(171),63,1,1,,EQ_PDB_DOM2,EQ_PDB_DOM2,1
TO_141_LH_(171),64,1,1,,CANFD_DS_LOCAL3_BUS_LO,CANFD_DS_LOCAL3_BUS_LO,1
TO_141_LH_(171),65,1,1,,GND_EC_MIR-W/GDO_E,GND_EC_MIR-W/GDO_E,1
TO_141_LH_(171),66,1,1,,S_21CY_TOYOTA_T2-T1_040,S_21CY_TOYOTA_T2-T1_040,1
TO_141_LH_(171),67,1,1,,S_21CY_TOYOTA_T2-T1_041,S_21CY_TOYOTA_T2-T1_041,1
TO_141_LH_(171),68,1,1,,S_DRIVE_REC-21CY_016,S_DRIVE_REC-21CY_016,1
TO_141_LH_(171),69,1,1,,S_TSS3_019,S_TSS3_019,1
TO_141_LH_LHD_(111_LH_LHD),1,1,1,,CANFD_P_BUS_HI,CANFD_P_BUS_HI,1
TO_141_LH_LHD_(111_LH_LHD),2,1,1,,CANFD_P_BUS_LO,CANFD_P_BUS_LO,1
TO_141_LH_LHD_(111_LH_LHD),3,1,1,,EQ_BODY_ECU_DIM,EQ_BODY_ECU_DIM,1
TO_141_LH_LHD_(111_LH_LHD),4,1,1,,EQ_BODY_ECU_HCTY,EQ_BODY_ECU_HCTY,1
TO_141_LH_LHD_(111_LH_LHD),5,1,1,,EQ_BODY_ECU_WPS,EQ_BODY_ECU_WPS,1
TO_141_LH_LHD_(111_LH_LHD),6,1,1,,na,na,2
TO_141_LH_LHD_(111_LH_LHD),7,1,1,,EQ_F:DMC_ECU_L,EQ_F:DMC_ECU_L,1
TO_141_LH_LHD_(111_LH_LHD),9,1,1,,EQ_F:H-LP_LH_LED_L/ECU_L,EQ_F:H-LP_LH_LED_L/ECU_L,1
TO_141_LH_LHD_(111_LH_LHD),10,1,1,,EQ_F:S/HTR_RR_L,EQ_F:S/HTR_RR_L,1
TO_141_LH_LHD_(111_LH_LHD),11,1,1,,CANFD_DS_BUS_HI,CANFD_DS_BUS_HI,1
TO_141_LH_LHD_(111_LH_LHD),12,1,1,,EQ_F:WASHER_L,EQ_F:WASHER_L,1
TO_141_LH_LHD_(111_LH_LHD),13,1,1,,EQ_FL:EPS_L,EQ_FL:EPS_L,1
TO_141_LH_LHD_(111_LH_LHD),14,1,1,,EQ_METER_LL,EQ_METER_LL,1
TO_141_LH_LHD_(111_LH_LHD),15,1,1,,EQ_RLY:WIPER_L,EQ_RLY:WIPER_L,1
TO_141_LH_LHD_(111_LH_LHD),16,1,1,,CAN_B_BUS_HI,CAN_B_BUS_HI,1
TO_141_LH_LHD_(111_LH_LHD),17,1,1,,S_H_LP_LVL_SW_002,S_H_LP_LVL_SW_002,1
TO_141_LH_LHD_(111_LH_LHD),18,1,1,,S_WIPER_011,S_WIPER_011,1
TO_141_LH_LHD_(111_LH_LHD),19,1,1,,S_WIPER_012,S_WIPER_012,1
TO_141_LH_LHD_(111_LH_LHD),20,1,1,,S_WIPER_013,S_WIPER_013,1
TO_141_LH_LHD_(111_LH_LHD),22,1,1,,EQ_F:STRG_HTR_L,EQ_F:STRG_HTR_L,1
TO_141_LH_LHD_(111_LH_LHD),23,1,1,,CANFD_DS_BUS_LO,CANFD_DS_BUS_LO,1
TO_141_LH_LHD_(111_LH_LHD),24,1,1,,CAN_B_BUS_LO,CAN_B_BUS_LO,1
TO_141_LH_LHD_(111_LH_LHD),25,1,1,,CANFD_DS_LOCAL3_BUS_HI,CANFD_DS_LOCAL3_BUS_HI,1
TO_141_LH_LHD_(111_LH_LHD),26,1,1,,CANFD_DS_LOCAL3_BUS_LO,CANFD_DS_LOCAL3_BUS_LO,1
TO_141_LH_RHD_(111_LH_RHD),1,1,1,,na,na,2
TO_141_LH_RHD_(111_LH_RHD),2,1,1,,na,na,2
TO_141_LH_RHD_(111_LH_RHD),3,1,1,,na,CAN_B_BUS_HI,0
TO_141_LH_RHD_(111_LH_RHD),4,1,1,,na,CAN_B_BUS_LO,0
TO_141_LH_RHD_(111_LH_RHD),5,1,1,,na,CAN_SBW_BUS_HI,0
TO_141_LH_RHD_(111_LH_RHD),6,1,1,,na,CAN_SBW_BUS_LO,0
TO_141_LH_RHD_(111_LH_RHD),7,1,1,,na,EQ_A/BAG_SSR_F/L_-SL,0
TO_141_LH_RHD_(111_LH_RHD),8,1,1,,na,EQ_A/BAG_SSR_F/L_PLUSSL,0
TO_141_LH_RHD_(111_LH_RHD),9,1,1,,na,EQ_AHB_G_ECU#2_CSW,0
TO_141_LH_RHD_(111_LH_RHD),10,1,1,,na,MCB1203,0
TO_141_LH_RHD_(111_LH_RHD),11,1,1,,na,MCB1204,0
TO_141_LH_RHD_(111_LH_RHD),12,1,1,,EQ_BODY_ECU_DIM,EQ_BODY_ECU_DIM,1
TO_141_LH_RHD_(111_LH_RHD),13,1,1,,na,EQ_BODY_ECU_HCTY,0
TO_141_LH_RHD_(111_LH_RHD),14,1,1,,na,EQ_BODY_ECU_WPS,0
TO_141_LH_RHD_(111_LH_RHD),15,1,1,,na,EQ_F:2ND_BATT_L,0
TO_141_LH_RHD_(111_LH_RHD),16,1,1,,na,EQ_F:DMC_ECU_L,0
TO_141_LH_RHD_(111_LH_RHD),17,1,1,,na,EQ_F:ECU-IGR_NO.3_L,0
TO_141_LH_RHD_(111_LH_RHD),18,1,1,,na,EQ_F:PM_IGCT-PHV_L,0
TO_141_LH_RHD_(111_LH_RHD),19,1,1,,EQ_F:P-CON_MTR_NO.1_L,EQ_F:P-CON_MTR_NO.1_L,1
TO_141_LH_RHD_(111_LH_RHD),20,1,1,,EQ_F:SBW_IGCT-HV_L,EQ_F:SBW_IGCT-HV_L,1
TO_141_LH_RHD_(111_LH_RHD),21,1,1,,CANFD_P_BUS_HI,CANFD_P_BUS_HI,1
TO_141_LH_RHD_(111_LH_RHD),22,1,1,,EQ_METER_LL,EQ_METER_LL,1
TO_141_LH_RHD_(111_LH_RHD),23,1,1,,na,EQ_MF:AMP_L,0
TO_141_LH_RHD_(111_LH_RHD),24,1,1,,EQ_OUTS_TEMP_SSR_-,EQ_OUTS_TEMP_SSR_-,1
TO_141_LH_RHD_(111_LH_RHD),25,1,1,,EQ_RLY:IG_B-HP_L,EQ_RLY:IG_B-HP_L,1
TO_141_LH_RHD_(111_LH_RHD),26,1,1,,EQ_SBW_ACTR_ECU-HV_BUB1,EQ_SBW_ACTR_ECU-HV_BUB1,1
TO_141_LH_RHD_(111_LH_RHD),27,1,1,,na,EQ_SBW_ACTR_ECU-HV_MA2,0
TO_141_LH_RHD_(111_LH_RHD),28,1,1,,EQ_SBW_ACTR_ECU-PHV_BUB1,EQ_SBW_ACTR_ECU-PHV_BUB1,1
TO_141_LH_RHD_(111_LH_RHD),29,1,1,,na,EQ_SBW_ACTR_ECU-PHV_MA2,0
TO_141_LH_RHD_(111_LH_RHD),30,1,1,,EQ_STOP_LP_SW_L_CC,EQ_STOP_LP_SW_L_CC,1
TO_141_LH_RHD_(111_LH_RHD),31,1,1,,S_21CY_TOYOTA_T2-T1_095,S_21CY_TOYOTA_T2-T1_095,1
TO_141_LH_RHD_(111_LH_RHD),32,1,1,,S_AHB_G_ECU#2_001,S_AHB_G_ECU#2_001,1
TO_141_LH_RHD_(111_LH_RHD),33,1,1,,S_AHB_G_ECU#2_029,S_AHB_G_ECU#2_029,1
TO_141_LH_RHD_(111_LH_RHD),34,1,1,,S_AHB_G_ECU#2_030,S_AHB_G_ECU#2_030,1
TO_141_LH_RHD_(111_LH_RHD),35,1,1,,S_AHB_G_ECU#2_031,S_AHB_G_ECU#2_031,1
TO_141_LH_RHD_(111_LH_RHD),36,1,1,,S_AHB_G_ECU#2_032,S_AHB_G_ECU#2_032,1
TO_141_LH_RHD_(111_LH_RHD),37,1,1,,na,S_SBW_003,0
TO_141_LH_RHD_(111_LH_RHD),38,1,1,,na,S_SBW_004,0
TO_141_LH_RHD_(111_LH_RHD),39,1,1,,na,S_SBW_025,0
TO_141_LH_RHD_(111_LH_RHD),40,1,1,,na,S_SBW_026,0
TO_141_LH_RHD_(111_LH_RHD),41,1,1,,na,S_SMART_ENTRY-15CY_027,0
TO_141_LH_RHD_(111_LH_RHD),42,1,1,,na,EQ_F:STRG_HTR_L,0
TO_141_LH_RHD_(111_LH_RHD),43,1,1,,na,CANFD_P_BUS_LO,0
TO_141_LH_RHD_(111_LH_RHD),44,1,1,,na,CANFD_DS_LOCAL3_BUS_HI,0
TO_141_LH_RHD_(111_LH_RHD),45,1,1,,na,CANFD_DS_LOCAL3_BUS_LO,0
TO_141_LH_RHD_(111_LH_RHD),46,1,1,,na,CANFD_DS_BUS_HI,0
TO_141_LH_RHD_(111_LH_RHD),47,1,1,,na,CANFD_DS_BUS_LO,0
TO_141_LH_RHD_(111_LH_RHD),48,1,1,,na,na,2
TO_141_LH_RHD_(111_LH_RHD),49,1,1,,na,na,2
TO_141_RH_(151),1,1,1,,TW_S_21CY_TOYOTA_T2-T1_029,TW_S_21CY_TOYOTA_T2-T1_029,1
TO_141_RH_(151),2,1,1,,GND_AC100V_MAIN_SW_ILL-,GND_AC100V_MAIN_SW_ILL-,1
TO_141_RH_(151),3,1,1,,TW_S_SMART_ENTRY-15CY_004,TW_S_SMART_ENTRY-15CY_004,1
TO_141_RH_(151),4,1,1,,TW_S_SMART_ENTRY-15CY_005,TW_S_SMART_ENTRY-15CY_005,1
TO_141_RH_(151),5,1,1,,TW_S_SMART_ENTRY-15CY_002,TW_S_SMART_ENTRY-15CY_002,1
TO_141_RH_(151),6,1,1,,TW_S_SMART_ENTRY-15CY_003,TW_S_SMART_ENTRY-15CY_003,1
TO_141_RH_(151),7,1,1,,EQ_BODY_ECU_L2,EQ_BODY_ECU_L2,1
TO_141_RH_(151),8,1,1,,EQ_BODY_ECU_LIN2,EQ_BODY_ECU_LIN2,1
TO_141_RH_(151),9,1,1,,EQ_BODY_ECU_LSFR,EQ_BODY_ECU_LSFR,1
TO_141_RH_(151),10,1,1,,EQ_BODY_ECU_UL3,EQ_BODY_ECU_UL3,1
TO_141_RH_(151),11,1,1,,na,na,2
TO_141_RH_(151),12,1,1,,na,EQ_METER_ILL-,0
TO_141_RH_(151),13,1,1,,EQ_F:DOOR_F/L_L,EQ_F:DOOR_F/L_L,1
TO_141_RH_(151),14,1,1,,EQ_F:DOOR_F/R_L,EQ_F:DOOR_F/R_L,1
TO_141_RH_(151),15,1,1,,EQ_F:ECU-ACC_L,EQ_F:ECU-ACC_L,1
TO_141_RH_(151),16,1,1,,EQ_F:ECU-B_NO.2_L,EQ_F:ECU-B_NO.2_L,1
TO_141_RH_(151),17,1,1,,EQ_F:MIR HTR_L,EQ_F:MIR HTR_L,1
TO_141_RH_(151),18,1,1,,EQ_F:PANEL_L,EQ_F:PANEL_L,1
TO_141_RH_(151),19,1,1,,na,S_BODY_ECU_BASE_034,0
TO_141_RH_(151),20,1,1,,EQ_METER_LR,EQ_METER_LR,1
TO_141_RH_(151),21,1,1,,na,EQ_OUT_MIR_SW-W/RETRA_AUTO_M+,0
TO_141_RH_(151),22,1,1,,EQ_OUT_MIR_SW-W/RETRA_AUTO_HL,EQ_OUT_MIR_SW-W/RETRA_AUTO_HL,1
TO_141_RH_(151),23,1,1,,na,EQ_OUT_MIR_SW-W/RETRA_AUTO_HR,0
TO_141_RH_(151),24,1,1,,na,TW_S_21CY_TOYOTA_T2-T1_028,0
TO_141_RH_(151),25,1,1,,na,EQ_OUT_MIR_SW-W/RETRA_AUTO_VL,0
TO_141_RH_(151),26,1,1,,na,EQ_OUT_MIR_SW-W/RETRA_AUTO_VR,0
TO_141_RH_(151),27,1,1,,na,S_BODY_ECU_BASE_035,0
TO_141_RH_(151),28,1,1,,na,S_BODY_ECU_BASE_007,0
TO_141_RH_(151),29,1,1,,na,S_BODY_ECU_BASE_008,0
TO_141_RH_(151),30,1,1,,na,S_BODY_ECU_BASE_009,0
TO_141_RH_(151),31,1,1,,na,S_BODY_ECU_BASE_017,0
TO_141_RH_(151),32,1,1,,na,S_BODY_ECU_BASE_018,0
TO_141_RH_(151),33,1,1,,na,S_BODY_ECU_BASE_019,0
TO_141_RH_(151),34,1,1,,na,S_BODY_ECU_BASE_020,0
TO_141_RH_(151),35,1,1,,na,S_BODY_ECU_BASE_025,0
TO_141_RH_(151),36,1,1,,na,S_BODY_ECU_DOOR_013,0
TO_141_RH_(151),37,1,1,,na,S_BODY_ECU_DOOR_014,0
TO_141_RH_(151),38,1,1,,na,S_DOUBLE_LOCK_001,0
TO_141_RH_(151),39,1,1,,na,S_DOUBLE_LOCK_005,0
TO_141_RH_(151),40,1,1,,na,S_DOUBLE_LOCK_006,0
TO_141_RH_(151),41,1,1,,na,S_OUT_MIR_SW_001,0
TO_141_RH_(151),42,1,1,,na,S_OUT_MIR_SW_003,0
TO_141_RH_(151),43,1,1,,na,S_BODY_ECU_DOOR_040,0
TO_141_RH_(151),44,1,1,,na,S_BODY_ECU_DOOR_041,0
TO_141_RH_(151),51,1,1,,TW_S_AUDIO_AMP_AVC-21CY_019,TW_S_AUDIO_AMP_AVC-21CY_019,1
TO_141_RH_(151),52,1,1,,na,TW_S_AUDIO_AMP_AVC-21CY_020,0
TO_141_RH_(161_RH),1,1,1,,na,EMB_S_PVM_APP-21CY_035,0
TO_141_RH_(161_RH),2,1,1,,na,EMB_S_PVM_APP-21CY_036,0
TO_141_RH_(161_RH),3,1,1,,na,SLD_S_SPVM-21CY_020,0
TO_141_RH_(161_RH),4,1,1,,na,SLD_DRN_S_SPVM-21CY_104,0
TO_141_RH_(161_RH),5,1,1,,na,SLD_S_SPVM-21CY_021,0
TO_141_RH_(161_RH),6,1,1,,na,CANFD_P_BUS_LO,0
TO_141_RH_(161_RH),7,1,1,,na,CANFD_P_BUS_HI,0
TO_141_RH_(161_RH),8,1,1,,na,CANFD_P_BUS_HI,0
TO_141_RH_(161_RH),9,1,1,,na,CANFD_P_BUS_LO,0
TO_141_RH_(161_RH),10,1,1,,na,CAN_BTL_BUS_HI,0
TO_141_RH_(161_RH),11,1,1,,na,CAN_BTL_BUS_LO,0
TO_141_RH_(161_RH),12,1,1,,na,CANFD_DS_BUS_HI,0
TO_141_RH_(161_RH),13,1,1,,na,CANFD_DS_BUS_LO,0
TO_141_RH_(161_RH),14,1,1,,na,EQ_F:S/HTR_F/R_L,0
TO_141_RH_(161_RH),15,1,1,,na,CANFD_DS_LOCAL1_BUS_HI,0
TO_141_RH_(161_RH),16,1,1,,na,TW_S_SOLAR_ECU_004,0
TO_141_RH_(161_RH),17,1,1,,na,TW_S_SOLAR_ECU_005,0
TO_141_RH_(161_RH),18,1,1,,na,TW_S_SOLAR_ECU_006,0
TO_141_RH_(161_RH),19,1,1,,na,TW_S_SOLAR_ECU_007,0
TO_141_RH_(161_RH),20,1,1,,na,MCB4674,0
TO_141_RH_(161_RH),21,1,1,,na,EQ_BODY_ECU_LSWR,0
TO_141_RH_(161_RH),22,1,1,,na,na,2
TO_141_RH_(161_RH),23,1,1,,na,na,2
TO_141_RH_(161_RH),24,1,1,,na,EQ_F:ECU-DCC_NO.2_L,0
TO_141_RH_(161_RH),25,1,1,,na,CANFD_DS_BUS_LO,0
TO_141_RH_(161_RH),26,1,1,,na,CANFD_DS_BUS_HI,0
TO_141_RH_(161_RH),27,1,1,,na,EQ_F:SBW_IGCT-PHV_L,0
TO_141_RH_(161_RH),28,1,1,,na,EMB_S_PVM_APP-21CY_033,0
TO_141_RH_(161_RH),29,1,1,,na,EMB_DRN_S_PVM_APP-21CY_104,0
TO_141_RH_(161_RH),30,1,1,,na,EQ_HTR_CONT_PNL_SVDI,0
TO_141_RH_(161_RH),31,1,1,,na,EQ_HTR_CONT_PNL_SW_2,0
TO_141_RH_(161_RH),32,1,1,,na,EQ_HV_BAT_JB_SMRB,0
TO_141_RH_(161_RH),33,1,1,,na,EQ_HV_BAT_JB_SMRG,0
TO_141_RH_(161_RH),34,1,1,,na,EQ_HV_ECU-HV_ILK,0
TO_141_RH_(161_RH),35,1,1,,na,EQ_HV_ECU-HV_RMT,0
TO_141_RH_(161_RH),36,1,1,,na,EQ_HV_ECU-HV_RMTG,0
TO_141_RH_(161_RH),37,1,1,,na,EQ_HV_ECU-PHV_WCEN,0
TO_141_RH_(161_RH),38,1,1,,na,MCB6533,0
TO_141_RH_(161_RH),39,1,1,,na,EQ_PHV_BAT_SYS_SMRB,0
TO_141_RH_(161_RH),40,1,1,,na,EQ_PHV_BAT_SYS_SMRG,0
TO_141_RH_(161_RH),41,1,1,,na,EQ_PVM_SW_D,0
TO_141_RH_(161_RH),42,1,1,,na,EQ_RLY:S/HTR_RR_L,0
TO_141_RH_(161_RH),43,1,1,,na,EQ_RLY:SEAT_HTR_F/R_HI_L,0
TO_141_RH_(161_RH),44,1,1,,na,EQ_RLY:SEAT_HTR_F/R_LO_L,0
TO_141_RH_(161_RH),45,1,1,,na,EQ_WIRELESS_CHARGE_ECU_DIS,0
TO_141_RH_(161_RH),46,1,1,,na,S_FR_SEAT_HTR_010,0
TO_141_RH_(161_RH),47,1,1,,na,S_FR_SEAT_HTR_011,0
TO_141_RH_(161_RH),48,1,1,,na,S_FR_SEAT_HTR_012,0
TO_141_RH_(161_RH),49,1,1,,na,S_QUICK_SVS_FR_006,0
TO_141_RH_(161_RH),50,1,1,,na,S_BODY_ECU_DOOR_035,0
TO_141_RH_(161_RH),51,1,1,,na,S_BODY_ECU_DOOR_036,0
TO_141_RH_(161_RH),52,1,1,,na,MCB6534,0
TO_141_RH_(161_RH),53,1,1,,na,S_DOUBLE_LOCK_003,0
TO_141_RH_(161_RH),54,1,1,,S_FR_SEAT_HTR_001,S_FR_SEAT_HTR_001,1
TO_141_RH_(161_RH),55,1,1,,S_FR_SEAT_HTR_002,S_FR_SEAT_HTR_002,1
TO_141_RH_(161_RH),56,1,1,,S_FR_SEAT_HTR_003,S_FR_SEAT_HTR_003,1
TO_141_RH_(161_RH),57,1,1,,CANFD_DS_LOCAL1_BUS_LO,CANFD_DS_LOCAL1_BUS_LO,1
TO_141_RH_(161_RH),58,1,1,,na,EMB_S_PVM_APP-21CY_034,0
TO_141_RH_(161_RH),59,1,1,,na,EQ_F:PWC(TBD)_L,0
TO_141_RH_(161_RH),60,1,1,,na,na,2
TO_141_RH_(161_RH),61,1,1,,S_METER_010,S_METER_010,1
TO_141_RH_(161_RH),62,1,1,,S_METER_027,S_METER_027,1
TO_141_RH_(161_RH),63,1,1,,S_PHV_BATTERY_PACK_003,S_PHV_BATTERY_PACK_003,1
TO_141_RH_(161_RH),70,1,1,,S_QUICK_SVS_FR_002,S_QUICK_SVS_FR_002,1
TO_141_RH_(161_RH),73,1,1,,S_CLEARANCE_SNR_043,S_CLEARANCE_SNR_043,1
TO_141_RH_(161_RH),74,1,1,,S_CLEARANCE_SNR_044,S_CLEARANCE_SNR_044,1
TO_141_RH_(161_RH),75,1,1,,S_CLEARANCE_SNR_045,S_CLEARANCE_SNR_045,1
TO_141_RH_(161_RH),76,1,1,,EQ_F:PM_IGCT-PHV_L,EQ_F:PM_IGCT-PHV_L,1
TO_141_RH_(161_RH),77,1,1,,S_HV_ECU-PHV_037,S_HV_ECU-PHV_037,1
TO_141_RH_LHD_(111_RH_LHD),1,1,1,,CAN_BTL_BUS_HI,CAN_BTL_BUS_HI,1
TO_141_RH_LHD_(111_RH_LHD),2,1,1,,CAN_BTL_BUS_HI,CAN_BTL_BUS_HI,1
TO_141_RH_LHD_(111_RH_LHD),3,1,1,,EQ_F:ECU-IGR_NO.3_L,EQ_F:ECU-IGR_NO.3_L,1
TO_141_RH_LHD_(111_RH_LHD),4,1,1,,EQ_F:PM_IGCT-PHV_L,EQ_F:PM_IGCT-PHV_L,1
TO_141_RH_LHD_(111_RH_LHD),5,1,1,,EQ_OUTS_TEMP_SSR_-,EQ_OUTS_TEMP_SSR_-,1
TO_141_RH_LHD_(111_RH_LHD),6,1,1,,S_ACON-HP_025,S_ACON-HP_025,1
TO_141_RH_LHD_(111_RH_LHD),7,1,1,,CANFD_PL_BUS_HI,CANFD_PL_BUS_HI,1
TO_141_RH_LHD_(111_RH_LHD),8,1,1,,CANFD_PL_BUS_LO,CANFD_PL_BUS_LO,1
TO_141_RH_LHD_(111_RH_LHD),9,1,1,,EQ_F:SBW_IGCT-HV_L,EQ_F:SBW_IGCT-HV_L,1
TO_141_RH_LHD_(111_RH_LHD),10,1,1,,EQ_F:P-CON_MTR_NO.1_L,EQ_F:P-CON_MTR_NO.1_L,1
TO_141_RH_LHD_(111_RH_LHD),11,1,1,,CAN_BTL_BUS_LO,CAN_BTL_BUS_LO,1
TO_141_RH_LHD_(111_RH_LHD),12,1,1,,CAN_BTL_BUS_LO,CAN_BTL_BUS_LO,1
TO_141_RH_LHD_(111_RH_LHD),13,1,1,,CANFD_ADS_C1_BUS_HI,CANFD_ADS_C1_BUS_HI,1
TO_141_RH_LHD_(111_RH_LHD),14,1,1,,CANFD_ADS_C1_BUS_HI,CANFD_ADS_C1_BUS_HI,1
TO_141_RH_LHD_(111_RH_LHD),15,1,1,,CAN_C2_BUS_HI,CAN_C2_BUS_HI,1
TO_141_RH_LHD_(111_RH_LHD),16,1,1,,CAN_C2_BUS_LO,CAN_C2_BUS_LO,1
TO_141_RH_LHD_(111_RH_LHD),17,1,1,,CAN_SBW_BUS_HI,CAN_SBW_BUS_HI,1
TO_141_RH_LHD_(111_RH_LHD),18,1,1,,CAN_SBW_BUS_LO,CAN_SBW_BUS_LO,1
TO_141_RH_LHD_(111_RH_LHD),19,1,1,,na,na,2
TO_141_RH_LHD_(111_RH_LHD),20,1,1,,CANFD_ADS_C1_BUS_LO,CANFD_ADS_C1_BUS_LO,1
TO_141_RH_LHD_(111_RH_LHD),21,1,1,,CANFD_ADS_C1_BUS_LO,CANFD_ADS_C1_BUS_LO,1
TO_141_RH_LHD_(111_RH_LHD),22,1,1,,na,na,2
TO_141_RH_LHD_(111_RH_LHD),23,1,1,,EQ_A/BAG_SSR_F/R_-SR,EQ_A/BAG_SSR_F/R_-SR,1
TO_141_RH_LHD_(111_RH_LHD),24,1,1,,EQ_A/BAG_SSR_F/R_PLUSSR,EQ_A/BAG_SSR_F/R_PLUSSR,1
TO_141_RH_LHD_(111_RH_LHD),25,1,1,,EQ_A/BAG_SSR_F/L_-SL,EQ_A/BAG_SSR_F/L_-SL,1
TO_141_RH_LHD_(111_RH_LHD),26,1,1,,EQ_A/BAG_SSR_F/L_PLUSSL,EQ_A/BAG_SSR_F/L_PLUSSL,1
TO_141_RH_LHD_(111_RH_LHD),27,1,1,,TW_S_ACON-HP_008,TW_S_ACON-HP_008,1
TO_141_RH_LHD_(111_RH_LHD),28,1,1,,TW_S_ACON-HP_009,TW_S_ACON-HP_009,1
TO_141_RH_LHD_(111_RH_LHD),29,1,1,,EQ_AHB_G_ECU#2_CSW,EQ_AHB_G_ECU#2_CSW,1
TO_141_RH_LHD_(111_RH_LHD),30,1,1,,na,MCB1203,0
TO_141_RH_LHD_(111_RH_LHD),31,1,1,,na,MCB1207,0
TO_141_RH_LHD_(111_RH_LHD),32,1,1,,na,na,2
TO_141_RH_LHD_(111_RH_LHD),33,1,1,,na,MCB1205,0
TO_141_RH_LHD_(111_RH_LHD),34,1,1,,na,MCB1204,0
TO_141_RH_LHD_(111_RH_LHD),35,1,1,,EQ_RLY:IG_B-HP_L,EQ_RLY:IG_B-HP_L,1
TO_141_RH_LHD_(111_RH_LHD),36,1,1,,EQ_F:2ND_BATT_L,EQ_F:2ND_BATT_L,1
TO_141_RH_LHD_(111_RH_LHD),37,1,1,,EQ_F:ECU-IGP_NO.1_L,EQ_F:ECU-IGP_NO.1_L,1
TO_141_RH_LHD_(111_RH_LHD),38,1,1,,na,na,2
TO_141_RH_LHD_(111_RH_LHD),39,1,1,,na,na,2
TO_141_RH_LHD_(111_RH_LHD),40,1,1,,na,na,2
TO_141_RH_LHD_(111_RH_LHD),41,1,1,,EQ_F:PM_IGCT-HV_L,EQ_F:PM_IGCT-HV_L,1
TO_141_RH_LHD_(111_RH_LHD),44,1,1,,EQ_F:SBW_IGCT-PHV_L,EQ_F:SBW_IGCT-PHV_L,1
TO_141_RH_LHD_(111_RH_LHD),45,1,1,,EQ_METER_LR,EQ_METER_LR,1
TO_141_RH_LHD_(111_RH_LHD),46,1,1,,EQ_METER_OILW,EQ_METER_OILW,1
TO_141_RH_LHD_(111_RH_LHD),47,1,1,,EQ_MF:AMP_L,EQ_MF:AMP_L,1
TO_141_RH_LHD_(111_RH_LHD),49,1,1,,EQ_RLY:FR_DEICER_-S,EQ_RLY:FR_DEICER_-S,1
TO_141_RH_LHD_(111_RH_LHD),51,1,1,,EQ_RLY:PTC_HTR#1_-S,EQ_RLY:PTC_HTR#1_-S,1
TO_141_RH_LHD_(111_RH_LHD),52,1,1,,EQ_RLY:PTC_HTR#2_-S,EQ_RLY:PTC_HTR#2_-S,1
TO_141_RH_LHD_(111_RH_LHD),53,1,1,,EQ_RLY:PTC_HTR#3_-S,EQ_RLY:PTC_HTR#3_-S,1
TO_141_RH_LHD_(111_RH_LHD),54,1,1,,EQ_SBW_ACTR_ECU-HV_BUB1,EQ_SBW_ACTR_ECU-HV_BUB1,1
TO_141_RH_LHD_(111_RH_LHD),55,1,1,,EQ_SBW_ACTR_ECU-HV_MA2,EQ_SBW_ACTR_ECU-HV_MA2,1
TO_141_RH_LHD_(111_RH_LHD),56,1,1,,EQ_SBW_ACTR_ECU-PHV_BUB1,EQ_SBW_ACTR_ECU-PHV_BUB1,1
TO_141_RH_LHD_(111_RH_LHD),57,1,1,,EQ_SBW_ACTR_ECU-PHV_MA2,EQ_SBW_ACTR_ECU-PHV_MA2,1
TO_141_RH_LHD_(111_RH_LHD),58,1,1,,EQ_STOP_LP_SW_L_CC,EQ_STOP_LP_SW_L_CC,1
TO_141_RH_LHD_(111_RH_LHD),59,1,1,,S_21CY_TOYOTA_T2-T1_095,S_21CY_TOYOTA_T2-T1_095,1
TO_141_RH_LHD_(111_RH_LHD),61,1,1,,S_AHB_G_ECU#2_001,S_AHB_G_ECU#2_001,1
TO_141_RH_LHD_(111_RH_LHD),62,1,1,,S_AHB_G_ECU#2_029,S_AHB_G_ECU#2_029,1
TO_141_RH_LHD_(111_RH_LHD),63,1,1,,S_AHB_G_ECU#2_030,S_AHB_G_ECU#2_030,1
TO_141_RH_LHD_(111_RH_LHD),64,1,1,,S_AHB_G_ECU#2_031,S_AHB_G_ECU#2_031,1
TO_141_RH_LHD_(111_RH_LHD),65,1,1,,S_AHB_G_ECU#2_032,S_AHB_G_ECU#2_032,1
TO_141_RH_LHD_(111_RH_LHD),68,1,1,,S_FSMC_003,S_FSMC_003,1
TO_141_RH_LHD_(111_RH_LHD),70,1,1,,S_METER_025,S_METER_025,1
TO_141_RH_LHD_(111_RH_LHD),71,1,1,,S_METER_026,S_METER_026,1
TO_141_RH_LHD_(111_RH_LHD),72,1,1,,S_SBW_003,S_SBW_003,1
TO_141_RH_LHD_(111_RH_LHD),74,1,1,,S_SBW_004,S_SBW_004,1
TO_141_RH_LHD_(111_RH_LHD),75,1,1,,S_SBW_025,S_SBW_025,1
TO_141_RH_LHD_(111_RH_LHD),76,1,1,,S_SBW_026,S_SBW_026,1
TO_141_RH_LHD_(111_RH_LHD),77,1,1,,S_SMART_ENTRY-15CY_027,S_SMART_ENTRY-15CY_027,1
TO_141_RH_LHD_(111_RH_LHD),78,1,1,,S_WIPER_009,S_WIPER_009,1
TO_141_RH_LHD_(111_RH_LHD),79,1,1,,S_WIPER_010,S_WIPER_010,1
TO_141_RH_RHD_(111_RH_RHD),1,1,1,,CAN_BTL_BUS_HI,CAN_BTL_BUS_HI,1
TO_141_RH_RHD_(111_RH_RHD),2,1,1,,CAN_BTL_BUS_HI,CAN_BTL_BUS_HI,1
TO_141_RH_RHD_(111_RH_RHD),3,1,1,,S_ACON-HP_025,S_ACON-HP_025,1
TO_141_RH_RHD_(111_RH_RHD),4,1,1,,CAN_BTL_BUS_LO,CAN_BTL_BUS_LO,1
TO_141_RH_RHD_(111_RH_RHD),5,1,1,,na,na,2
TO_141_RH_RHD_(111_RH_RHD),6,1,1,,CAN_BTL_BUS_LO,CAN_BTL_BUS_LO,1
TO_141_RH_RHD_(111_RH_RHD),7,1,1,,CANFD_PL_BUS_HI,CANFD_PL_BUS_HI,1
TO_141_RH_RHD_(111_RH_RHD),8,1,1,,CANFD_PL_BUS_LO,CANFD_PL_BUS_LO,1
TO_141_RH_RHD_(111_RH_RHD),9,1,1,,EQ_F:S/HTR_RR_L,EQ_F:S/HTR_RR_L,1
TO_141_RH_RHD_(111_RH_RHD),11,1,1,,CANFD_ADS_C1_BUS_HI,CANFD_ADS_C1_BUS_HI,1
TO_141_RH_RHD_(111_RH_RHD),12,1,1,,CANFD_ADS_C1_BUS_HI,CANFD_ADS_C1_BUS_HI,1
TO_141_RH_RHD_(111_RH_RHD),13,1,1,,CAN_C2_BUS_HI,CAN_C2_BUS_HI,1
TO_141_RH_RHD_(111_RH_RHD),14,1,1,,CAN_C2_BUS_LO,CAN_C2_BUS_LO,1
TO_141_RH_RHD_(111_RH_RHD),15,1,1,,CANFD_ADS_C1_BUS_LO,CANFD_ADS_C1_BUS_LO,1
TO_141_RH_RHD_(111_RH_RHD),16,1,1,,EQ_F:ECU-IGP_NO.3_L,EQ_F:ECU-IGP_NO.3_L,1
TO_141_RH_RHD_(111_RH_RHD),17,1,1,,CANFD_ADS_C1_BUS_LO,CANFD_ADS_C1_BUS_LO,1
TO_141_RH_RHD_(111_RH_RHD),19,1,1,,EQ_A/BAG_SSR_F/R_-SR,EQ_A/BAG_SSR_F/R_-SR,1
TO_141_RH_RHD_(111_RH_RHD),20,1,1,,EQ_A/BAG_SSR_F/R_PLUSSR,EQ_A/BAG_SSR_F/R_PLUSSR,1
TO_141_RH_RHD_(111_RH_RHD),21,1,1,,TW_S_ACON-HP_008,TW_S_ACON-HP_008,1
TO_141_RH_RHD_(111_RH_RHD),22,1,1,,TW_S_ACON-HP_009,TW_S_ACON-HP_009,1
TO_141_RH_RHD_(111_RH_RHD),23,1,1,,na,MCB1207,0
TO_141_RH_RHD_(111_RH_RHD),24,1,1,,EQ_EFI_ECU-TNGA_LSTM,EQ_EFI_ECU-TNGA_LSTM,1
TO_141_RH_RHD_(111_RH_RHD),25,1,1,,na,MCB1205,0
TO_141_RH_RHD_(111_RH_RHD),26,1,1,,na,na,2
TO_141_RH_RHD_(111_RH_RHD),27,1,1,,EQ_F:DVR_L,EQ_F:DVR_L,1
TO_141_RH_RHD_(111_RH_RHD),28,1,1,,EQ_F:ECU-IGP_NO.1_L,EQ_F:ECU-IGP_NO.1_L,1
TO_141_RH_RHD_(111_RH_RHD),30,1,1,,EQ_F:H-LP_LH_LED_L/ECU_L,EQ_F:H-LP_LH_LED_L/ECU_L,1
TO_141_RH_RHD_(111_RH_RHD),31,1,1,,EQ_F:PM_IGCT-HV_L,EQ_F:PM_IGCT-HV_L,1
TO_141_RH_RHD_(111_RH_RHD),34,1,1,,EQ_F:SBW_IGCT-PHV_L,EQ_F:SBW_IGCT-PHV_L,1
TO_141_RH_RHD_(111_RH_RHD),35,1,1,,EQ_F:WASHER_L,EQ_F:WASHER_L,1
TO_141_RH_RHD_(111_RH_RHD),36,1,1,,EQ_FL:EPS_L,EQ_FL:EPS_L,1
TO_141_RH_RHD_(111_RH_RHD),37,1,1,,EQ_METER_LR,EQ_METER_LR,1
TO_141_RH_RHD_(111_RH_RHD),38,1,1,,EQ_METER_OILW,EQ_METER_OILW,1
TO_141_RH_RHD_(111_RH_RHD),39,1,1,,EQ_RLY:FR_DEICER_-S,EQ_RLY:FR_DEICER_-S,1
TO_141_RH_RHD_(111_RH_RHD),40,1,1,,EQ_RLY:PTC_HTR#1_-S,EQ_RLY:PTC_HTR#1_-S,1
TO_141_RH_RHD_(111_RH_RHD),41,1,1,,EQ_RLY:PTC_HTR#2_-S,EQ_RLY:PTC_HTR#2_-S,1
TO_141_RH_RHD_(111_RH_RHD),42,1,1,,EQ_RLY:PTC_HTR#3_-S,EQ_RLY:PTC_HTR#3_-S,1
TO_141_RH_RHD_(111_RH_RHD),43,1,1,,EQ_RLY:WIPER_L,EQ_RLY:WIPER_L,1
TO_141_RH_RHD_(111_RH_RHD),48,1,1,,S_FSMC_003,S_FSMC_003,1
TO_141_RH_RHD_(111_RH_RHD),50,1,1,,S_H_LP_LVL_SW_002,S_H_LP_LVL_SW_002,1
TO_141_RH_RHD_(111_RH_RHD),51,1,1,,S_METER_025,S_METER_025,1
TO_141_RH_RHD_(111_RH_RHD),53,1,1,,S_WIPER_006,S_WIPER_006,1
TO_141_RH_RHD_(111_RH_RHD),54,1,1,,S_WIPER_007,S_WIPER_007,1
TO_141_RH_RHD_(111_RH_RHD),55,1,1,,S_WIPER_008,S_WIPER_008,1
TO_141_RH_RHD_(111_RH_RHD),56,1,1,,S_WIPER_009,S_WIPER_009,1
TO_141_RH_RHD_(111_RH_RHD),57,1,1,,S_WIPER_010,S_WIPER_010,1
TO_142_(141_LH)_18P,1,1,1,90980-12739,na,na,2
TO_142_(141_LH)_18P,2,1,1,90980-12739,na,na,2
TO_142_(141_LH)_18P,3,1,1,90980-12739,EQ_A/C_ECU-W/SEAT_NANO,EQ_A/C_ECU-W/SEAT_NANO,1
TO_142_(141_LH)_18P,4,1,1,90980-12739,S_BODY_ECU_EX_LP_013,S_BODY_ECU_EX_LP_013,1
TO_142_(141_LH)_18P,5,1,1,90980-12739,S_BODY_ECU_EX_LP_014,S_BODY_ECU_EX_LP_014,1
TO_142_(141_LH)_18P,6,1,1,90980-12739,S_BODY_ECU_EX_LP_015,S_BODY_ECU_EX_LP_015,1
TO_142_(141_LH)_18P,7,1,1,90980-12739,SLD_S_21CY_TOYOTA_T2-T1_079,SLD_S_21CY_TOYOTA_T2-T1_079,1
TO_142_(141_LH)_18P,8,1,1,90980-12739,SLD_DRN_S_21CY_TOYOTA_T2-T1_111,SLD_DRN_S_21CY_TOYOTA_T2-T1_111,1
TO_142_(141_LH)_18P,9,1,1,90980-12739,SLD_S_21CY_TOYOTA_T2-T1_080,SLD_S_21CY_TOYOTA_T2-T1_080,1
TO_142_(141_LH)_18P,10,1,1,90980-12739,SLD_S_21CY_TOYOTA_T2-T1_081,SLD_S_21CY_TOYOTA_T2-T1_081,1
TO_142_(141_LH)_18P,11,1,1,90980-12739,na,na,2
TO_142_(141_LH)_18P,12,1,1,90980-12739,na,na,2
TO_142_(141_LH)_18P,13,1,1,90980-12739,na,GND_NANO_E_UNIT_SUB_WH_GND,0
TO_142_(141_LH)_18P,14,1,1,90980-12739,EQ_A/C_ECU-W/SEAT_NAIN,EQ_A/C_ECU-W/SEAT_NAIN,1
TO_142_(141_LH)_18P,15,1,1,90980-12739,S_ACON-HV_013,S_ACON-HV_013,1
TO_142_(141_LH)_18P,16,1,1,90980-12739,S_ACON-HV_014,S_ACON-HV_014,1
TO_142_(141_LH)_18P,17,1,1,90980-12739,SLD_S_21CY_TOYOTA_T2-T1_082,SLD_S_21CY_TOYOTA_T2-T1_082,1
TO_142_(141_LH)_18P,18,1,1,90980-12739,na,na,2
TO_143_(111_LH),1,1,1,KANGO-10956,EQ_RLY:PTC_HTR#1_L,EQ_RLY:PTC_HTR#1_L,1
TO_143_(111_LH),2,1,1,KANGO-10956,EQ_RLY:PTC_HTR#2_L,EQ_RLY:PTC_HTR#2_L,1
TO_143_(111_LH),3,1,1,KANGO-10956,EQ_RLY:PTC_HTR#3_L,EQ_RLY:PTC_HTR#3_L,1
TO_151_(141_RH),1,1,1,,TW_S_21CY_TOYOTA_T2-T1_029,TW_S_21CY_TOYOTA_T2-T1_029,1
TO_151_(141_RH),2,1,1,,GND_AC100V_MAIN_SW_ILL-,GND_AC100V_MAIN_SW_ILL-,1
TO_151_(141_RH),3,1,1,,TW_S_SMART_ENTRY-15CY_004,TW_S_SMART_ENTRY-15CY_004,1
TO_151_(141_RH),4,1,1,,TW_S_SMART_ENTRY-15CY_005,TW_S_SMART_ENTRY-15CY_005,1
TO_151_(141_RH),5,1,1,,TW_S_SMART_ENTRY-15CY_002,TW_S_SMART_ENTRY-15CY_002,1
TO_151_(141_RH),6,1,1,,TW_S_SMART_ENTRY-15CY_003,TW_S_SMART_ENTRY-15CY_003,1
TO_151_(141_RH),7,1,1,,EQ_BODY_ECU_L2,EQ_BODY_ECU_L2,1
TO_151_(141_RH),8,1,1,,EQ_BODY_ECU_LIN2,EQ_BODY_ECU_LIN2,1
TO_151_(141_RH),9,1,1,,EQ_BODY_ECU_LSFR,EQ_BODY_ECU_LSFR,1
TO_151_(141_RH),10,1,1,,EQ_BODY_ECU_UL3,EQ_BODY_ECU_UL3,1
TO_151_(141_RH),11,1,1,,na,na,2
TO_151_(141_RH),12,1,1,,na,EQ_METER_ILL-,0
TO_151_(141_RH),13,1,1,,EQ_F:DOOR_F/L_L,EQ_F:DOOR_F/L_L,1
TO_151_(141_RH),14,1,1,,EQ_F:DOOR_F/R_L,EQ_F:DOOR_F/R_L,1
TO_151_(141_RH),15,1,1,,EQ_F:ECU-ACC_L,EQ_F:ECU-ACC_L,1
TO_151_(141_RH),16,1,1,,EQ_F:ECU-B_NO.2_L,EQ_F:ECU-B_NO.2_L,1
TO_151_(141_RH),17,1,1,,EQ_F:MIR HTR_L,EQ_F:MIR HTR_L,1
TO_151_(141_RH),18,1,1,,EQ_F:PANEL_L,EQ_F:PANEL_L,1
TO_151_(141_RH),19,1,1,,na,S_BODY_ECU_BASE_034,0
TO_151_(141_RH),20,1,1,,EQ_METER_LR,EQ_METER_LR,1
TO_151_(141_RH),21,1,1,,na,EQ_OUT_MIR_SW-W/RETRA_AUTO_M+,0
TO_151_(141_RH),22,1,1,,EQ_OUT_MIR_SW-W/RETRA_AUTO_HL,EQ_OUT_MIR_SW-W/RETRA_AUTO_HL,1
TO_151_(141_RH),23,1,1,,na,EQ_OUT_MIR_SW-W/RETRA_AUTO_HR,0
TO_151_(141_RH),24,1,1,,na,TW_S_21CY_TOYOTA_T2-T1_028,0
TO_151_(141_RH),25,1,1,,na,EQ_OUT_MIR_SW-W/RETRA_AUTO_VL,0
TO_151_(141_RH),26,1,1,,na,EQ_OUT_MIR_SW-W/RETRA_AUTO_VR,0
TO_151_(141_RH),27,1,1,,na,S_BODY_ECU_BASE_035,0
TO_151_(141_RH),28,1,1,,na,S_BODY_ECU_BASE_007,0
TO_151_(141_RH),29,1,1,,na,S_BODY_ECU_BASE_008,0
TO_151_(141_RH),30,1,1,,na,S_BODY_ECU_BASE_009,0
TO_151_(141_RH),31,1,1,,na,S_BODY_ECU_BASE_017,0
TO_151_(141_RH),32,1,1,,na,S_BODY_ECU_BASE_018,0
TO_151_(141_RH),33,1,1,,na,S_BODY_ECU_BASE_019,0
TO_151_(141_RH),34,1,1,,na,S_BODY_ECU_BASE_020,0
TO_151_(141_RH),35,1,1,,na,S_BODY_ECU_BASE_025,0
TO_151_(141_RH),36,1,1,,na,S_BODY_ECU_DOOR_013,0
TO_151_(141_RH),37,1,1,,na,S_BODY_ECU_DOOR_014,0
TO_151_(141_RH),38,1,1,,na,S_DOUBLE_LOCK_001,0
TO_151_(141_RH),39,1,1,,na,S_DOUBLE_LOCK_005,0
TO_151_(141_RH),40,1,1,,na,S_DOUBLE_LOCK_006,0
TO_151_(141_RH),41,1,1,,na,S_OUT_MIR_SW_001,0
TO_151_(141_RH),42,1,1,,na,S_OUT_MIR_SW_003,0
TO_151_(141_RH),43,1,1,,na,S_BODY_ECU_DOOR_040,0
TO_151_(141_RH),44,1,1,,na,S_BODY_ECU_DOOR_041,0
TO_151_(141_RH),51,1,1,,TW_S_AUDIO_AMP_AVC-21CY_019,TW_S_AUDIO_AMP_AVC-21CY_019,1
TO_151_(141_RH),52,1,1,,na,TW_S_AUDIO_AMP_AVC-21CY_020,0
TO_151_(161_RH),1,1,1,,EMB_S_PVM_APP-21CY_009,EMB_S_PVM_APP-21CY_009,1
TO_151_(161_RH),2,1,1,,EMB_DRN_S_PVM_APP-21CY_103,EMB_DRN_S_PVM_APP-21CY_103,1
TO_151_(161_RH),3,1,1,,EMB_S_PVM_APP-21CY_010,EMB_S_PVM_APP-21CY_010,1
TO_151_(161_RH),4,1,1,,EMB_S_PVM_APP-21CY_011,EMB_S_PVM_APP-21CY_011,1
TO_151_(161_RH),5,1,1,,EMB_S_PVM_APP-21CY_012,EMB_S_PVM_APP-21CY_012,1
TO_151_(161_RH),6,1,1,,SLD_S_SPVM-21CY_009,SLD_S_SPVM-21CY_009,1
TO_151_(161_RH),7,1,1,,SLD_DRN_S_SPVM-21CY_103,SLD_DRN_S_SPVM-21CY_103,1
TO_151_(161_RH),8,1,1,,SLD_S_SPVM-21CY_010,SLD_S_SPVM-21CY_010,1
TO_151_(161_RH),9,1,1,,SLD_S_SPVM-21CY_011,SLD_S_SPVM-21CY_011,1
TO_151_(161_RH),10,1,1,,SLD_S_SPVM-21CY_012,SLD_S_SPVM-21CY_012,1
TO_151_(161_RH),11,1,1,,TW_S_AIRBAG_037,TW_S_AIRBAG_037,1
TO_151_(161_RH),12,1,1,,TW_S_AIRBAG_038,TW_S_AIRBAG_038,1
TO_151_(161_RH),13,1,1,,TW_S_AIRBAG_094,TW_S_AIRBAG_094,1
TO_151_(161_RH),14,1,1,,TW_S_AIRBAG_097,TW_S_AIRBAG_097,1
TO_151_(161_RH),15,1,1,,TW_S_AIRBAG_146,TW_S_AIRBAG_146,1
TO_151_(161_RH),16,1,1,,TW_S_AIRBAG_150,TW_S_AIRBAG_150,1
TO_151_(161_RH),17,1,1,,EQ_BSM_MODULE_RH_OMIR,EQ_BSM_MODULE_RH_OMIR,1
TO_151_(161_RH),18,1,1,,GND_BLE_RECV_D/SEAT_GND,GND_BLE_RECV_D/SEAT_GND,1
TO_151_(161_RH),19,1,1,,na,EQ_F:PANEL_L,0
TO_151_(161_RH),20,1,1,,na,S_BODY_ECU_DOOR_002,0
TO_151_(161_RH),21,1,1,,na,S_BODY_ECU_DOOR_004,0
TO_151_(161_RH),22,1,1,,na,S_PVM_APP-21CY_028,0
TO_151_(161_RH),23,1,1,,na,S_PVM_APP-21CY_029,0
TO_151_(161_RH),24,1,1,,na,S_PVM_APP-21CY_030,0
TO_151_(161_RH),25,1,1,,na,S_PVM_APP-21CY_031,0
TO_151_(161_RH),26,1,1,,na,S_OUT_MIR_SW_014,0
TO_151_(161_RH),27,1,1,,na,S_OUT_MIR_SW_015,0
TO_151_(161_RH),28,1,1,,na,S_OUT_MIR_SW_011,0
TO_152_(141_LH),1,1,1,,na,TW_S_21CY_TOYOTA_T2-T1_019,0
TO_152_(141_LH),2,1,1,,na,TW_S_SMART_ENTRY-15CY_004,0
TO_152_(141_LH),3,1,1,,na,TW_S_SMART_ENTRY-15CY_005,0
TO_152_(141_LH),4,1,1,,na,TW_S_SMART_ENTRY-15CY_002,0
TO_152_(141_LH),5,1,1,,na,TW_S_SMART_ENTRY-15CY_003,0
TO_152_(141_LH),6,1,1,,na,EQ_BODY_ECU_L2,0
TO_152_(141_LH),7,1,1,,na,EQ_BODY_ECU_LSFL,0
TO_152_(141_LH),8,1,1,,na,EQ_BODY_ECU_UL3,0
TO_152_(141_LH),9,1,1,,na,EQ_F:ECU-ACC_L,0
TO_152_(141_LH),10,1,1,,na,EQ_F:ECU-B_NO.2_L,0
TO_152_(141_LH),11,1,1,,na,EQ_F:MIR HTR_L,0
TO_152_(141_LH),12,1,1,,na,S_BODY_ECU_DOOR_003,0
TO_152_(141_LH),13,1,1,,na,EQ_METER_ILL-,0
TO_152_(141_LH),14,1,1,,na,EQ_METER_LL,0
TO_152_(141_LH),15,1,1,,na,EQ_OUT_MIR_SW-W/RETRA_AUTO_M+,0
TO_152_(141_LH),16,1,1,,na,EQ_OUT_MIR_SW-W/RETRA_AUTO_HL,0
TO_152_(141_LH),17,1,1,,na,EQ_OUT_MIR_SW-W/RETRA_AUTO_HR,0
TO_152_(141_LH),18,1,1,,na,S_BODY_ECU_BASE_034,0
TO_152_(141_LH),19,1,1,,na,EQ_OUT_MIR_SW-W/RETRA_AUTO_VL,0
TO_152_(141_LH),20,1,1,,na,EQ_OUT_MIR_SW-W/RETRA_AUTO_VR,0
TO_152_(141_LH),21,1,1,,na,GND_AC100V_MAIN_SW_ILL-,0
TO_152_(141_LH),22,1,1,,na,TW_S_AUDIO_AMP_AVC-21CY_017,0
TO_152_(141_LH),23,1,1,,S_BODY_ECU_BASE_017,S_BODY_ECU_BASE_017,1
TO_152_(141_LH),24,1,1,,S_BODY_ECU_BASE_018,S_BODY_ECU_BASE_018,1
TO_152_(141_LH),25,1,1,,S_BODY_ECU_BASE_019,S_BODY_ECU_BASE_019,1
TO_152_(141_LH),26,1,1,,S_BODY_ECU_BASE_020,S_BODY_ECU_BASE_020,1
TO_152_(141_LH),27,1,1,,S_BODY_ECU_BASE_031,S_BODY_ECU_BASE_031,1
TO_152_(141_LH),28,1,1,,S_BODY_ECU_BASE_032,S_BODY_ECU_BASE_032,1
TO_152_(141_LH),29,1,1,,S_BODY_ECU_BASE_033,S_BODY_ECU_BASE_033,1
TO_152_(141_LH),30,1,1,,na,S_BODY_ECU_BASE_035,0
TO_152_(141_LH),31,1,1,,na,S_DOUBLE_LOCK_001,0
TO_152_(141_LH),32,1,1,,S_DOUBLE_LOCK_004,S_DOUBLE_LOCK_004,1
TO_152_(141_LH),33,1,1,,S_DOUBLE_LOCK_006,S_DOUBLE_LOCK_006,1
TO_152_(141_LH),34,1,1,,S_OUT_MIR_SW_001,S_OUT_MIR_SW_001,1
TO_152_(141_LH),35,1,1,,S_OUT_MIR_SW_003,S_OUT_MIR_SW_003,1
TO_152_(141_LH),36,1,1,,TW_S_AUDIO_AMP_AVC-21CY_018,TW_S_AUDIO_AMP_AVC-21CY_018,1
TO_152_(141_LH),37,1,1,,TW_S_21CY_TOYOTA_T2-T1_018,TW_S_21CY_TOYOTA_T2-T1_018,1
TO_152_(161_LH),1,1,1,,EMB_S_PVM_APP-21CY_013,EMB_S_PVM_APP-21CY_013,1
TO_152_(161_LH),2,1,1,,EMB_DRN_S_PVM_APP-21CY_105,EMB_DRN_S_PVM_APP-21CY_105,1
TO_152_(161_LH),3,1,1,,EMB_S_PVM_APP-21CY_014,EMB_S_PVM_APP-21CY_014,1
TO_152_(161_LH),4,1,1,,EMB_S_PVM_APP-21CY_015,EMB_S_PVM_APP-21CY_015,1
TO_152_(161_LH),5,1,1,,EMB_S_PVM_APP-21CY_016,EMB_S_PVM_APP-21CY_016,1
TO_152_(161_LH),6,1,1,,SLD_S_SPVM-21CY_013,SLD_S_SPVM-21CY_013,1
TO_152_(161_LH),7,1,1,,SLD_DRN_S_SPVM-21CY_105,SLD_DRN_S_SPVM-21CY_105,1
TO_152_(161_LH),8,1,1,,SLD_S_SPVM-21CY_014,SLD_S_SPVM-21CY_014,1
TO_152_(161_LH),9,1,1,,SLD_S_SPVM-21CY_015,SLD_S_SPVM-21CY_015,1
TO_152_(161_LH),10,1,1,,SLD_S_SPVM-21CY_016,SLD_S_SPVM-21CY_016,1
TO_152_(161_LH),11,1,1,,na,TW_S_AIRBAG_033,0
TO_152_(161_LH),12,1,1,,na,TW_S_AIRBAG_034,0
TO_152_(161_LH),13,1,1,,na,TW_S_AIRBAG_057,0
TO_152_(161_LH),14,1,1,,na,TW_S_AIRBAG_072,0
TO_152_(161_LH),15,1,1,,na,TW_S_AIRBAG_147,0
TO_152_(161_LH),16,1,1,,na,TW_S_AIRBAG_167,0
TO_152_(161_LH),17,1,1,,EQ_BODY_ECU_LIN2,EQ_BODY_ECU_LIN2,1
TO_152_(161_LH),18,1,1,,na,EQ_BSM_MODULE_LH_OMIL,0
TO_152_(161_LH),19,1,1,,EQ_D/L_MTR_F/L-LHD_PLUS,EQ_D/L_MTR_F/L-LHD_PLUS,1
TO_152_(161_LH),20,1,1,,EQ_F:DOOR_F/L_L,EQ_F:DOOR_F/L_L,1
TO_152_(161_LH),21,1,1,,na,EQ_F:DOOR_F/R_L,0
TO_152_(161_LH),22,1,1,,na,GND_BLE_RECV_D/SEAT_GND,0
TO_152_(161_LH),23,1,1,,EQ_F:PANEL_L,EQ_F:PANEL_L,1
TO_152_(161_LH),24,1,1,,na,na,2
TO_152_(161_LH),25,1,1,,na,S_BODY_ECU_DOOR_004,0
TO_152_(161_LH),26,1,1,,na,S_BODY_ECU_DOOR_002,0
TO_152_(161_LH),27,1,1,,S_PVM_APP-21CY_024,S_PVM_APP-21CY_024,1
TO_152_(161_LH),28,1,1,,S_PVM_APP-21CY_025,S_PVM_APP-21CY_025,1
TO_152_(161_LH),29,1,1,,S_PVM_APP-21CY_026,S_PVM_APP-21CY_026,1
TO_152_(161_LH),30,1,1,,S_PVM_APP-21CY_027,S_PVM_APP-21CY_027,1
TO_152_(161_LH),31,1,1,,na,S_OUT_MIR_SW_014,0
TO_152_(161_LH),32,1,1,,na,S_OUT_MIR_SW_015,0
TO_152_(161_LH),33,1,1,,na,S_OUT_MIR_SW_011,0
TO_153_(161_RH)_25P,1,1,1,90980-12802,na,SIG4650,0
TO_153_(161_RH)_25P,2,1,1,90980-12802,na,MCB4651,0
TO_153_(161_RH)_25P,3,1,1,90980-12802,EQ_BODY_ECU_LIN2,EQ_BODY_ECU_LIN2,1
TO_153_(161_RH)_25P,4,1,1,90980-12802,EQ_BODY_ECU_LSWR,EQ_BODY_ECU_LSWR,1
TO_153_(161_RH)_25P,5,1,1,90980-12802,EQ_METER_ILL-,EQ_METER_ILL-,1
TO_153_(161_RH)_25P,6,1,1,90980-12802,S_BLE_ECU_003,S_BLE_ECU_003,1
TO_153_(161_RH)_25P,7,1,1,90980-12802,S_BLE_ECU_005,S_BLE_ECU_005,1
TO_153_(161_RH)_25P,8,1,1,90980-12802,EQ_F:PANEL_L,EQ_F:PANEL_L,1
TO_153_(161_RH)_25P,9,1,1,90980-12802,EQ_HTR_CONT_PNL_SVDI,EQ_HTR_CONT_PNL_SVDI,1
TO_153_(161_RH)_25P,10,1,1,90980-12802,EQ_HTR_CONT_PNL_SW_2,EQ_HTR_CONT_PNL_SW_2,1
TO_153_(161_RH)_25P,11,1,1,90980-12802,EQ_F:DOOR_R/R_L,EQ_F:DOOR_R/R_L,1
TO_153_(161_RH)_25P,12,1,1,90980-12802,GND_BLE_RECV_D/SEAT_GND,GND_BLE_RECV_D/SEAT_GND,1
TO_153_(161_RH)_25P,13,1,1,90980-12802,S_DOUBLE_LOCK_001,S_DOUBLE_LOCK_001,1
TO_153_(161_RH)_25P,14,1,1,90980-12802,S_BODY_ECU_DOOR_004,S_BODY_ECU_DOOR_004,1
TO_153_(161_RH)_25P,15,1,1,90980-12802,S_BODY_ECU_DOOR_002,S_BODY_ECU_DOOR_002,1
TO_153_(161_RH)_25P,16,1,1,90980-12802,na,na,2
TO_153_(161_RH)_25P,17,1,1,90980-12802,S_BODY_ECU_DOOR_035,S_BODY_ECU_DOOR_035,1
TO_153_(161_RH)_25P,18,1,1,90980-12802,S_BODY_ECU_DOOR_036,S_BODY_ECU_DOOR_036,1
TO_153_(161_RH)_25P,19,1,1,90980-12802,na,na,2
TO_153_(161_RH)_25P,20,1,1,90980-12802,S_DOUBLE_LOCK_003,S_DOUBLE_LOCK_003,1
TO_153_(161_RH)_25P,21,1,1,90980-12802,S_DOUBLE_LOCK_006,S_DOUBLE_LOCK_006,1
TO_153_(161_RH)_25P,22,1,1,90980-12802,S_BLE_ECU_004,S_BLE_ECU_004,1
TO_153_(161_RH)_25P,23,1,1,90980-12802,EQ_F:ECU-DCC_NO.2_L,EQ_F:ECU-DCC_NO.2_L,1
TO_153_(161_RH)_25P,24,1,1,90980-12802,EQ_F:ECU-IGP_NO.3_L,EQ_F:ECU-IGP_NO.3_L,1
TO_153_(161_RH)_25P,25,1,1,90980-12802,na,na,2
TO_154_(161_LH)_25P,1,1,1,90980-12801,na,MCB4649,0
TO_154_(161_LH)_25P,2,1,1,90980-12801,na,SIG4648,0
TO_154_(161_LH)_25P,3,1,1,90980-12801,EQ_BODY_ECU_LIN2,EQ_BODY_ECU_LIN2,1
TO_154_(161_LH)_25P,4,1,1,90980-12801,EQ_BODY_ECU_LSWL,EQ_BODY_ECU_LSWL,1
TO_154_(161_LH)_25P,5,1,1,90980-12801,EQ_METER_ILL-,EQ_METER_ILL-,1
TO_154_(161_LH)_25P,6,1,1,90980-12801,S_BLE_ECU_003,S_BLE_ECU_003,1
TO_154_(161_LH)_25P,7,1,1,90980-12801,EQ_F:ECU-IGP_NO.3_L,EQ_F:ECU-IGP_NO.3_L,1
TO_154_(161_LH)_25P,8,1,1,90980-12801,EQ_F:PANEL_L,EQ_F:PANEL_L,1
TO_154_(161_LH)_25P,9,1,1,90980-12801,EQ_HTR_CONT_PNL_SVPI,EQ_HTR_CONT_PNL_SVPI,1
TO_154_(161_LH)_25P,10,1,1,90980-12801,EQ_HTR_CONT_PNL_SW_1,EQ_HTR_CONT_PNL_SW_1,1
TO_154_(161_LH)_25P,11,1,1,90980-12801,EQ_F:DOOR_R/L_L,EQ_F:DOOR_R/L_L,1
TO_154_(161_LH)_25P,12,1,1,90980-12801,GND_BLE_RECV_D/SEAT_GND,GND_BLE_RECV_D/SEAT_GND,1
TO_154_(161_LH)_25P,13,1,1,90980-12801,S_BODY_ECU_DOOR_004,S_BODY_ECU_DOOR_004,1
TO_154_(161_LH)_25P,14,1,1,90980-12801,S_DOUBLE_LOCK_001,S_DOUBLE_LOCK_001,1
TO_154_(161_LH)_25P,15,1,1,90980-12801,S_BODY_ECU_DOOR_002,S_BODY_ECU_DOOR_002,1
TO_154_(161_LH)_25P,16,1,1,90980-12801,S_BODY_ECU_DOOR_037,S_BODY_ECU_DOOR_037,1
TO_154_(161_LH)_25P,17,1,1,90980-12801,S_BLE_ECU_005,S_BLE_ECU_005,1
TO_154_(161_LH)_25P,18,1,1,90980-12801,S_BODY_ECU_DOOR_038,S_BODY_ECU_DOOR_038,1
TO_154_(161_LH)_25P,19,1,1,90980-12801,na,na,2
TO_154_(161_LH)_25P,20,1,1,90980-12801,S_DOUBLE_LOCK_002,S_DOUBLE_LOCK_002,1
TO_154_(161_LH)_25P,21,1,1,90980-12801,S_DOUBLE_LOCK_006,S_DOUBLE_LOCK_006,1
TO_154_(161_LH)_25P,22,1,1,90980-12801,S_BLE_ECU_004,S_BLE_ECU_004,1
TO_154_(161_LH)_25P,23,1,1,90980-12801,EQ_F:ECU-DCC_NO.2_L,EQ_F:ECU-DCC_NO.2_L,1
TO_154_(161_LH)_25P,24,1,1,90980-12801,na,na,2
TO_154_(161_LH)_25P,25,1,1,90980-12801,na,na,2
TO_161_LH_(111_LH),1,1,1,,GND_SLD_DRN_AHB_G_ECU#2_104,GND_SLD_DRN_AHB_G_ECU#2_104,1
TO_161_LH_(111_LH),2,1,1,,SLD_S_AHB_G_ECU#2_007,SLD_S_AHB_G_ECU#2_007,1
TO_161_LH_(111_LH),3,1,1,,EQ_D/L_MTR_F/L-LHD_PLUS,EQ_D/L_MTR_F/L-LHD_PLUS,1
TO_161_LH_(111_LH),4,1,1,,na,na,2
TO_161_LH_(111_LH),5,1,1,,EQ_RLY:EFI_MAIN#2_FP,EQ_RLY:EFI_MAIN#2_FP,1
TO_161_LH_(111_LH),6,1,1,,SLD_S_AHB_G_ECU#2_006,SLD_S_AHB_G_ECU#2_006,1
TO_161_LH_(111_LH),7,1,1,,EQ_F:BATT_FAN_L,EQ_F:BATT_FAN_L,1
TO_161_LH_(111_LH),8,1,1,,EQ_F:EFI_NO.2_TNGA_L,EQ_F:EFI_NO.2_TNGA_L,1
TO_161_LH_(111_LH),9,1,1,,EQ_RLY:C/OPN_FP,EQ_RLY:C/OPN_FP,1
TO_161_LH_(111_LH),10,1,1,,EQ_F:ECU-IGP_NO.3_L,EQ_F:ECU-IGP_NO.3_L,1
TO_161_LH_(111_LH),11,1,1,,S_BODY_ECU_EX_LP_009,S_BODY_ECU_EX_LP_009,1
TO_161_LH_(111_LH),12,1,1,,S_EFI_ECU-TNGA2.0_001,S_EFI_ECU-TNGA2.0_001,1
TO_161_LH_(111_LH),13,1,1,,S_EFI_ECU-TNGA2.0_002,S_EFI_ECU-TNGA2.0_002,1
TO_161_LH_(111_LH),14,1,1,,S_EFI_ECU-TNGA2.0_003,S_EFI_ECU-TNGA2.0_003,1
TO_161_LH_(111_LH),15,1,1,,S_EFI_ECU-TNGA2.0_004,S_EFI_ECU-TNGA2.0_004,1
TO_161_LH_(111_LH),16,1,1,,S_EFI_ECU-TNGA2.0_008,S_EFI_ECU-TNGA2.0_008,1
TO_161_LH_(111_LH),17,1,1,,S_EFI_ECU-TNGA2.0_009,S_EFI_ECU-TNGA2.0_009,1
TO_161_LH_(111_LH),18,1,1,,S_EFI_ECU-TNGA2.0_010,S_EFI_ECU-TNGA2.0_010,1
TO_161_LH_(111_LH),19,1,1,,S_EFI_ECU-TNGA2.0_011,S_EFI_ECU-TNGA2.0_011,1
TO_161_LH_(111_LH),20,1,1,,S_EFI_ECU-TNGA2.0_012,S_EFI_ECU-TNGA2.0_012,1
TO_161_LH_(111_LH),21,1,1,,S_EFI_ECU-TNGA2.0_013,S_EFI_ECU-TNGA2.0_013,1
TO_161_LH_(111_LH),22,1,1,,S_EFI_ECU-TNGA2.0_017,S_EFI_ECU-TNGA2.0_017,1
TO_161_LH_(111_LH),23,1,1,,S_EFI_ECU-TNGA2.0_024,S_EFI_ECU-TNGA2.0_024,1
TO_161_LH_(111_LH),24,1,1,,S_EFI_ECU-TNGA2.0_025,S_EFI_ECU-TNGA2.0_025,1
TO_161_LH_(111_LH),25,1,1,,S_EFI_ECU-TNGA2.0_026,S_EFI_ECU-TNGA2.0_026,1
TO_161_LH_(111_LH),26,1,1,,S_EFI_ECU-TNGA2.0_027,S_EFI_ECU-TNGA2.0_027,1
TO_161_LH_(111_LH),27,1,1,,S_EFI_ECU-TNGA2.0_050,S_EFI_ECU-TNGA2.0_050,1
TO_161_LH_(111_LH),28,1,1,,S_EFI_ECU-TNGA2.0_051,S_EFI_ECU-TNGA2.0_051,1
TO_161_LH_(111_LH),29,1,1,,S_EFI_ECU-TNGA2.0_052,S_EFI_ECU-TNGA2.0_052,1
TO_161_LH_(111_LH),30,1,1,,S_EFI_ECU-TNGA2.0_121,S_EFI_ECU-TNGA2.0_121,1
TO_161_LH_(111_LH),31,1,1,,S_EFI_ECU-TNGA2.0_122,S_EFI_ECU-TNGA2.0_122,1
TO_161_LH_(111_LH),32,1,1,,S_EFI_ECU-TNGA2.0_123,S_EFI_ECU-TNGA2.0_123,1
TO_161_LH_(111_LH),33,1,1,,S_EFI_ECU-TNGA2.0_124,S_EFI_ECU-TNGA2.0_124,1
TO_161_LH_(111_LH),34,1,1,,S_EFI_ECU-TNGA2.0_125,S_EFI_ECU-TNGA2.0_125,1
TO_161_LH_(111_LH),35,1,1,,S_EFI_ECU-TNGA2.0_126,S_EFI_ECU-TNGA2.0_126,1
TO_161_LH_(111_LH),36,1,1,,S_EFI_ECU-TNGA2.0_127,S_EFI_ECU-TNGA2.0_127,1
TO_161_LH_(111_LH),37,1,1,,S_EFI_ECU-TNGA2.0_128,S_EFI_ECU-TNGA2.0_128,1
TO_161_LH_(111_LH),38,1,1,,S_EFI_ECU-ZR_042,S_EFI_ECU-ZR_042,1
TO_161_LH_(111_LH),39,1,1,,S_EFI_ECU-ZR_043,S_EFI_ECU-ZR_043,1
TO_161_LH_(111_LH),40,1,1,,S_EFI_ECU-ZR_079,S_EFI_ECU-ZR_079,1
TO_161_LH_(111_LH),41,1,1,,S_H_LP_ECU_004,S_H_LP_ECU_004,1
TO_161_LH_(111_LH),42,1,1,,S_H_LP_ECU_005,S_H_LP_ECU_005,1
TO_161_LH_(111_LH),43,1,1,,S_H_LP_ECU_007,S_H_LP_ECU_007,1
TO_161_LH_(111_LH),44,1,1,,CAN_B_BUS_HI,CAN_B_BUS_HI,1
TO_161_LH_(111_LH),45,1,1,,CAN_B_BUS_LO,CAN_B_BUS_LO,1
TO_161_LH_(111_LH),46,1,1,,CANFD_DS_LOCAL3_BUS_HI,CANFD_DS_LOCAL3_BUS_HI,1
TO_161_LH_(111_LH),47,1,1,,CANFD_DS_LOCAL3_BUS_LO,CANFD_DS_LOCAL3_BUS_LO,1
TO_161_LH_(111_LH),48,1,1,,CANFD_DS_BUS_HI,CANFD_DS_BUS_HI,1
TO_161_LH_(111_LH),49,1,1,,CANFD_DS_BUS_LO,CANFD_DS_BUS_LO,1
TO_161_LH_(111_LH),50,1,1,,na,S_EFI_ECU-ZR_003,0
TO_161_LH_(141_LH)_62P,1,1,1,90980-12B22,na,MCB6517,0
TO_161_LH_(141_LH)_62P,2,1,1,90980-12B22,na,MCB6516,0
TO_161_LH_(141_LH)_62P,3,1,1,90980-12B22,na,MCB6518,0
TO_161_LH_(141_LH)_62P,4,1,1,90980-12B22,na,MCB6519,0
TO_161_LH_(141_LH)_62P,5,1,1,90980-12B22,na,EQ_F:S/HTR_F/L_L,0
TO_161_LH_(141_LH)_62P,6,1,1,90980-12B22,na,TW_S_AUDIO_AMP_AVC-21CY_005,0
TO_161_LH_(141_LH)_62P,7,1,1,90980-12B22,na,TW_S_AUDIO_AMP_AVC-21CY_007,0
TO_161_LH_(141_LH)_62P,8,1,1,90980-12B22,na,TW_S_AUDIO_AMP_AVC-21CY_006,0
TO_161_LH_(141_LH)_62P,9,1,1,90980-12B22,na,TW_S_AUDIO_AMP_AVC-21CY_008,0
TO_161_LH_(141_LH)_62P,10,1,1,90980-12B22,na,MCB6520,0
TO_161_LH_(141_LH)_62P,11,1,1,90980-12B22,na,na,2
TO_161_LH_(141_LH)_62P,12,1,1,90980-12B22,na,na,2
TO_161_LH_(141_LH)_62P,13,1,1,90980-12B22,na,SLD_S_21CY_TOYOTA_T2-T1_059,0
TO_161_LH_(141_LH)_62P,14,1,1,90980-12B22,na,EQ_F:USB_NO.1_L,0
TO_161_LH_(141_LH)_62P,15,1,1,90980-12B22,na,SLD_S_21CY_TOYOTA_T2-T1_060,0
TO_161_LH_(141_LH)_62P,16,1,1,90980-12B22,na,EQ_HV_ECU-HV_NOAC,0
TO_161_LH_(141_LH)_62P,17,1,1,90980-12B22,na,S_METER_018,0
TO_161_LH_(141_LH)_62P,18,1,1,90980-12B22,na,EQ_HV_ECU-PHV_NOAC,0
TO_161_LH_(141_LH)_62P,19,1,1,90980-12B22,na,EQ_RLY:S/HTR_RL_L,0
TO_161_LH_(141_LH)_62P,20,1,1,90980-12B22,na,EQ_F:ECU-IGP_NO.3_L,0
TO_161_LH_(141_LH)_62P,21,1,1,90980-12B22,na,CAN_C2_BUS_LO,0
TO_161_LH_(141_LH)_62P,22,1,1,90980-12B22,na,EQ_METER_ILL-,0
TO_161_LH_(141_LH)_62P,23,1,1,90980-12B22,na,CAN_B_BUS_HI,0
TO_161_LH_(141_LH)_62P,24,1,1,90980-12B22,na,SLD_DRN_S_21CY_TOYOTA_T2-T1_108,0
TO_161_LH_(141_LH)_62P,25,1,1,90980-12B22,na,CAN_B_BUS_LO,0
TO_161_LH_(141_LH)_62P,26,1,1,90980-12B22,na,CAN_C2_BUS_HI,0
TO_161_LH_(141_LH)_62P,27,1,1,90980-12B22,na,SLD_S_21CY_TOYOTA_T2-T1_061,0
TO_161_LH_(141_LH)_62P,28,1,1,90980-12B22,na,SLD_S_21CY_TOYOTA_T2-T1_062,0
TO_161_LH_(141_LH)_62P,29,1,1,90980-12B22,na,S_QUICK_SVS_FR_005,0
TO_161_LH_(141_LH)_62P,30,1,1,90980-12B22,na,EQ_AC100V_MAIN_SW_IND,0
TO_161_LH_(141_LH)_62P,31,1,1,90980-12B22,na,EQ_BODY_ECU_LSBO,0
TO_161_LH_(141_LH)_62P,32,1,1,90980-12B22,na,EQ_BODY_ECU_LSWL,0
TO_161_LH_(141_LH)_62P,33,1,1,90980-12B22,na,EQ_D/L_MTR_F/L-LHD_PLUS,0
TO_161_LH_(141_LH)_62P,34,1,1,90980-12B22,na,EQ_HTR_CONT_PNL_SVPI,0
TO_161_LH_(141_LH)_62P,35,1,1,90980-12B22,na,EQ_HTR_CONT_PNL_SW_1,0
TO_161_LH_(141_LH)_62P,36,1,1,90980-12B22,na,EQ_METER_FEANDB,0
TO_161_LH_(141_LH)_62P,37,1,1,90980-12B22,na,EQ_METER_FR,0
TO_161_LH_(141_LH)_62P,38,1,1,90980-12B22,na,EQ_RLY:SEAT_HTR_F/L_LO_L,0
TO_161_LH_(141_LH)_62P,39,1,1,90980-12B22,na,S_DOUBLE_LOCK_001,0
TO_161_LH_(141_LH)_62P,40,1,1,90980-12B22,na,EQ_RLY:SEAT_HTR_F/L_HI_L,0
TO_161_LH_(141_LH)_62P,41,1,1,90980-12B22,na,S_METER_028,0
TO_161_LH_(141_LH)_62P,42,1,1,90980-12B22,na,EQ_METER_FV,0
TO_161_LH_(141_LH)_62P,43,1,1,90980-12B22,na,S_SEC_ALARM_002,0
TO_161_LH_(141_LH)_62P,44,1,1,90980-12B22,na,S_BODY_ECU_DOOR_037,0
TO_161_LH_(141_LH)_62P,45,1,1,90980-12B22,na,S_BODY_ECU_DOOR_038,0
TO_161_LH_(141_LH)_62P,46,1,1,90980-12B22,na,S_DOUBLE_LOCK_002,0
TO_161_LH_(141_LH)_62P,47,1,1,90980-12B22,na,S_DOUBLE_LOCK_006,0
TO_161_LH_(141_LH)_62P,48,1,1,90980-12B22,na,S_FR_SEAT_HTR_004,0
TO_161_LH_(141_LH)_62P,49,1,1,90980-12B22,na,S_FR_SEAT_HTR_005,0
TO_161_LH_(141_LH)_62P,50,1,1,90980-12B22,na,S_FR_SEAT_HTR_006,0
TO_161_LH_(141_LH)_62P,51,1,1,90980-12B22,na,S_FR_SEAT_HTR_007,0
TO_161_LH_(141_LH)_62P,52,1,1,90980-12B22,na,S_FR_SEAT_HTR_008,0
TO_161_LH_(141_LH)_62P,53,1,1,90980-12B22,na,S_FR_SEAT_HTR_009,0
TO_161_LH_(141_LH)_62P,54,1,1,90980-12B22,na,S_BLE_ECU_007,0
TO_161_LH_(141_LH)_62P,55,1,1,90980-12B22,na,S_BODY_ECU_BASE_021,0
TO_161_LH_(141_LH)_62P,56,1,1,90980-12B22,na,S_BODY_ECU_BASE_022,0
TO_161_LH_(141_LH)_62P,57,1,1,90980-12B22,na,S_QUICK_SVS_FR_001,0
TO_161_LH_(141_LH)_62P,58,1,1,90980-12B22,na,S_BODY_ECU_DOOR_017,0
TO_161_LH_(141_LH)_62P,59,1,1,90980-12B22,na,S_BODY_ECU_BASE_023,0
TO_161_LH_(141_LH)_62P,60,1,1,90980-12B22,na,na,2
TO_161_LH_(141_LH)_62P,61,1,1,90980-12B22,na,na,2
TO_161_LH_(141_LH)_62P,62,1,1,90980-12B22,na,na,2
TO_161_LH_(152),1,1,1,,EMB_S_PVM_APP-21CY_013,EMB_S_PVM_APP-21CY_013,1
TO_161_LH_(152),2,1,1,,EMB_DRN_S_PVM_APP-21CY_105,EMB_DRN_S_PVM_APP-21CY_105,1
TO_161_LH_(152),3,1,1,,EMB_S_PVM_APP-21CY_014,EMB_S_PVM_APP-21CY_014,1
TO_161_LH_(152),4,1,1,,EMB_S_PVM_APP-21CY_015,EMB_S_PVM_APP-21CY_015,1
TO_161_LH_(152),5,1,1,,EMB_S_PVM_APP-21CY_016,EMB_S_PVM_APP-21CY_016,1
TO_161_LH_(152),6,1,1,,SLD_S_SPVM-21CY_013,SLD_S_SPVM-21CY_013,1
TO_161_LH_(152),7,1,1,,SLD_DRN_S_SPVM-21CY_105,SLD_DRN_S_SPVM-21CY_105,1
TO_161_LH_(152),8,1,1,,SLD_S_SPVM-21CY_014,SLD_S_SPVM-21CY_014,1
TO_161_LH_(152),9,1,1,,SLD_S_SPVM-21CY_015,SLD_S_SPVM-21CY_015,1
TO_161_LH_(152),10,1,1,,SLD_S_SPVM-21CY_016,SLD_S_SPVM-21CY_016,1
TO_161_LH_(152),11,1,1,,na,TW_S_AIRBAG_033,0
TO_161_LH_(152),12,1,1,,na,TW_S_AIRBAG_034,0
TO_161_LH_(152),13,1,1,,na,TW_S_AIRBAG_057,0
TO_161_LH_(152),14,1,1,,na,TW_S_AIRBAG_072,0
TO_161_LH_(152),15,1,1,,na,TW_S_AIRBAG_147,0
TO_161_LH_(152),16,1,1,,na,TW_S_AIRBAG_167,0
TO_161_LH_(152),17,1,1,,EQ_BODY_ECU_LIN2,EQ_BODY_ECU_LIN2,1
TO_161_LH_(152),18,1,1,,na,EQ_BSM_MODULE_LH_OMIL,0
TO_161_LH_(152),19,1,1,,EQ_D/L_MTR_F/L-LHD_PLUS,EQ_D/L_MTR_F/L-LHD_PLUS,1
TO_161_LH_(152),20,1,1,,EQ_F:DOOR_F/L_L,EQ_F:DOOR_F/L_L,1
TO_161_LH_(152),21,1,1,,na,EQ_F:DOOR_F/R_L,0
TO_161_LH_(152),22,1,1,,na,GND_BLE_RECV_D/SEAT_GND,0
TO_161_LH_(152),23,1,1,,EQ_F:PANEL_L,EQ_F:PANEL_L,1
TO_161_LH_(152),24,1,1,,na,na,2
TO_161_LH_(152),25,1,1,,na,S_BODY_ECU_DOOR_004,0
TO_161_LH_(152),26,1,1,,na,S_BODY_ECU_DOOR_002,0
TO_161_LH_(152),27,1,1,,S_PVM_APP-21CY_024,S_PVM_APP-21CY_024,1
TO_161_LH_(152),28,1,1,,S_PVM_APP-21CY_025,S_PVM_APP-21CY_025,1
TO_161_LH_(152),29,1,1,,S_PVM_APP-21CY_026,S_PVM_APP-21CY_026,1
TO_161_LH_(152),30,1,1,,S_PVM_APP-21CY_027,S_PVM_APP-21CY_027,1
TO_161_LH_(152),31,1,1,,na,S_OUT_MIR_SW_014,0
TO_161_LH_(152),32,1,1,,na,S_OUT_MIR_SW_015,0
TO_161_LH_(152),33,1,1,,na,S_OUT_MIR_SW_011,0
TO_161_LH_(154)_25P,1,1,1,90980-12802,na,MCB4649,0
TO_161_LH_(154)_25P,2,1,1,90980-12802,na,SIG4648,0
TO_161_LH_(154)_25P,3,1,1,90980-12802,EQ_BODY_ECU_LIN2,EQ_BODY_ECU_LIN2,1
TO_161_LH_(154)_25P,4,1,1,90980-12802,EQ_BODY_ECU_LSWL,EQ_BODY_ECU_LSWL,1
TO_161_LH_(154)_25P,5,1,1,90980-12802,EQ_METER_ILL-,EQ_METER_ILL-,1
TO_161_LH_(154)_25P,6,1,1,90980-12802,S_BLE_ECU_003,S_BLE_ECU_003,1
TO_161_LH_(154)_25P,7,1,1,90980-12802,EQ_F:ECU-IGP_NO.3_L,EQ_F:ECU-IGP_NO.3_L,1
TO_161_LH_(154)_25P,8,1,1,90980-12802,EQ_F:PANEL_L,EQ_F:PANEL_L,1
TO_161_LH_(154)_25P,9,1,1,90980-12802,EQ_HTR_CONT_PNL_SVPI,EQ_HTR_CONT_PNL_SVPI,1
TO_161_LH_(154)_25P,10,1,1,90980-12802,EQ_HTR_CONT_PNL_SW_1,EQ_HTR_CONT_PNL_SW_1,1
TO_161_LH_(154)_25P,11,1,1,90980-12802,EQ_F:DOOR_R/L_L,EQ_F:DOOR_R/L_L,1
TO_161_LH_(154)_25P,12,1,1,90980-12802,GND_BLE_RECV_D/SEAT_GND,GND_BLE_RECV_D/SEAT_GND,1
TO_161_LH_(154)_25P,13,1,1,90980-12802,S_BODY_ECU_DOOR_004,S_BODY_ECU_DOOR_004,1
TO_161_LH_(154)_25P,14,1,1,90980-12802,S_DOUBLE_LOCK_001,S_DOUBLE_LOCK_001,1
TO_161_LH_(154)_25P,15,1,1,90980-12802,S_BODY_ECU_DOOR_002,S_BODY_ECU_DOOR_002,1
TO_161_LH_(154)_25P,16,1,1,90980-12802,S_BODY_ECU_DOOR_037,S_BODY_ECU_DOOR_037,1
TO_161_LH_(154)_25P,17,1,1,90980-12802,S_BLE_ECU_005,S_BLE_ECU_005,1
TO_161_LH_(154)_25P,18,1,1,90980-12802,S_BODY_ECU_DOOR_038,S_BODY_ECU_DOOR_038,1
TO_161_LH_(154)_25P,19,1,1,90980-12802,na,na,2
TO_161_LH_(154)_25P,20,1,1,90980-12802,S_DOUBLE_LOCK_002,S_DOUBLE_LOCK_002,1
TO_161_LH_(154)_25P,21,1,1,90980-12802,S_DOUBLE_LOCK_006,S_DOUBLE_LOCK_006,1
TO_161_LH_(154)_25P,22,1,1,90980-12802,S_BLE_ECU_004,S_BLE_ECU_004,1
TO_161_LH_(154)_25P,23,1,1,90980-12802,EQ_F:ECU-DCC_NO.2_L,EQ_F:ECU-DCC_NO.2_L,1
TO_161_LH_(154)_25P,24,1,1,90980-12802,na,na,2
TO_161_LH_(154)_25P,25,1,1,90980-12802,na,na,2
TO_161_LH_(183),1,1,1,90980-12371,TW_S_CLEARANCE_SNR_014,TW_S_CLEARANCE_SNR_014,1
TO_161_LH_(183),2,1,1,90980-12371,TW_S_CLEARANCE_SNR_015,TW_S_CLEARANCE_SNR_015,1
TO_161_LH_(183),3,1,1,90980-12371,TW_S_CLEARANCE_SNR_020,TW_S_CLEARANCE_SNR_020,1
TO_161_LH_(183),4,1,1,90980-12371,TW_S_CLEARANCE_SNR_021,TW_S_CLEARANCE_SNR_021,1
TO_161_LH_(183),5,1,1,90980-12371,EQ_F:ECU-B_NO.2_L,EQ_F:ECU-B_NO.2_L,1
TO_161_LH_(183),6,1,1,90980-12371,GND_100V_OUTLET_CONSOLE-OTHER_E,GND_100V_OUTLET_CONSOLE-OTHER_E,1
TO_161_LH_(183),7,1,1,90980-12371,GND_B/DR_OPNR_SW_E,GND_B/DR_OPNR_SW_E,1
TO_161_LH_(183),8,1,1,90980-12371,S_BODY_ECU_EX_LP_011,S_BODY_ECU_EX_LP_011,1
TO_161_LH_(183),9,1,1,90980-12371,S_CLEARANCE_SNR_013,S_CLEARANCE_SNR_013,1
TO_161_LH_(183),10,1,1,90980-12371,S_CLEARANCE_SNR_019,S_CLEARANCE_SNR_019,1
TO_161_LH_(183),11,1,1,90980-12371,S_PBD_001,S_PBD_001,1
TO_161_LH_(183),12,1,1,90980-12371,na,na,2
TO_161_LH_(183),13,1,1,90980-12371,na,na,2
TO_161_LH_(183),14,1,1,90980-12371,na,na,2
TO_161_LH_(183),15,1,1,90980-12371,na,na,2
TO_161_LH_(183),16,1,1,90980-12371,na,na,2
TO_161_LH_(183),17,1,1,90980-12371,na,na,2
TO_161_LH_(183),18,1,1,90980-12371,na,na,2
TO_161_LH_(183),19,1,1,90980-12371,na,na,2
TO_161_LH_(183),20,1,1,90980-12371,na,na,2
TO_161_LH_(183),21,1,1,90980-12371,na,na,2
TO_161_LH_(183),22,1,1,90980-12371,na,na,2
TO_161_LH_(184),1,1,1,,EMB_S_PVM_APP-21CY_002,EMB_S_PVM_APP-21CY_002,1
TO_161_LH_(184),2,1,1,,EMB_S_PVM_APP-21CY_003,EMB_S_PVM_APP-21CY_003,1
TO_161_LH_(184),3,1,1,,EMB_S_PVM_APP-21CY_004,EMB_S_PVM_APP-21CY_004,1
TO_161_LH_(184),4,1,1,,na,MCB6517,0
TO_161_LH_(184),5,1,1,,na,MCB6516,0
TO_161_LH_(184),6,1,1,,SLD_S_21CY_TOYOTA_T2-T1_059,SLD_S_21CY_TOYOTA_T2-T1_059,1
TO_161_LH_(184),7,1,1,,SLD_DRN_S_21CY_TOYOTA_T2-T1_108,SLD_DRN_S_21CY_TOYOTA_T2-T1_108,1
TO_161_LH_(184),8,1,1,,SLD_S_21CY_TOYOTA_T2-T1_060,SLD_S_21CY_TOYOTA_T2-T1_060,1
TO_161_LH_(184),9,1,1,,SLD_S_21CY_TOYOTA_T2-T1_061,SLD_S_21CY_TOYOTA_T2-T1_061,1
TO_161_LH_(184),10,1,1,,SLD_S_21CY_TOYOTA_T2-T1_062,SLD_S_21CY_TOYOTA_T2-T1_062,1
TO_161_LH_(184),11,1,1,,na,MCB6518,0
TO_161_LH_(184),12,1,1,,na,MCB6519,0
TO_161_LH_(184),13,1,1,,na,MCB6520,0
TO_161_LH_(184),14,1,1,,SLD_DRN_S_SPVM-21CY_101,SLD_DRN_S_SPVM-21CY_101,1
TO_161_LH_(184),15,1,1,,SLD_S_SPVM-21CY_004,SLD_S_SPVM-21CY_004,1
TO_161_LH_(184),16,1,1,,SLD_S_SPVM-21CY_002,SLD_S_SPVM-21CY_002,1
TO_161_LH_(184),17,1,1,,SLD_S_SPVM-21CY_003,SLD_S_SPVM-21CY_003,1
TO_161_LH_(184),18,1,1,,SLD_S_SPVM-21CY_001,SLD_S_SPVM-21CY_001,1
TO_161_LH_(184),19,1,1,,CANFD_DS_BUS_HI,CANFD_DS_BUS_HI,1
TO_161_LH_(184),20,1,1,,EQ_METER_ILL-,EQ_METER_ILL-,1
TO_161_LH_(184),21,1,1,,CAN_B_BUS_HI,CAN_B_BUS_HI,1
TO_161_LH_(184),22,1,1,,CAN_B_BUS_LO,CAN_B_BUS_LO,1
TO_161_LH_(184),23,1,1,,EQ_BODY_ECU_LSBO,EQ_BODY_ECU_LSBO,1
TO_161_LH_(184),24,1,1,,EQ_F:ECU-B_NO.2_L,EQ_F:ECU-B_NO.2_L,1
TO_161_LH_(184),25,1,1,,EQ_F:ECU-IGR_NO.1_L,EQ_F:ECU-IGR_NO.1_L,1
TO_161_LH_(184),26,1,1,,CANFD_DS_BUS_HI,CANFD_DS_BUS_HI,1
TO_161_LH_(184),27,1,1,,EQ_FL:PBD_L,EQ_FL:PBD_L,1
TO_161_LH_(184),28,1,1,,na,na,2
TO_161_LH_(184),29,1,1,,na,MCB4689,0
TO_161_LH_(184),30,1,1,,EQ_PDB_DOM1,EQ_PDB_DOM1,1
TO_161_LH_(184),31,1,1,,GND_100V_OUTLET_CONSOLE-OTHER_E,GND_100V_OUTLET_CONSOLE-OTHER_E,1
TO_161_LH_(184),32,1,1,,GND_B/DR_OPNR_SW_E,GND_B/DR_OPNR_SW_E,1
TO_161_LH_(184),33,1,1,,GND_DEF_RR_E,GND_DEF_RR_E,1
TO_161_LH_(184),34,1,1,,S_AHB_G_ECU-STOP_LP_003,S_AHB_G_ECU-STOP_LP_003,1
TO_161_LH_(184),35,1,1,,CANFD_DS_BUS_LO,CANFD_DS_BUS_LO,1
TO_161_LH_(184),36,1,1,,S_BODY_ECU_DOOR_007,S_BODY_ECU_DOOR_007,1
TO_161_LH_(184),37,1,1,,S_BODY_ECU_DOOR_017,S_BODY_ECU_DOOR_017,1
TO_161_LH_(184),38,1,1,,S_BODY_ECU_EX_LP_011,S_BODY_ECU_EX_LP_011,1
TO_161_LH_(184),39,1,1,,S_PBD_001,S_PBD_001,1
TO_161_LH_(184),40,1,1,,S_SEC_ALARM_002,S_SEC_ALARM_002,1
TO_161_LH_(184),41,1,1,,S_SMART_ENTRY-15CY_033,S_SMART_ENTRY-15CY_033,1
TO_161_LH_(184),42,1,1,,S_SMART_ENTRY-15CY_034,S_SMART_ENTRY-15CY_034,1
TO_161_LH_(184),43,1,1,,EQ_F:PANEL_L,EQ_F:PANEL_L,1
TO_161_LH_(184),44,1,1,,CANFD_DS_BUS_LO,CANFD_DS_BUS_LO,1
TO_161_LH_(184),69,1,1,,EMB_S_PVM_APP-21CY_001,EMB_S_PVM_APP-21CY_001,1
TO_161_LH_(184),70,1,1,,EMB_DRN_S_PVM_APP-21CY_101,EMB_DRN_S_PVM_APP-21CY_101,1
TO_161_RH_(111_RH),1,1,1,,SLD_S_MGR_004,SLD_S_MGR_004,1
TO_161_RH_(111_RH),2,1,1,,SLD_DRN_S_MGR_102,SLD_DRN_S_MGR_102,1
TO_161_RH_(111_RH),3,1,1,,SLD_S_MGR_005,SLD_S_MGR_005,1
TO_161_RH_(111_RH),4,1,1,,SLD_S_MGR_006,SLD_S_MGR_006,1
TO_161_RH_(111_RH),5,1,1,,SLD_S_MGR_007,SLD_S_MGR_007,1
TO_161_RH_(111_RH),6,1,1,,SLD_S_MGR_008,SLD_S_MGR_008,1
TO_161_RH_(111_RH),7,1,1,,SLD_S_MGR_009,SLD_S_MGR_009,1
TO_161_RH_(111_RH),8,1,1,,EMB_S_PVM_APP-21CY_005,EMB_S_PVM_APP-21CY_005,1
TO_161_RH_(111_RH),9,1,1,,EMB_DRN_S_PVM_APP-21CY_102,EMB_DRN_S_PVM_APP-21CY_102,1
TO_161_RH_(111_RH),10,1,1,,EMB_S_PVM_APP-21CY_006,EMB_S_PVM_APP-21CY_006,1
TO_161_RH_(111_RH),11,1,1,,EMB_S_PVM_APP-21CY_007,EMB_S_PVM_APP-21CY_007,1
TO_161_RH_(111_RH),12,1,1,,EMB_S_PVM_APP-21CY_008,EMB_S_PVM_APP-21CY_008,1
TO_161_RH_(111_RH),13,1,1,,SLD_S_SPVM-21CY_005,SLD_S_SPVM-21CY_005,1
TO_161_RH_(111_RH),14,1,1,,SLD_DRN_S_SPVM-21CY_102,SLD_DRN_S_SPVM-21CY_102,1
TO_161_RH_(111_RH),15,1,1,,SLD_S_SPVM-21CY_006,SLD_S_SPVM-21CY_006,1
TO_161_RH_(111_RH),16,1,1,,SLD_S_SPVM-21CY_007,SLD_S_SPVM-21CY_007,1
TO_161_RH_(111_RH),17,1,1,,SLD_S_SPVM-21CY_008,SLD_S_SPVM-21CY_008,1
TO_161_RH_(111_RH),18,1,1,,SLD_S_AHB_G_ECU#2_008,SLD_S_AHB_G_ECU#2_008,1
TO_161_RH_(111_RH),19,1,1,,GND_SLD_DRN_AHB_G_ECU#2_103,GND_SLD_DRN_AHB_G_ECU#2_103,1
TO_161_RH_(111_RH),20,1,1,,SLD_S_AHB_G_ECU#2_009,SLD_S_AHB_G_ECU#2_009,1
TO_161_RH_(111_RH),21,1,1,,TW_S_REMOTE_ANT_001,TW_S_REMOTE_ANT_001,1
TO_161_RH_(111_RH),22,1,1,,TW_S_REMOTE_ANT_002,TW_S_REMOTE_ANT_002,1
TO_161_RH_(111_RH),23,1,1,,EQ_F:PWC(TBD)_L,na,0
TO_161_RH_(111_RH),24,1,1,,EQ_F:AMD2_L,EQ_F:AMD2_L,1
TO_161_RH_(111_RH),25,1,1,,EQ_F:IGCT_NO.2_L,EQ_F:IGCT_NO.2_L,1
TO_161_RH_(111_RH),26,1,1,,CANFD_DS_LOCAL1_BUS_HI,CANFD_DS_LOCAL1_BUS_HI,1
TO_161_RH_(111_RH),27,1,1,,CANFD_DS_LOCAL1_BUS_LO,CANFD_DS_LOCAL1_BUS_LO,1
TO_161_RH_(111_RH),30,1,1,,EQ_F:PLUG_LOCK_L,EQ_F:PLUG_LOCK_L,1
TO_161_RH_(111_RH),31,1,1,,EQ_HV_ECU-HV_LIN3,EQ_HV_ECU-HV_LIN3,1
TO_161_RH_(111_RH),32,1,1,,EQ_HV_ECU-PHV_LIN3,EQ_HV_ECU-PHV_LIN3,1
TO_161_RH_(111_RH),33,1,1,,S_AHB_G_ECU#2_020,S_AHB_G_ECU#2_020,1
TO_161_RH_(111_RH),34,1,1,,S_AHB_G_ECU#2_021,S_AHB_G_ECU#2_021,1
TO_161_RH_(111_RH),35,1,1,,S_AHB_G_ECU#2_024,S_AHB_G_ECU#2_024,1
TO_161_RH_(111_RH),36,1,1,,S_AHB_G_ECU#2_025,S_AHB_G_ECU#2_025,1
TO_161_RH_(111_RH),37,1,1,,S_AHB_G_ECU-STOP_LP_003,S_AHB_G_ECU-STOP_LP_003,1
TO_161_RH_(111_RH),38,1,1,,S_MGR_010,S_MGR_010,1
TO_161_RH_(111_RH),39,1,1,,S_MGR_011,S_MGR_011,1
TO_161_RH_(111_RH),46,1,1,,TW_S_CLEARANCE_SNR_002,TW_S_CLEARANCE_SNR_002,1
TO_161_RH_(111_RH),47,1,1,,TW_S_CLEARANCE_SNR_003,TW_S_CLEARANCE_SNR_003,1
TO_161_RH_(111_RH),48,1,1,,TW_S_CLEARANCE_SNR_017,TW_S_CLEARANCE_SNR_017,1
TO_161_RH_(111_RH),49,1,1,,TW_S_CLEARANCE_SNR_018,TW_S_CLEARANCE_SNR_018,1
TO_161_RH_(111_RH),50,1,1,,EQ_F:ECU-IGR_NO.3_L,EQ_F:ECU-IGR_NO.3_L,1
TO_161_RH_(111_RH),51,1,1,,S_CLEARANCE_SNR_001,S_CLEARANCE_SNR_001,1
TO_161_RH_(111_RH),52,1,1,,S_CLEARANCE_SNR_016,S_CLEARANCE_SNR_016,1
TO_161_RH_(141_RH),1,1,1,,na,EMB_S_PVM_APP-21CY_035,0
TO_161_RH_(141_RH),2,1,1,,na,EMB_S_PVM_APP-21CY_036,0
TO_161_RH_(141_RH),3,1,1,,na,SLD_S_SPVM-21CY_020,0
TO_161_RH_(141_RH),4,1,1,,na,SLD_DRN_S_SPVM-21CY_104,0
TO_161_RH_(141_RH),5,1,1,,na,SLD_S_SPVM-21CY_021,0
TO_161_RH_(141_RH),6,1,1,,na,CANFD_P_BUS_LO,0
TO_161_RH_(141_RH),7,1,1,,na,CANFD_P_BUS_HI,0
TO_161_RH_(141_RH),8,1,1,,na,CANFD_P_BUS_HI,0
TO_161_RH_(141_RH),9,1,1,,na,CANFD_P_BUS_LO,0
TO_161_RH_(141_RH),10,1,1,,na,CAN_BTL_BUS_HI,0
TO_161_RH_(141_RH),11,1,1,,na,CAN_BTL_BUS_LO,0
TO_161_RH_(141_RH),12,1,1,,na,CANFD_DS_BUS_HI,0
TO_161_RH_(141_RH),13,1,1,,na,CANFD_DS_BUS_LO,0
TO_161_RH_(141_RH),14,1,1,,na,EQ_F:S/HTR_F/R_L,0
TO_161_RH_(141_RH),15,1,1,,na,CANFD_DS_LOCAL1_BUS_HI,0
TO_161_RH_(141_RH),16,1,1,,na,TW_S_SOLAR_ECU_004,0
TO_161_RH_(141_RH),17,1,1,,na,TW_S_SOLAR_ECU_005,0
TO_161_RH_(141_RH),18,1,1,,na,TW_S_SOLAR_ECU_006,0
TO_161_RH_(141_RH),19,1,1,,na,TW_S_SOLAR_ECU_007,0
TO_161_RH_(141_RH),20,1,1,,na,MCB4674,0
TO_161_RH_(141_RH),21,1,1,,na,EQ_BODY_ECU_LSWR,0
TO_161_RH_(141_RH),22,1,1,,na,na,2
TO_161_RH_(141_RH),23,1,1,,na,na,2
TO_161_RH_(141_RH),24,1,1,,na,EQ_F:ECU-DCC_NO.2_L,0
TO_161_RH_(141_RH),25,1,1,,na,CANFD_DS_BUS_LO,0
TO_161_RH_(141_RH),26,1,1,,na,CANFD_DS_BUS_HI,0
TO_161_RH_(141_RH),27,1,1,,na,EQ_F:SBW_IGCT-PHV_L,0
TO_161_RH_(141_RH),28,1,1,,na,EMB_S_PVM_APP-21CY_033,0
TO_161_RH_(141_RH),29,1,1,,na,EMB_DRN_S_PVM_APP-21CY_104,0
TO_161_RH_(141_RH),30,1,1,,na,EQ_HTR_CONT_PNL_SVDI,0
TO_161_RH_(141_RH),31,1,1,,na,EQ_HTR_CONT_PNL_SW_2,0
TO_161_RH_(141_RH),32,1,1,,na,EQ_HV_BAT_JB_SMRB,0
TO_161_RH_(141_RH),33,1,1,,na,EQ_HV_BAT_JB_SMRG,0
TO_161_RH_(141_RH),34,1,1,,na,EQ_HV_ECU-HV_ILK,0
TO_161_RH_(141_RH),35,1,1,,na,EQ_HV_ECU-HV_RMT,0
TO_161_RH_(141_RH),36,1,1,,na,EQ_HV_ECU-HV_RMTG,0
TO_161_RH_(141_RH),37,1,1,,na,EQ_HV_ECU-PHV_WCEN,0
TO_161_RH_(141_RH),38,1,1,,na,MCB6533,0
TO_161_RH_(141_RH),39,1,1,,na,EQ_PHV_BAT_SYS_SMRB,0
TO_161_RH_(141_RH),40,1,1,,na,EQ_PHV_BAT_SYS_SMRG,0
TO_161_RH_(141_RH),41,1,1,,na,EQ_PVM_SW_D,0
TO_161_RH_(141_RH),42,1,1,,na,EQ_RLY:S/HTR_RR_L,0
TO_161_RH_(141_RH),43,1,1,,na,EQ_RLY:SEAT_HTR_F/R_HI_L,0
TO_161_RH_(141_RH),44,1,1,,na,EQ_RLY:SEAT_HTR_F/R_LO_L,0
TO_161_RH_(141_RH),45,1,1,,na,EQ_WIRELESS_CHARGE_ECU_DIS,0
TO_161_RH_(141_RH),46,1,1,,na,S_FR_SEAT_HTR_010,0
TO_161_RH_(141_RH),47,1,1,,na,S_FR_SEAT_HTR_011,0
TO_161_RH_(141_RH),48,1,1,,na,S_FR_SEAT_HTR_012,0
TO_161_RH_(141_RH),49,1,1,,na,S_QUICK_SVS_FR_006,0
TO_161_RH_(141_RH),50,1,1,,na,S_BODY_ECU_DOOR_035,0
TO_161_RH_(141_RH),51,1,1,,na,S_BODY_ECU_DOOR_036,0
TO_161_RH_(141_RH),52,1,1,,na,MCB6534,0
TO_161_RH_(141_RH),53,1,1,,na,S_DOUBLE_LOCK_003,0
TO_161_RH_(141_RH),54,1,1,,S_FR_SEAT_HTR_001,S_FR_SEAT_HTR_001,1
TO_161_RH_(141_RH),55,1,1,,S_FR_SEAT_HTR_002,S_FR_SEAT_HTR_002,1
TO_161_RH_(141_RH),56,1,1,,S_FR_SEAT_HTR_003,S_FR_SEAT_HTR_003,1
TO_161_RH_(141_RH),57,1,1,,CANFD_DS_LOCAL1_BUS_LO,CANFD_DS_LOCAL1_BUS_LO,1
TO_161_RH_(141_RH),58,1,1,,na,EMB_S_PVM_APP-21CY_034,0
TO_161_RH_(141_RH),59,1,1,,na,EQ_F:PWC(TBD)_L,0
TO_161_RH_(141_RH),60,1,1,,na,na,2
TO_161_RH_(141_RH),61,1,1,,S_METER_010,S_METER_010,1
TO_161_RH_(141_RH),62,1,1,,S_METER_027,S_METER_027,1
TO_161_RH_(141_RH),63,1,1,,S_PHV_BATTERY_PACK_003,S_PHV_BATTERY_PACK_003,1
TO_161_RH_(141_RH),70,1,1,,S_QUICK_SVS_FR_002,S_QUICK_SVS_FR_002,1
TO_161_RH_(141_RH),73,1,1,,S_CLEARANCE_SNR_043,S_CLEARANCE_SNR_043,1
TO_161_RH_(141_RH),74,1,1,,S_CLEARANCE_SNR_044,S_CLEARANCE_SNR_044,1
TO_161_RH_(141_RH),75,1,1,,S_CLEARANCE_SNR_045,S_CLEARANCE_SNR_045,1
TO_161_RH_(141_RH),76,1,1,,EQ_F:PM_IGCT-PHV_L,EQ_F:PM_IGCT-PHV_L,1
TO_161_RH_(141_RH),77,1,1,,S_HV_ECU-PHV_037,S_HV_ECU-PHV_037,1
TO_161_RH_(151),1,1,1,,EMB_S_PVM_APP-21CY_009,EMB_S_PVM_APP-21CY_009,1
TO_161_RH_(151),2,1,1,,EMB_DRN_S_PVM_APP-21CY_103,EMB_DRN_S_PVM_APP-21CY_103,1
TO_161_RH_(151),3,1,1,,EMB_S_PVM_APP-21CY_010,EMB_S_PVM_APP-21CY_010,1
TO_161_RH_(151),4,1,1,,EMB_S_PVM_APP-21CY_011,EMB_S_PVM_APP-21CY_011,1
TO_161_RH_(151),5,1,1,,EMB_S_PVM_APP-21CY_012,EMB_S_PVM_APP-21CY_012,1
TO_161_RH_(151),6,1,1,,SLD_S_SPVM-21CY_009,SLD_S_SPVM-21CY_009,1
TO_161_RH_(151),7,1,1,,SLD_DRN_S_SPVM-21CY_103,SLD_DRN_S_SPVM-21CY_103,1
TO_161_RH_(151),8,1,1,,SLD_S_SPVM-21CY_010,SLD_S_SPVM-21CY_010,1
TO_161_RH_(151),9,1,1,,SLD_S_SPVM-21CY_011,SLD_S_SPVM-21CY_011,1
TO_161_RH_(151),10,1,1,,SLD_S_SPVM-21CY_012,SLD_S_SPVM-21CY_012,1
TO_161_RH_(151),11,1,1,,TW_S_AIRBAG_037,TW_S_AIRBAG_037,1
TO_161_RH_(151),12,1,1,,TW_S_AIRBAG_038,TW_S_AIRBAG_038,1
TO_161_RH_(151),13,1,1,,TW_S_AIRBAG_094,TW_S_AIRBAG_094,1
TO_161_RH_(151),14,1,1,,TW_S_AIRBAG_097,TW_S_AIRBAG_097,1
TO_161_RH_(151),15,1,1,,TW_S_AIRBAG_146,TW_S_AIRBAG_146,1
TO_161_RH_(151),16,1,1,,TW_S_AIRBAG_150,TW_S_AIRBAG_150,1
TO_161_RH_(151),17,1,1,,EQ_BSM_MODULE_RH_OMIR,EQ_BSM_MODULE_RH_OMIR,1
TO_161_RH_(151),18,1,1,,GND_BLE_RECV_D/SEAT_GND,GND_BLE_RECV_D/SEAT_GND,1
TO_161_RH_(151),19,1,1,,na,EQ_F:PANEL_L,0
TO_161_RH_(151),20,1,1,,na,S_BODY_ECU_DOOR_002,0
TO_161_RH_(151),21,1,1,,na,S_BODY_ECU_DOOR_004,0
TO_161_RH_(151),22,1,1,,na,S_PVM_APP-21CY_028,0
TO_161_RH_(151),23,1,1,,na,S_PVM_APP-21CY_029,0
TO_161_RH_(151),24,1,1,,na,S_PVM_APP-21CY_030,0
TO_161_RH_(151),25,1,1,,na,S_PVM_APP-21CY_031,0
TO_161_RH_(151),26,1,1,,na,S_OUT_MIR_SW_014,0
TO_161_RH_(151),27,1,1,,na,S_OUT_MIR_SW_015,0
TO_161_RH_(151),28,1,1,,na,S_OUT_MIR_SW_011,0
TO_161_RH_(153)_25P,1,1,1,90980-12801,na,SIG4650,0
TO_161_RH_(153)_25P,2,1,1,90980-12801,na,MCB4651,0
TO_161_RH_(153)_25P,3,1,1,90980-12801,EQ_BODY_ECU_LIN2,EQ_BODY_ECU_LIN2,1
TO_161_RH_(153)_25P,4,1,1,90980-12801,EQ_BODY_ECU_LSWR,EQ_BODY_ECU_LSWR,1
TO_161_RH_(153)_25P,5,1,1,90980-12801,EQ_METER_ILL-,EQ_METER_ILL-,1
TO_161_RH_(153)_25P,6,1,1,90980-12801,S_BLE_ECU_003,S_BLE_ECU_003,1
TO_161_RH_(153)_25P,7,1,1,90980-12801,S_BLE_ECU_005,S_BLE_ECU_005,1
TO_161_RH_(153)_25P,8,1,1,90980-12801,EQ_F:PANEL_L,EQ_F:PANEL_L,1
TO_161_RH_(153)_25P,9,1,1,90980-12801,EQ_HTR_CONT_PNL_SVDI,EQ_HTR_CONT_PNL_SVDI,1
TO_161_RH_(153)_25P,10,1,1,90980-12801,EQ_HTR_CONT_PNL_SW_2,EQ_HTR_CONT_PNL_SW_2,1
TO_161_RH_(153)_25P,11,1,1,90980-12801,EQ_F:DOOR_R/R_L,EQ_F:DOOR_R/R_L,1
TO_161_RH_(153)_25P,12,1,1,90980-12801,GND_BLE_RECV_D/SEAT_GND,GND_BLE_RECV_D/SEAT_GND,1
TO_161_RH_(153)_25P,13,1,1,90980-12801,S_DOUBLE_LOCK_001,S_DOUBLE_LOCK_001,1
TO_161_RH_(153)_25P,14,1,1,90980-12801,S_BODY_ECU_DOOR_004,S_BODY_ECU_DOOR_004,1
TO_161_RH_(153)_25P,15,1,1,90980-12801,S_BODY_ECU_DOOR_002,S_BODY_ECU_DOOR_002,1
TO_161_RH_(153)_25P,16,1,1,90980-12801,na,na,2
TO_161_RH_(153)_25P,17,1,1,90980-12801,S_BODY_ECU_DOOR_035,S_BODY_ECU_DOOR_035,1
TO_161_RH_(153)_25P,18,1,1,90980-12801,S_BODY_ECU_DOOR_036,S_BODY_ECU_DOOR_036,1
TO_161_RH_(153)_25P,19,1,1,90980-12801,na,na,2
TO_161_RH_(153)_25P,20,1,1,90980-12801,S_DOUBLE_LOCK_003,S_DOUBLE_LOCK_003,1
TO_161_RH_(153)_25P,21,1,1,90980-12801,S_DOUBLE_LOCK_006,S_DOUBLE_LOCK_006,1
TO_161_RH_(153)_25P,22,1,1,90980-12801,S_BLE_ECU_004,S_BLE_ECU_004,1
TO_161_RH_(153)_25P,23,1,1,90980-12801,EQ_F:ECU-DCC_NO.2_L,EQ_F:ECU-DCC_NO.2_L,1
TO_161_RH_(153)_25P,24,1,1,90980-12801,EQ_F:ECU-IGP_NO.3_L,EQ_F:ECU-IGP_NO.3_L,1
TO_161_RH_(153)_25P,25,1,1,90980-12801,na,na,2
TO_161_RH_(169),1,1,1,90980-12326,SLD_S_MGR_004,SLD_S_MGR_004,1
TO_161_RH_(169),2,1,1,90980-12326,SLD_DRN_S_MGR_102,SLD_DRN_S_MGR_102,1
TO_161_RH_(169),3,1,1,90980-12326,SLD_S_MGR_005,SLD_S_MGR_005,1
TO_161_RH_(169),4,1,1,90980-12326,SLD_S_MGR_006,SLD_S_MGR_006,1
TO_161_RH_(169),5,1,1,90980-12326,SLD_S_MGR_007,SLD_S_MGR_007,1
TO_161_RH_(169),6,1,1,90980-12326,SLD_S_MGR_008,SLD_S_MGR_008,1
TO_161_RH_(169),7,1,1,90980-12326,SLD_S_MGR_009,SLD_S_MGR_009,1
TO_161_RH_(169),8,1,1,90980-12326,EQ_HV_ECU-HV_RMT,EQ_HV_ECU-HV_RMT,1
TO_161_RH_(169),9,1,1,90980-12326,EQ_HV_ECU-HV_RMTG,EQ_HV_ECU-HV_RMTG,1
TO_161_RH_(169),10,1,1,90980-12326,S_MGR_010,S_MGR_010,1
TO_161_RH_(169),11,1,1,90980-12326,S_MGR_011,S_MGR_011,1
TO_161_RH_(169),12,1,1,90980-12326,na,na,2
TO_161_RH_(169),13,1,1,90980-12326,na,na,2
TO_169_(161_RH),1,1,1,KANGO-12326,SLD_S_MGR_004,SLD_S_MGR_004,1
TO_169_(161_RH),2,1,1,KANGO-12326,SLD_DRN_S_MGR_102,SLD_DRN_S_MGR_102,1
TO_169_(161_RH),3,1,1,KANGO-12326,SLD_S_MGR_005,SLD_S_MGR_005,1
TO_169_(161_RH),4,1,1,KANGO-12326,SLD_S_MGR_006,SLD_S_MGR_006,1
TO_169_(161_RH),5,1,1,KANGO-12326,SLD_S_MGR_007,SLD_S_MGR_007,1
TO_169_(161_RH),6,1,1,KANGO-12326,SLD_S_MGR_008,SLD_S_MGR_008,1
TO_169_(161_RH),7,1,1,KANGO-12326,SLD_S_MGR_009,SLD_S_MGR_009,1
TO_169_(161_RH),8,1,1,KANGO-12326,EQ_HV_ECU-HV_RMT,EQ_HV_ECU-HV_RMT,1
TO_169_(161_RH),9,1,1,KANGO-12326,EQ_HV_ECU-HV_RMTG,EQ_HV_ECU-HV_RMTG,1
TO_169_(161_RH),10,1,1,KANGO-12326,S_MGR_010,S_MGR_010,1
TO_169_(161_RH),11,1,1,KANGO-12326,S_MGR_011,S_MGR_011,1
TO_169_(161_RH),12,1,1,KANGO-12326,na,na,2
TO_169_(161_RH),13,1,1,KANGO-12326,na,na,2
TO_171_(141_LH),1,1,1,,EQ_FUL_DISP_IN_MIR_CBPLUS,EQ_FUL_DISP_IN_MIR_CBPLUS,1
TO_171_(141_LH),2,1,1,,EQ_FUL_DISP_IN_MIR_CGND,EQ_FUL_DISP_IN_MIR_CGND,1
TO_171_(141_LH),3,1,1,,EQ_FUL_DISP_IN_MIR_CV-,EQ_FUL_DISP_IN_MIR_CV-,1
TO_171_(141_LH),4,1,1,,EQ_FUL_DISP_IN_MIR_CVPLUS,EQ_FUL_DISP_IN_MIR_CVPLUS,1
TO_171_(141_LH),5,1,1,,EQ_FUL_DISP_IN_MIR_E1,EQ_FUL_DISP_IN_MIR_E1,1
TO_171_(141_LH),6,1,1,,na,MCB6512,0
TO_171_(141_LH),7,1,1,,na,MCB6511,0
TO_171_(141_LH),8,1,1,,na,MCB6513,0
TO_171_(141_LH),9,1,1,,na,MCB6514,0
TO_171_(141_LH),10,1,1,,na,MCB6515,0
TO_171_(141_LH),11,1,1,,EMB_S_DMC_003,EMB_S_DMC_003,1
TO_171_(141_LH),12,1,1,,EMB_S_DMC_004,EMB_S_DMC_004,1
TO_171_(141_LH),13,1,1,,EMB_S_DMC_005,EMB_S_DMC_005,1
TO_171_(141_LH),14,1,1,,EMB_S_DMC_006,EMB_S_DMC_006,1
TO_171_(141_LH),15,1,1,,EMB_S_DMC_007,EMB_S_DMC_007,1
TO_171_(141_LH),16,1,1,,EQ_F:ECU-IGP_NO.3_L,EQ_F:ECU-IGP_NO.3_L,1
TO_171_(141_LH),17,1,1,,CANFD_DS_BUS_LO,CANFD_DS_BUS_LO,1
TO_171_(141_LH),18,1,1,,CANFD_DS_BUS_HI,CANFD_DS_BUS_HI,1
TO_171_(141_LH),19,1,1,,CANFD_DS_LOCAL1_BUS_HI,CANFD_DS_LOCAL1_BUS_HI,1
TO_171_(141_LH),20,1,1,,CANFD_DS_LOCAL1_BUS_LO,CANFD_DS_LOCAL1_BUS_LO,1
TO_171_(141_LH),21,1,1,,na,na,2
TO_171_(141_LH),22,1,1,,na,na,2
TO_171_(141_LH),23,1,1,,na,na,2
TO_171_(141_LH),24,1,1,,na,na,2
TO_171_(141_LH),25,1,1,,na,na,2
TO_171_(141_LH),26,1,1,,na,na,2
TO_171_(141_LH),27,1,1,,na,na,2
TO_171_(141_LH),28,1,1,,na,na,2
TO_171_(141_LH),29,1,1,,EMB_S_DRIVE_REC-21CY_013,EMB_S_DRIVE_REC-21CY_013,1
TO_171_(141_LH),30,1,1,,EMB_DRN_S_DRIVE_REC-21CY_104,EMB_DRN_S_DRIVE_REC-21CY_104,1
TO_171_(141_LH),31,1,1,,EMB_S_DRIVE_REC-21CY_014,EMB_S_DRIVE_REC-21CY_014,1
TO_171_(141_LH),32,1,1,,SLD_S_TSS3_003,SLD_S_TSS3_003,1
TO_171_(141_LH),33,1,1,,SLD_S_TSS3_004,SLD_S_TSS3_004,1
TO_171_(141_LH),34,1,1,,SLD_DRN_S_TSS3_101,SLD_DRN_S_TSS3_101,1
TO_171_(141_LH),35,1,1,,EQ_F:ECU-IGR_NO.3_L,EQ_F:ECU-IGR_NO.3_L,1
TO_171_(141_LH),36,1,1,,na,na,2
TO_171_(141_LH),37,1,1,,na,S_SEC_ALARM_005,0
TO_171_(141_LH),38,1,1,,EQ_F:PANEL_L,EQ_F:PANEL_L,1
TO_171_(141_LH),39,1,1,,CANFD_DS_BUS_LO,CANFD_DS_BUS_LO,1
TO_171_(141_LH),40,1,1,,CANFD_DS_BUS_HI,CANFD_DS_BUS_HI,1
TO_171_(141_LH),41,1,1,,CAN_I_BUS_HI,CAN_I_BUS_HI,1
TO_171_(141_LH),42,1,1,,CAN_I_BUS_LO,CAN_I_BUS_LO,1
TO_171_(141_LH),43,1,1,,TW_S_SOLAR_ECU_004,TW_S_SOLAR_ECU_004,1
TO_171_(141_LH),44,1,1,,TW_S_SOLAR_ECU_005,TW_S_SOLAR_ECU_005,1
TO_171_(141_LH),45,1,1,,TW_S_SOLAR_ECU_006,TW_S_SOLAR_ECU_006,1
TO_171_(141_LH),46,1,1,,TW_S_SOLAR_ECU_007,TW_S_SOLAR_ECU_007,1
TO_171_(141_LH),47,1,1,,TW_S_DMC_001,TW_S_DMC_001,1
TO_171_(141_LH),48,1,1,,TW_S_DMC_002,TW_S_DMC_002,1
TO_171_(141_LH),49,1,1,,EQ_BODY_ECU_ILE,EQ_BODY_ECU_ILE,1
TO_171_(141_LH),50,1,1,,EQ_BODY_ECU_LIN4,EQ_BODY_ECU_LIN4,1
TO_171_(141_LH),51,1,1,,EQ_CERTIFICATION_ECU_IND,EQ_CERTIFICATION_ECU_IND,1
TO_171_(141_LH),52,1,1,,EQ_DCM_IND1,EQ_DCM_IND1,1
TO_171_(141_LH),53,1,1,,EQ_DCM_IND2,EQ_DCM_IND2,1
TO_171_(141_LH),54,1,1,,EQ_DCM_SIG-,EQ_DCM_SIG-,1
TO_171_(141_LH),55,1,1,,EQ_DCM_SIG1,EQ_DCM_SIG1,1
TO_171_(141_LH),56,1,1,,EQ_F:ECU-B_NO.2_L,EQ_F:ECU-B_NO.2_L,1
TO_171_(141_LH),57,1,1,,na,MCB1209,0
TO_171_(141_LH),58,1,1,,na,MCB1210,0
TO_171_(141_LH),59,1,1,,CANFD_DS_LOCAL3_BUS_HI,CANFD_DS_LOCAL3_BUS_HI,1
TO_171_(141_LH),63,1,1,,EQ_PDB_DOM2,EQ_PDB_DOM2,1
TO_171_(141_LH),64,1,1,,CANFD_DS_LOCAL3_BUS_LO,CANFD_DS_LOCAL3_BUS_LO,1
TO_171_(141_LH),65,1,1,,GND_EC_MIR-W/GDO_E,GND_EC_MIR-W/GDO_E,1
TO_171_(141_LH),66,1,1,,S_21CY_TOYOTA_T2-T1_040,S_21CY_TOYOTA_T2-T1_040,1
TO_171_(141_LH),67,1,1,,S_21CY_TOYOTA_T2-T1_041,S_21CY_TOYOTA_T2-T1_041,1
TO_171_(141_LH),68,1,1,,S_DRIVE_REC-21CY_016,S_DRIVE_REC-21CY_016,1
TO_171_(141_LH),69,1,1,,S_TSS3_019,S_TSS3_019,1
TO_183_(161_LH),1,1,1,90980-12372,TW_S_CLEARANCE_SNR_014,TW_S_CLEARANCE_SNR_014,1
TO_183_(161_LH),2,1,1,90980-12372,TW_S_CLEARANCE_SNR_015,TW_S_CLEARANCE_SNR_015,1
TO_183_(161_LH),3,1,1,90980-12372,TW_S_CLEARANCE_SNR_020,TW_S_CLEARANCE_SNR_020,1
TO_183_(161_LH),4,1,1,90980-12372,TW_S_CLEARANCE_SNR_021,TW_S_CLEARANCE_SNR_021,1
TO_183_(161_LH),5,1,1,90980-12372,EQ_F:ECU-B_NO.2_L,EQ_F:ECU-B_NO.2_L,1
TO_183_(161_LH),6,1,1,90980-12372,GND_100V_OUTLET_CONSOLE-OTHER_E,GND_100V_OUTLET_CONSOLE-OTHER_E,1
TO_183_(161_LH),7,1,1,90980-12372,GND_B/DR_OPNR_SW_E,GND_B/DR_OPNR_SW_E,1
TO_183_(161_LH),8,1,1,90980-12372,S_BODY_ECU_EX_LP_011,S_BODY_ECU_EX_LP_011,1
TO_183_(161_LH),9,1,1,90980-12372,S_CLEARANCE_SNR_013,S_CLEARANCE_SNR_013,1
TO_183_(161_LH),10,1,1,90980-12372,S_CLEARANCE_SNR_019,S_CLEARANCE_SNR_019,1
TO_183_(161_LH),11,1,1,90980-12372,S_PBD_001,S_PBD_001,1
TO_183_(161_LH),12,1,1,90980-12372,na,na,2
TO_183_(161_LH),13,1,1,90980-12372,na,na,2
TO_183_(161_LH),14,1,1,90980-12372,na,na,2
TO_183_(161_LH),15,1,1,90980-12372,na,na,2
TO_183_(161_LH),16,1,1,90980-12372,na,na,2
TO_183_(161_LH),17,1,1,90980-12372,na,na,2
TO_183_(161_LH),18,1,1,90980-12372,na,na,2
TO_183_(161_LH),19,1,1,90980-12372,na,na,2
TO_183_(161_LH),20,1,1,90980-12372,na,na,2
TO_183_(161_LH),21,1,1,90980-12372,na,na,2
TO_183_(161_LH),22,1,1,90980-12372,na,na,2
TO_184_(161_LH),1,1,1,,EMB_S_PVM_APP-21CY_002,EMB_S_PVM_APP-21CY_002,1
TO_184_(161_LH),2,1,1,,EMB_S_PVM_APP-21CY_003,EMB_S_PVM_APP-21CY_003,1
TO_184_(161_LH),3,1,1,,EMB_S_PVM_APP-21CY_004,EMB_S_PVM_APP-21CY_004,1
TO_184_(161_LH),4,1,1,,na,MCB6517,0
TO_184_(161_LH),5,1,1,,na,MCB6516,0
TO_184_(161_LH),6,1,1,,SLD_S_21CY_TOYOTA_T2-T1_059,SLD_S_21CY_TOYOTA_T2-T1_059,1
TO_184_(161_LH),7,1,1,,SLD_DRN_S_21CY_TOYOTA_T2-T1_108,SLD_DRN_S_21CY_TOYOTA_T2-T1_108,1
TO_184_(161_LH),8,1,1,,SLD_S_21CY_TOYOTA_T2-T1_060,SLD_S_21CY_TOYOTA_T2-T1_060,1
TO_184_(161_LH),9,1,1,,SLD_S_21CY_TOYOTA_T2-T1_061,SLD_S_21CY_TOYOTA_T2-T1_061,1
TO_184_(161_LH),10,1,1,,SLD_S_21CY_TOYOTA_T2-T1_062,SLD_S_21CY_TOYOTA_T2-T1_062,1
TO_184_(161_LH),11,1,1,,na,MCB6518,0
TO_184_(161_LH),12,1,1,,na,MCB6519,0
TO_184_(161_LH),13,1,1,,na,MCB6520,0
TO_184_(161_LH),14,1,1,,SLD_DRN_S_SPVM-21CY_101,SLD_DRN_S_SPVM-21CY_101,1
TO_184_(161_LH),15,1,1,,SLD_S_SPVM-21CY_004,SLD_S_SPVM-21CY_004,1
TO_184_(161_LH),16,1,1,,SLD_S_SPVM-21CY_002,SLD_S_SPVM-21CY_002,1
TO_184_(161_LH),17,1,1,,SLD_S_SPVM-21CY_003,SLD_S_SPVM-21CY_003,1
TO_184_(161_LH),18,1,1,,SLD_S_SPVM-21CY_001,SLD_S_SPVM-21CY_001,1
TO_184_(161_LH),19,1,1,,CANFD_DS_BUS_HI,CANFD_DS_BUS_HI,1
TO_184_(161_LH),20,1,1,,EQ_METER_ILL-,EQ_METER_ILL-,1
TO_184_(161_LH),21,1,1,,CAN_B_BUS_HI,CAN_B_BUS_HI,1
TO_184_(161_LH),22,1,1,,CAN_B_BUS_LO,CAN_B_BUS_LO,1
TO_184_(161_LH),23,1,1,,EQ_BODY_ECU_LSBO,EQ_BODY_ECU_LSBO,1
TO_184_(161_LH),24,1,1,,EQ_F:ECU-B_NO.2_L,EQ_F:ECU-B_NO.2_L,1
TO_184_(161_LH),25,1,1,,EQ_F:ECU-IGR_NO.1_L,EQ_F:ECU-IGR_NO.1_L,1
TO_184_(161_LH),26,1,1,,CANFD_DS_BUS_HI,CANFD_DS_BUS_HI,1
TO_184_(161_LH),27,1,1,,EQ_FL:PBD_L,EQ_FL:PBD_L,1
TO_184_(161_LH),28,1,1,,na,na,2
TO_184_(161_LH),29,1,1,,na,MCB4689,0
TO_184_(161_LH),30,1,1,,EQ_PDB_DOM1,EQ_PDB_DOM1,1
TO_184_(161_LH),31,1,1,,GND_100V_OUTLET_CONSOLE-OTHER_E,GND_100V_OUTLET_CONSOLE-OTHER_E,1
TO_184_(161_LH),32,1,1,,GND_B/DR_OPNR_SW_E,GND_B/DR_OPNR_SW_E,1
TO_184_(161_LH),33,1,1,,GND_DEF_RR_E,GND_DEF_RR_E,1
TO_184_(161_LH),34,1,1,,S_AHB_G_ECU-STOP_LP_003,S_AHB_G_ECU-STOP_LP_003,1
TO_184_(161_LH),35,1,1,,CANFD_DS_BUS_LO,CANFD_DS_BUS_LO,1
TO_184_(161_LH),36,1,1,,S_BODY_ECU_DOOR_007,S_BODY_ECU_DOOR_007,1
TO_184_(161_LH),37,1,1,,S_BODY_ECU_DOOR_017,S_BODY_ECU_DOOR_017,1
TO_184_(161_LH),38,1,1,,S_BODY_ECU_EX_LP_011,S_BODY_ECU_EX_LP_011,1
TO_184_(161_LH),39,1,1,,S_PBD_001,S_PBD_001,1
TO_184_(161_LH),40,1,1,,S_SEC_ALARM_002,S_SEC_ALARM_002,1
TO_184_(161_LH),41,1,1,,S_SMART_ENTRY-15CY_033,S_SMART_ENTRY-15CY_033,1
TO_184_(161_LH),42,1,1,,S_SMART_ENTRY-15CY_034,S_SMART_ENTRY-15CY_034,1
TO_184_(161_LH),43,1,1,,EQ_F:PANEL_L,EQ_F:PANEL_L,1
TO_184_(161_LH),44,1,1,,CANFD_DS_BUS_LO,CANFD_DS_BUS_LO,1
TO_184_(161_LH),69,1,1,,EMB_S_PVM_APP-21CY_001,EMB_S_PVM_APP-21CY_001,1
TO_184_(161_LH),70,1,1,,EMB_DRN_S_PVM_APP-21CY_101,EMB_DRN_S_PVM_APP-21CY_101,1
TO_184_(185)_1,1,1,1,,na,EMB_S_PVM_APP-21CY_002,0
TO_184_(185)_1,2,1,1,,EMB_S_PVM_APP-21CY_003,EMB_S_PVM_APP-21CY_003,1
TO_184_(185)_1,3,1,1,,EMB_S_PVM_APP-21CY_004,EMB_S_PVM_APP-21CY_004,1
TO_184_(185)_1,4,1,1,,na,MCB6517,0
TO_184_(185)_1,5,1,1,,na,MCB6516,0
TO_184_(185)_1,6,1,1,,SLD_S_21CY_TOYOTA_T2-T1_059,SLD_S_21CY_TOYOTA_T2-T1_059,1
TO_184_(185)_1,7,1,1,,SLD_DRN_S_21CY_TOYOTA_T2-T1_108,SLD_DRN_S_21CY_TOYOTA_T2-T1_108,1
TO_184_(185)_1,8,1,1,,SLD_S_21CY_TOYOTA_T2-T1_060,SLD_S_21CY_TOYOTA_T2-T1_060,1
TO_184_(185)_1,9,1,1,,na,SLD_S_21CY_TOYOTA_T2-T1_061,0
TO_184_(185)_1,10,1,1,,SLD_S_21CY_TOYOTA_T2-T1_062,SLD_S_21CY_TOYOTA_T2-T1_062,1
TO_184_(185)_1,11,1,1,,na,MCB6518,0
TO_184_(185)_1,12,1,1,,na,MCB6519,0
TO_184_(185)_1,13,1,1,,na,MCB6520,0
TO_184_(185)_1,14,1,1,,SLD_DRN_S_SPVM-21CY_101,SLD_DRN_S_SPVM-21CY_101,1
TO_184_(185)_1,15,1,1,,SLD_S_SPVM-21CY_004,SLD_S_SPVM-21CY_004,1
TO_184_(185)_1,16,1,1,,SLD_S_SPVM-21CY_002,SLD_S_SPVM-21CY_002,1
TO_184_(185)_1,17,1,1,,na,SLD_S_SPVM-21CY_003,0
TO_184_(185)_1,18,1,1,,SLD_S_SPVM-21CY_001,SLD_S_SPVM-21CY_001,1
TO_184_(185)_1,19,1,1,,CANFD_DS_BUS_HI,CANFD_DS_BUS_HI,1
TO_184_(185)_1,20,1,1,,EQ_METER_ILL-,EQ_METER_ILL-,1
TO_184_(185)_1,21,1,1,,CAN_B_BUS_HI,CAN_B_BUS_HI,1
TO_184_(185)_1,22,1,1,,CAN_B_BUS_LO,CAN_B_BUS_LO,1
TO_184_(185)_1,23,1,1,,EQ_BODY_ECU_LSBO,EQ_BODY_ECU_LSBO,1
TO_184_(185)_1,24,1,1,,EQ_F:ECU-B_NO.2_L,EQ_F:ECU-B_NO.2_L,1
TO_184_(185)_1,25,1,1,,EQ_F:ECU-IGR_NO.1_L,EQ_F:ECU-IGR_NO.1_L,1
TO_184_(185)_1,26,1,1,,na,CANFD_DS_BUS_HI,0
TO_184_(185)_1,27,1,1,,EQ_FL:PBD_L,EQ_FL:PBD_L,1
TO_184_(185)_1,28,1,1,,na,MCB4682,0
TO_184_(185)_1,29,1,1,,na,CANFD_DS_BUS_LO,0
TO_184_(185)_1,30,1,1,,na,EQ_PDB_DOM1,0
TO_184_(185)_1,31,1,1,,na,GND_100V_OUTLET_CONSOLE-OTHER_E,0
TO_184_(185)_1,32,1,1,,na,GND_B/DR_OPNR_SW_E,0
TO_184_(185)_1,33,1,1,,na,GND_DEF_RR_E,0
TO_184_(185)_1,34,1,1,,na,S_AHB_G_ECU-STOP_LP_003,0
TO_184_(185)_1,35,1,1,,na,na,2
TO_184_(185)_1,36,1,1,,S_BODY_ECU_DOOR_007,S_BODY_ECU_DOOR_007,1
TO_184_(185)_1,37,1,1,,na,S_BODY_ECU_DOOR_017,0
TO_184_(185)_1,38,1,1,,na,S_BODY_ECU_EX_LP_011,0
TO_184_(185)_1,39,1,1,,na,S_PBD_001,0
TO_184_(185)_1,40,1,1,,na,S_SEC_ALARM_002,0
TO_184_(185)_1,41,1,1,,na,S_SMART_ENTRY-15CY_033,0
TO_184_(185)_1,42,1,1,,na,S_SMART_ENTRY-15CY_034,0
TO_184_(185)_1,43,1,1,,na,EQ_F:PANEL_L,0
TO_184_(185)_1,44,1,1,,na,CANFD_DS_BUS_LO,0
TO_184_(185)_1,59,1,1,,na,EMB_S_PVM_APP-21CY_001,0
TO_184_(185)_1,60,1,1,,na,EMB_DRN_S_PVM_APP-21CY_101,0
TO_185_(184)_1,1,1,1,,na,EMB_S_PVM_APP-21CY_002,0
TO_185_(184)_1,2,1,1,,EMB_S_PVM_APP-21CY_003,EMB_S_PVM_APP-21CY_003,1
TO_185_(184)_1,3,1,1,,EMB_S_PVM_APP-21CY_004,EMB_S_PVM_APP-21CY_004,1
TO_185_(184)_1,4,1,1,,na,MCB6517,0
TO_185_(184)_1,5,1,1,,na,MCB6516,0
TO_185_(184)_1,6,1,1,,SLD_S_21CY_TOYOTA_T2-T1_059,SLD_S_21CY_TOYOTA_T2-T1_059,1
TO_185_(184)_1,7,1,1,,SLD_DRN_S_21CY_TOYOTA_T2-T1_108,SLD_DRN_S_21CY_TOYOTA_T2-T1_108,1
TO_185_(184)_1,8,1,1,,SLD_S_21CY_TOYOTA_T2-T1_060,SLD_S_21CY_TOYOTA_T2-T1_060,1
TO_185_(184)_1,9,1,1,,na,SLD_S_21CY_TOYOTA_T2-T1_061,0
TO_185_(184)_1,10,1,1,,SLD_S_21CY_TOYOTA_T2-T1_062,SLD_S_21CY_TOYOTA_T2-T1_062,1
TO_185_(184)_1,11,1,1,,na,MCB6518,0
TO_185_(184)_1,12,1,1,,na,MCB6519,0
TO_185_(184)_1,13,1,1,,na,MCB6520,0
TO_185_(184)_1,14,1,1,,SLD_DRN_S_SPVM-21CY_101,SLD_DRN_S_SPVM-21CY_101,1
TO_185_(184)_1,15,1,1,,SLD_S_SPVM-21CY_004,SLD_S_SPVM-21CY_004,1
TO_185_(184)_1,16,1,1,,SLD_S_SPVM-21CY_002,SLD_S_SPVM-21CY_002,1
TO_185_(184)_1,17,1,1,,na,SLD_S_SPVM-21CY_003,0
TO_185_(184)_1,18,1,1,,SLD_S_SPVM-21CY_001,SLD_S_SPVM-21CY_001,1
TO_185_(184)_1,19,1,1,,CANFD_DS_BUS_HI,CANFD_DS_BUS_HI,1
TO_185_(184)_1,20,1,1,,EQ_METER_ILL-,EQ_METER_ILL-,1
TO_185_(184)_1,21,1,1,,CAN_B_BUS_HI,CAN_B_BUS_HI,1
TO_185_(184)_1,22,1,1,,CAN_B_BUS_LO,CAN_B_BUS_LO,1
TO_185_(184)_1,23,1,1,,EQ_BODY_ECU_LSBO,EQ_BODY_ECU_LSBO,1
TO_185_(184)_1,24,1,1,,EQ_F:ECU-B_NO.2_L,EQ_F:ECU-B_NO.2_L,1
TO_185_(184)_1,25,1,1,,EQ_F:ECU-IGR_NO.1_L,EQ_F:ECU-IGR_NO.1_L,1
TO_185_(184)_1,26,1,1,,na,CANFD_DS_BUS_HI,0
TO_185_(184)_1,27,1,1,,EQ_FL:PBD_L,EQ_FL:PBD_L,1
TO_185_(184)_1,28,1,1,,na,MCB4682,0
TO_185_(184)_1,29,1,1,,na,CANFD_DS_BUS_LO,0
TO_185_(184)_1,30,1,1,,na,EQ_PDB_DOM1,0
TO_185_(184)_1,31,1,1,,na,GND_100V_OUTLET_CONSOLE-OTHER_E,0
TO_185_(184)_1,32,1,1,,na,GND_B/DR_OPNR_SW_E,0
TO_185_(184)_1,33,1,1,,na,GND_DEF_RR_E,0
TO_185_(184)_1,34,1,1,,na,S_AHB_G_ECU-STOP_LP_003,0
TO_185_(184)_1,35,1,1,,na,na,2
TO_185_(184)_1,36,1,1,,S_BODY_ECU_DOOR_007,S_BODY_ECU_DOOR_007,1
TO_185_(184)_1,37,1,1,,na,S_BODY_ECU_DOOR_017,0
TO_185_(184)_1,38,1,1,,na,S_BODY_ECU_EX_LP_011,0
TO_185_(184)_1,39,1,1,,na,S_PBD_001,0
TO_185_(184)_1,40,1,1,,na,S_SEC_ALARM_002,0
TO_185_(184)_1,41,1,1,,na,S_SMART_ENTRY-15CY_033,0
TO_185_(184)_1,42,1,1,,na,S_SMART_ENTRY-15CY_034,0
TO_185_(184)_1,43,1,1,,na,EQ_F:PANEL_L,0
TO_185_(184)_1,44,1,1,,na,CANFD_DS_BUS_LO,0
TO_185_(184)_1,45,1,1,,na,EMB_S_PVM_APP-21CY_001,0
TO_185_(184)_1,46,1,1,,na,EMB_DRN_S_PVM_APP-21CY_101,0
TO_219_(121_TNGA),1,1,1,KANGO-12326,SLD_S_EFI_ECU-TNGA2.0_040,SLD_S_EFI_ECU-TNGA2.0_040,1
TO_219_(121_TNGA),2,1,1,KANGO-12326,GND_SLD_DRN_S_EFI_ECU-TNGA2.0_203,GND_SLD_DRN_S_EFI_ECU-TNGA2.0_203,1
TO_219_(121_TNGA),3,1,1,KANGO-12326,SLD_S_EFI_ECU-TNGA2.0_041,SLD_S_EFI_ECU-TNGA2.0_041,1
TO_219_(121_TNGA),4,1,1,KANGO-12326,TW_S_EFI_ECU-TNGA2.0_082,TW_S_EFI_ECU-TNGA2.0_082,1
TO_219_(121_TNGA),5,1,1,KANGO-12326,TW_S_EFI_ECU-TNGA2.0_083,TW_S_EFI_ECU-TNGA2.0_083,1
TO_219_(121_TNGA),6,1,1,KANGO-12326,S_EFI_ECU-TNGA2.0_081,S_EFI_ECU-TNGA2.0_081,1
TO_219_(121_TNGA),7,1,1,KANGO-12326,S_EFI_ECU-TNGA2.0_106,S_EFI_ECU-TNGA2.0_106,1
TO_219_(121_TNGA),8,1,1,KANGO-12326,S_EFI_ECU-TNGA2.0_107,S_EFI_ECU-TNGA2.0_107,1
TO_219_(121_TNGA),9,1,1,KANGO-12326,S_EFI_ECU-TNGA2.0_108,S_EFI_ECU-TNGA2.0_108,1
TO_219_(121_TNGA),10,1,1,KANGO-12326,na,na,2
TO_219_(121_TNGA),11,1,1,KANGO-12326,na,na,2
TO_219_(121_TNGA),12,1,1,KANGO-12326,na,na,2
TO_219_(121_TNGA),13,1,1,KANGO-12326,na,na,2
