"Symbol Name","Pin Name","Pin CenterY","Pin CenterX","Pin Width","Pin Height"
"90980-12A87","8","-5759.0","10368.0","0.0","0.0"
"90980-12A87","10","-13439.0","10368.0","0.0","0.0"
"90980-12A87","23","-17279.0","5760.0","0.0","0.0"
"90980-12A87","6","1920.0","10368.0","0.0","0.0"
"90980-12A87","15","13440.0","5760.0","0.0","0.0"
"90980-12A87","20","-5759.0","5760.0","0.0","0.0"
"90980-12A87","18","1920.0","5760.0","0.0","0.0"
"90980-12A87","22","-13439.0","5760.0","0.0","0.0"
"90980-12A87","21","-9599.0","5760.0","0.0","0.0"
"90980-12A87","17","5760.0","5760.0","0.0","0.0"
"90980-12A87","4","9600.0","10368.0","0.0","0.0"
"90980-12A87","13","21120.0","5760.0","0.0","0.0"
"90980-12A87","1","21120.0","10368.0","0.0","0.0"
"90980-12A87","19","-1919.0","5760.0","0.0","0.0"
"90980-12A87","7","-1919.0","10368.0","0.0","0.0"
"90980-12A87","11","-17279.0","10368.0","0.0","0.0"
"90980-12A87","5","5760.0","10368.0","0.0","0.0"
"90980-12A87","24","-21119.0","5760.0","0.0","0.0"
"90980-12A87","2","17280.0","10368.0","0.0","0.0"
"90980-12A87","3","13440.0","10368.0","0.0","0.0"
"90980-12A87","14","17280.0","5760.0","0.0","0.0"
"90980-12A87","16","9600.0","5760.0","0.0","0.0"
"90980-12A87","12","-21119.0","10368.0","0.0","0.0"
"90980-12A87","9","-9599.0","10368.0","0.0","0.0"
"90980-12F77","1","-5759.0","11904.0","0.0","0.0"
"90980-12F77","2","-5765.0","4992.0","0.0","0.0"
"90980-12F77","3","1160.0","12287.0","0.0","0.0"
"90980-12F77","5","1155.0","7674.0","0.0","0.0"
"90980-12F77","6","5758.0","7680.0","0.0","0.0"
"90980-12F77","4","5758.0","12292.0","0.0","0.0"
"90980-12F77","7","3456.0","2688.0","0.0","0.0"
"90980-12756","1","11.0","3497.0","0.0","0.0"
"90980-12986","21","15168.0","14208.0","0.0","0.0"
"90980-12986","7","9409.0","20352.0","0.0","0.0"
"90980-12986","20","20928.0","14208.0","0.0","0.0"
"90980-12986","16","43968.0","14211.0","0.0","0.0"
"90980-12986","27","-21312.0","14208.0","0.0","0.0"
"90980-12986","28","-27072.0","14208.0","0.0","0.0"
"90980-12986","5","20916.0","20352.0","0.0","0.0"
"90980-12986","17","38208.0","14208.0","0.0","0.0"
"90980-12986","9","-4031.0","20352.0","0.0","0.0"
"90980-12986","3","32448.0","20352.0","0.0","0.0"
"90980-12986","22","9408.0","14208.0","0.0","0.0"
"90980-12986","26","-15552.0","14208.0","0.0","0.0"
"90980-12986","8","3648.0","20352.0","0.0","0.0"
"90980-12986","13","-27072.0","20352.0","0.0","0.0"
"90980-12986","6","15169.0","20352.0","0.0","0.0"
"90980-12986","29","-32832.0","14208.0","0.0","0.0"
"90980-12986","12","-21312.0","20352.0","0.0","0.0"
"90980-12986","10","-9791.0","20352.0","0.0","0.0"
"90980-12986","11","-15552.0","20352.0","0.0","0.0"
"90980-12986","14","-32832.0","20352.0","0.0","0.0"
"90980-12986","1","43968.0","20352.0","0.0","0.0"
"90980-12986","23","3648.0","14208.0","0.0","0.0"
"90980-12986","4","26676.0","20352.0","0.0","0.0"
"90980-12986","30","-38591.0","14208.0","0.0","0.0"
"90980-12986","15","-38592.0","20352.0","0.0","0.0"
"90980-12986","24","-4032.0","14208.0","0.0","0.0"
"90980-12986","18","32448.0","14208.0","0.0","0.0"
"90980-12986","19","26688.0","14208.0","0.0","0.0"
"90980-12986","2","38208.0","20352.0","0.0","0.0"
"90980-12986","25","-9792.0","14208.0","0.0","0.0"
"90980-00094","1","-24959.0","4608.0","0.0","0.0"
"90980-00094","13","24960.0","4608.0","0.0","0.0"
"90980-00094","8","5760.0","4608.0","0.0","0.0"
"90980-00094","10","13440.0","4608.0","0.0","0.0"
"90980-00094","5","-9599.0","4608.0","0.0","0.0"
"90980-00094","12","21120.0","4608.0","0.0","0.0"
"90980-00094","4","-13439.0","4608.0","0.0","0.0"
"90980-00094","9","9600.0","4608.0","0.0","0.0"
"90980-00094","3","-17279.0","4608.0","0.0","0.0"
"90980-00094","6","-5759.0","4608.0","0.0","0.0"
"90980-00094","2","-21119.0","4608.0","0.0","0.0"
"90980-00094","7","1920.0","4608.0","0.0","0.0"
"90980-00094","11","17280.0","4608.0","0.0","0.0"
"99159-10489","3","4992.0","6528.0","0.0","0.0"
"99159-10489","4","-410.0","6528.0","0.0","0.0"
"99159-10489","5","-5375.0","6528.0","0.0","0.0"
"99159-10489","1","-397.0","11136.0","0.0","0.0"
"99159-10489","2","-397.0","1920.0","0.0","0.0"
"KANGO-12F87","6","-8044.0","26830.0","0.0","0.0"
"KANGO-12F87","10","13437.0","21049.0","0.0","0.0"
"KANGO-12F87","21","-2682.0","15310.0","0.0","0.0"
"KANGO-12F87","32","-18845.0","9557.0","0.0","0.0"
"KANGO-12F87","7","-13399.0","26830.0","0.0","0.0"
"KANGO-12F87","19","8069.0","15310.0","0.0","0.0"
"KANGO-12F87","11","8061.0","21049.0","0.0","0.0"
"KANGO-12F87","22","-8058.0","15310.0","0.0","0.0"
"KANGO-12F87","28","2658.0","9557.0","0.0","0.0"
"KANGO-12F87","4","2707.0","26830.0","0.0","0.0"
"KANGO-12F87","16","-18817.0","21049.0","0.0","0.0"
"KANGO-12F87","20","2693.0","15310.0","0.0","0.0"
"KANGO-12F87","27","8033.0","9557.0","0.0","0.0"
"KANGO-12F87","1","18834.0","26830.0","0.0","0.0"
"KANGO-12F87","23","-13434.0","15310.0","0.0","0.0"
"KANGO-12F87","3","8082.0","26830.0","0.0","0.0"
"KANGO-12F87","14","-8065.0","21049.0","0.0","0.0"
"KANGO-12F87","17","18821.0","15310.0","0.0","0.0"
"KANGO-12F87","31","-13469.0","9557.0","0.0","0.0"
"KANGO-12F87","15","-13441.0","21049.0","0.0","0.0"
"KANGO-12F87","29","-2718.0","9557.0","0.0","0.0"
"KANGO-12F87","5","-2669.0","26830.0","0.0","0.0"
"KANGO-12F87","25","18785.0","9557.0","0.0","0.0"
"KANGO-12F87","18","13445.0","15310.0","0.0","0.0"
"KANGO-12F87","26","13409.0","9557.0","0.0","0.0"
"KANGO-12F87","13","-2690.0","21049.0","0.0","0.0"
"KANGO-12F87","12","2686.0","21049.0","0.0","0.0"
"KANGO-12F87","30","-8093.0","9557.0","0.0","0.0"
"KANGO-12F87","8","-18796.0","26830.0","0.0","0.0"
"KANGO-12F87","2","13458.0","26830.0","0.0","0.0"
"KANGO-12F87","24","-18810.0","15310.0","0.0","0.0"
"KANGO-12F87","9","18813.0","21049.0","0.0","0.0"
"90980-12738","12","14395.0","6912.0","0.0","0.0"
"90980-12738","16","-9599.0","7296.0","0.0","0.0"
"90980-12738","3","9598.0","11906.0","0.0","0.0"
"90980-12738","18","-20147.0","6912.0","0.0","0.0"
"90980-12738","11","20153.0","6912.0","0.0","0.0"
"90980-12738","2","14396.0","12292.0","0.0","0.0"
"90980-12738","5","1920.0","11904.0","0.0","0.0"
"90980-12738","17","-14395.0","6912.0","0.0","0.0"
"90980-12738","4","5760.0","11904.0","0.0","0.0"
"90980-12738","13","9600.0","7296.0","0.0","0.0"
"90980-12738","1","20156.0","12292.0","0.0","0.0"
"90980-12738","10","-20147.0","12292.0","0.0","0.0"
"90980-12738","8","-9599.0","11906.0","0.0","0.0"
"90980-12738","7","-5759.0","11904.0","0.0","0.0"
"90980-12738","9","-14395.0","12292.0","0.0","0.0"
"90980-12738","14","1920.0","7296.0","0.0","0.0"
"90980-12738","6","-1919.0","11904.0","0.0","0.0"
"90980-12738","15","-1919.0","7296.0","0.0","0.0"
"90980-11075","2","2718.0","2724.0","0.0","0.0"
"90980-11075","1","-2711.0","2724.0","0.0","0.0"
"90980-840B0","B-11","6637.0","30339.0","0.0","0.0"
"90980-840B0","B-32","-4883.0","14979.0","0.0","0.0"
"90980-840B0","A-24","23558.0","22672.0","0.0","0.0"
"90980-840B0","B-24","-8723.0","22659.0","0.0","0.0"
"90980-840B0","B-22","-1043.0","22659.0","0.0","0.0"
"90980-840B0","C-32","-60306.0","15004.0","0.0","0.0"
"90980-840B0","A-20","38918.0","22672.0","0.0","0.0"
"90980-840B0","B-8","-16403.0","38019.0","0.0","0.0"
"90980-840B0","B-19","10477.0","22659.0","0.0","0.0"
"90980-840B0","A-9","50438.0","30352.0","0.0","0.0"
"90980-840B0","A-14","31238.0","30352.0","0.0","0.0"
"90980-840B0","B-31","-1043.0","14979.0","0.0","0.0"
"90980-840B0","A-17","50438.0","22672.0","0.0","0.0"
"90980-840B0","B-1","10477.0","38019.0","0.0","0.0"
"90980-840B0","A-30","31238.0","14992.0","0.0","0.0"
"90980-840B0","A-13","35078.0","30352.0","0.0","0.0"
"90980-840B0","B-6","-8723.0","38019.0","0.0","0.0"
"90980-840B0","C-13","-48786.0","30364.0","0.0","0.0"
"90980-840B0","A-15","27398.0","30352.0","0.0","0.0"
"90980-840B0","B-12","2797.0","30339.0","0.0","0.0"
"90980-840B0","C-15","-56466.0","30364.0","0.0","0.0"
"90980-840B0","C-17","-33426.0","22684.0","0.0","0.0"
"90980-840B0","C-21","-48786.0","22684.0","0.0","0.0"
"90980-840B0","C-19","-41106.0","22684.0","0.0","0.0"
"90980-840B0","A-22","31238.0","22672.0","0.0","0.0"
"90980-840B0","A-31","27398.0","14992.0","0.0","0.0"
"90980-840B0","B-7","-12563.0","38019.0","0.0","0.0"
"90980-840B0","B-13","-1043.0","30339.0","0.0","0.0"
"90980-840B0","C-9","-33426.0","30364.0","0.0","0.0"
"90980-840B0","C-30","-52626.0","15004.0","0.0","0.0"
"90980-840B0","B-9","-20243.0","38019.0","0.0","0.0"
"90980-840B0","C-26","-37266.0","15004.0","0.0","0.0"
"90980-840B0","B-35","-16403.0","14979.0","0.0","0.0"
"90980-840B0","C-4","-44946.0","38044.0","0.0","0.0"
"90980-840B0","A-6","31238.0","37994.0","0.0","0.0"
"90980-840B0","C-20","-44946.0","22684.0","0.0","0.0"
"90980-840B0","A-27","42758.0","14992.0","0.0","0.0"
"90980-840B0","C-7","-56466.0","38044.0","0.0","0.0"
"90980-840B0","A-5","35078.0","37994.0","0.0","0.0"
"90980-840B0","A-25","50438.0","14992.0","0.0","0.0"
"90980-840B0","C-24","-60306.0","22684.0","0.0","0.0"
"90980-840B0","B-23","-4883.0","22659.0","0.0","0.0"
"90980-840B0","B-5","-4883.0","38019.0","0.0","0.0"
"90980-840B0","B-4","-1043.0","38019.0","0.0","0.0"
"90980-840B0","B-15","-8723.0","30339.0","0.0","0.0"
"90980-840B0","B-26","-16403.0","22659.0","0.0","0.0"
"90980-840B0","B-28","10477.0","14979.0","0.0","0.0"
"90980-840B0","B-2","6637.0","38019.0","0.0","0.0"
"90980-840B0","B-21","2797.0","22659.0","0.0","0.0"
"90980-840B0","C-2","-37266.0","38044.0","0.0","0.0"
"90980-840B0","C-8","-60306.0","38044.0","0.0","0.0"
"90980-840B0","C-11","-41106.0","30364.0","0.0","0.0"
"90980-840B0","C-27","-41106.0","15004.0","0.0","0.0"
"90980-840B0","A-29","35078.0","14992.0","0.0","0.0"
"90980-840B0","B-18","-20243.0","30339.0","0.0","0.0"
"90980-840B0","C-16","-60306.0","30364.0","0.0","0.0"
"90980-840B0","C-28","-44946.0","15004.0","0.0","0.0"
"90980-840B0","C-6","-52626.0","38044.0","0.0","0.0"
"90980-840B0","B-17","-16403.0","30339.0","0.0","0.0"
"90980-840B0","B-25","-12563.0","22659.0","0.0","0.0"
"90980-840B0","A-28","38918.0","14992.0","0.0","0.0"
"90980-840B0","B-20","6637.0","22659.0","0.0","0.0"
"90980-840B0","B-34","-12563.0","14979.0","0.0","0.0"
"90980-840B0","B-29","6637.0","14979.0","0.0","0.0"
"90980-840B0","A-7","27398.0","37994.0","0.0","0.0"
"90980-840B0","A-21","35078.0","22672.0","0.0","0.0"
"90980-840B0","A-10","46598.0","30352.0","0.0","0.0"
"90980-840B0","A-12","38918.0","30352.0","0.0","0.0"
"90980-840B0","A-8","23558.0","37994.0","0.0","0.0"
"90980-840B0","C-1","-33426.0","38044.0","0.0","0.0"
"90980-840B0","C-3","-41106.0","38044.0","0.0","0.0"
"90980-840B0","A-32","23558.0","14992.0","0.0","0.0"
"90980-840B0","C-22","-52626.0","22684.0","0.0","0.0"
"90980-840B0","A-2","46598.0","37994.0","0.0","0.0"
"90980-840B0","A-26","46598.0","14992.0","0.0","0.0"
"90980-840B0","B-33","-8723.0","14979.0","0.0","0.0"
"90980-840B0","A-18","46598.0","22672.0","0.0","0.0"
"90980-840B0","C-12","-44946.0","30364.0","0.0","0.0"
"90980-840B0","C-29","-48786.0","15004.0","0.0","0.0"
"90980-840B0","B-30","2797.0","14979.0","0.0","0.0"
"90980-840B0","C-23","-56466.0","22684.0","0.0","0.0"
"90980-840B0","A-1","50438.0","37994.0","0.0","0.0"
"90980-840B0","A-11","42758.0","30352.0","0.0","0.0"
"90980-840B0","A-3","42758.0","37994.0","0.0","0.0"
"90980-840B0","B-10","10477.0","30339.0","0.0","0.0"
"90980-840B0","C-5","-48786.0","38044.0","0.0","0.0"
"90980-840B0","B-36","-20243.0","14979.0","0.0","0.0"
"90980-840B0","B-27","-20243.0","22659.0","0.0","0.0"
"90980-840B0","C-18","-37266.0","22684.0","0.0","0.0"
"90980-840B0","C-10","-37266.0","30364.0","0.0","0.0"
"90980-840B0","C-31","-56466.0","15004.0","0.0","0.0"
"90980-840B0","B-14","-4883.0","30339.0","0.0","0.0"
"90980-840B0","A-16","23558.0","30352.0","0.0","0.0"
"90980-840B0","A-23","27398.0","22672.0","0.0","0.0"
"90980-840B0","C-14","-52626.0","30364.0","0.0","0.0"
"90980-840B0","A-4","38918.0","37994.0","0.0","0.0"
"90980-840B0","B-16","-12563.0","30339.0","0.0","0.0"
"90980-840B0","C-25","-33426.0","15004.0","0.0","0.0"
"90980-840B0","B-3","2797.0","38019.0","0.0","0.0"
"90980-840B0","A-19","42758.0","22672.0","0.0","0.0"
"KANGO-12E77","1","-384.0","4608.0","0.0","0.0"
"90980-12370","2","-7679.0","8832.0","0.0","0.0"
"90980-12370","3","-3839.0","8832.0","0.0","0.0"
"90980-12370","13","7680.0","4224.0","0.0","0.0"
"90980-12370","4","0.0","8832.0","0.0","0.0"
"90980-12370","8","-11519.0","4224.0","0.0","0.0"
"90980-12370","1","-11519.0","8832.0","0.0","0.0"
"90980-12370","7","11520.0","8832.0","0.0","0.0"
"90980-12370","5","3840.0","8832.0","0.0","0.0"
"90980-12370","9","-7679.0","4224.0","0.0","0.0"
"90980-12370","14","11520.0","4224.0","0.0","0.0"
"90980-12370","6","7680.0","8832.0","0.0","0.0"
"90980-12370","10","-3839.0","4224.0","0.0","0.0"
"90980-12370","11","0.0","4224.0","0.0","0.0"
"90980-12370","12","3840.0","4224.0","0.0","0.0"
"90980-12732","1","9210.0","6142.0","0.0","0.0"
"90980-12732","2","3454.0","6142.0","0.0","0.0"
"90980-12732","3","-2301.0","6142.0","0.0","0.0"
"90980-12732","4","-8057.0","6142.0","0.0","0.0"
"82675-76030","1","0.0","2688.0","0.0","0.0"
"90980-12258","17","-5759.0","5376.0","0.0","0.0"
"90980-12258","6","-1919.0","9984.0","0.0","0.0"
"90980-12258","14","5760.0","5376.0","0.0","0.0"
"90980-12258","18","-9599.0","5376.0","0.0","0.0"
"90980-12258","20","-17279.0","5376.0","0.0","0.0"
"90980-12258","4","5760.0","9984.0","0.0","0.0"
"90980-12258","3","9600.0","9984.0","0.0","0.0"
"90980-12258","19","-13439.0","5376.0","0.0","0.0"
"90980-12258","15","1920.0","5376.0","0.0","0.0"
"90980-12258","8","-9599.0","9984.0","0.0","0.0"
"90980-12258","13","9600.0","5376.0","0.0","0.0"
"90980-12258","7","-5759.0","9984.0","0.0","0.0"
"90980-12258","10","-17279.0","9984.0","0.0","0.0"
"90980-12258","5","1920.0","9984.0","0.0","0.0"
"90980-12258","12","13440.0","5376.0","0.0","0.0"
"90980-12258","16","-1919.0","5376.0","0.0","0.0"
"90980-12258","9","-13439.0","9984.0","0.0","0.0"
"90980-12258","1","17280.0","9984.0","0.0","0.0"
"90980-12258","2","13440.0","9984.0","0.0","0.0"
"90980-12258","11","17280.0","5376.0","0.0","0.0"
"90980-12975","14","92.0","7300.0","0.0","0.0"
"90980-12975","1","26021.0","12298.0","0.0","0.0"
"90980-12975","16","-7587.0","7300.0","0.0","0.0"
"90980-12975","19","-20060.0","6917.0","0.0","0.0"
"90980-12975","10","15452.0","7300.0","0.0","0.0"
"90980-12975","20","-25810.0","6916.0","0.0","0.0"
"90980-12975","17","-11425.0","7300.0","0.0","0.0"
"90980-12975","6","-20058.0","12300.0","0.0","0.0"
"90980-12975","7","-25812.0","12300.0","0.0","0.0"
"90980-12975","12","7772.0","7300.0","0.0","0.0"
"90980-12975","3","11612.0","11908.0","0.0","0.0"
"90980-12975","5","-15261.0","11908.0","0.0","0.0"
"90980-12975","9","21204.0","7284.0","0.0","0.0"
"90980-12975","2","20248.0","12300.0","0.0","0.0"
"90980-12975","4","-11425.0","11908.0","0.0","0.0"
"90980-12975","8","26978.0","7296.0","0.0","0.0"
"90980-12975","18","-15263.0","7301.0","0.0","0.0"
"90980-12975","13","3932.0","7300.0","0.0","0.0"
"90980-12975","11","11612.0","7300.0","0.0","0.0"
"90980-12975","15","-3747.0","7300.0","0.0","0.0"
"90980-12753","30","26303.0","2688.0","0.0","0.0"
"90980-12753","16","18624.0","7296.0","0.0","0.0"
"90980-12753","22","-12095.0","2688.0","0.0","0.0"
"90980-12753","15","10944.0","7296.0","0.0","0.0"
"90980-12753","4","18624.0","11904.0","0.0","0.0"
"90980-12753","6","26304.0","11904.0","0.0","0.0"
"90980-12753","10","-12095.0","7295.0","0.0","0.0"
"90980-12753","17","22463.0","7296.0","0.0","0.0"
"90980-12753","18","26303.0","7296.0","0.0","0.0"
"90980-12753","24","-4415.0","2688.0","0.0","0.0"
"90980-12753","21","-19774.0","2688.0","0.0","0.0"
"90980-12753","25","3264.0","2654.0","0.0","0.0"
"90980-12753","19","-27455.0","2688.0","0.0","0.0"
"90980-12753","13","3264.0","7296.0","0.0","0.0"
"90980-12753","20","-23614.0","2688.0","0.0","0.0"
"90980-12753","27","10944.0","2688.0","0.0","0.0"
"90980-12753","1","-27455.0","11904.0","0.0","0.0"
"90980-12753","5","22463.0","11904.0","0.0","0.0"
"90980-12753","14","7104.0","7296.0","0.0","0.0"
"90980-12753","23","-8255.0","2688.0","0.0","0.0"
"90980-12753","3","-19775.0","11904.0","0.0","0.0"
"90980-12753","8","-23615.0","7295.0","0.0","0.0"
"90980-12753","28","18624.0","2675.0","0.0","0.0"
"90980-12753","7","-27455.0","7296.0","0.0","0.0"
"90980-12753","29","22463.0","2675.0","0.0","0.0"
"90980-12753","11","-8255.0","7295.0","0.0","0.0"
"90980-12753","26","7104.0","2688.0","0.0","0.0"
"90980-12753","9","-19775.0","7331.0","0.0","0.0"
"90980-12753","12","-4415.0","7296.0","0.0","0.0"
"90980-12753","2","-23613.0","11904.0","0.0","0.0"
"KANGO-11950","4","-6911.0","3072.0","0.0","0.0"
"KANGO-11950","3","-2303.0","3072.0","0.0","0.0"
"KANGO-11950","1","6912.0","3072.0","0.0","0.0"
"KANGO-11950","2","2304.0","3072.0","0.0","0.0"
"90980-12092","2","-7701.0","3091.0","0.0","0.0"
"90980-12092","3","-3834.0","3072.0","0.0","0.0"
"90980-12092","5","3843.0","3072.0","0.0","0.0"
"90980-12092","6","7691.0","3072.0","0.0","0.0"
"90980-12092","1","-11893.0","2692.0","0.0","0.0"
"90980-12092","7","11900.0","2711.0","0.0","0.0"
"90980-12092","4","14.0","3072.0","0.0","0.0"
"90980-12936","1","1915.0","6239.0","0.0","0.0"
"90980-12936","2","-1905.0","6244.0","0.0","0.0"
"90980-12581","A-5","10176.0","6912.0","0.0","0.0"
"90980-12581","A-6","6336.0","6912.0","0.0","0.0"
"90980-12581","B-8","-10175.0","6912.0","0.0","0.0"
"90980-12581","B-7","-6335.0","6912.0","0.0","0.0"
"90980-12581","B-5","1344.0","6912.0","0.0","0.0"
"90980-12581","A-2","6336.0","11520.0","0.0","0.0"
"90980-12581","B-6","-2495.0","6912.0","0.0","0.0"
"90980-12581","A-3","17831.0","6916.0","0.0","0.0"
"90980-12581","B-2","-2495.0","11520.0","0.0","0.0"
"90980-12581","B-1","1344.0","11520.0","0.0","0.0"
"90980-12581","A-1","17856.0","11520.0","0.0","0.0"
"90980-12581","B-10","-17855.0","6912.0","0.0","0.0"
"90980-12581","B-4","-17855.0","11520.0","0.0","0.0"
"90980-12581","A-4","14016.0","6912.0","0.0","0.0"
"90980-12581","B-3","-14015.0","11520.0","0.0","0.0"
"90980-12581","B-9","-14015.0","6912.0","0.0","0.0"
"90980-12D10","58","-17954.0","9867.0","0.0","0.0"
"90980-12D10","36","19088.0","28617.0","0.0","0.0"
"90980-12D10","24","-6990.0","33049.0","0.0","0.0"
"90980-12D10","43","-1616.0","20808.0","0.0","0.0"
"90980-12D10","20","-28812.0","33055.0","0.0","0.0"
"90980-12D10","13","-23407.0","38518.0","0.0","0.0"
"90980-12D10","56","-28854.0","9867.0","0.0","0.0"
"90980-12D10","59","-12505.0","9867.0","0.0","0.0"
"90980-12D10","23","-12452.0","33052.0","0.0","0.0"
"90980-12D10","51","-1582.0","15302.0","0.0","0.0"
"90980-12D10","2","-28837.0","44002.0","0.0","0.0"
"90980-12D10","33","-1561.0","27586.0","0.0","0.0"
"90980-12D10","44","3834.0","20808.0","0.0","0.0"
"90980-12D10","9","11429.0","41675.0","0.0","0.0"
"90980-12D10","15","-12509.0","38518.0","0.0","0.0"
"90980-12D10","29","-23384.0","27591.0","0.0","0.0"
"90980-12D10","62","3870.0","9862.0","0.0","0.0"
"90980-12D10","60","-7042.0","9864.0","0.0","0.0"
"90980-12D10","25","-1540.0","33049.0","0.0","0.0"
"90980-12D10","22","-17912.0","33055.0","0.0","0.0"
"90980-12D10","27","-34286.0","27591.0","0.0","0.0"
"90980-12D10","42","-7078.0","20810.0","0.0","0.0"
"90980-12D10","30","-17935.0","27591.0","0.0","0.0"
"90980-12D10","3","-23385.0","44002.0","0.0","0.0"
"90980-12D10","4","-17936.0","44002.0","0.0","0.0"
"90980-12D10","34","3889.0","27586.0","0.0","0.0"
"90980-12D10","18","3866.0","38513.0","0.0","0.0"
"90980-12D10","5","-12476.0","43999.0","0.0","0.0"
"90980-12D10","53","11358.0","14871.0","0.0","0.0"
"90980-12D10","54","19038.0","14871.0","0.0","0.0"
"90980-12D10","39","-23439.0","20813.0","0.0","0.0"
"90980-12D10","28","-28835.0","27591.0","0.0","0.0"
"90980-12D10","38","-28890.0","20813.0","0.0","0.0"
"90980-12D10","6","-7014.0","43996.0","0.0","0.0"
"90980-12D10","37","-34341.0","20813.0","0.0","0.0"
"90980-12D10","41","-12539.0","20813.0","0.0","0.0"
"90980-12D10","8","3886.0","43996.0","0.0","0.0"
"90980-12D10","17","-1584.0","38513.0","0.0","0.0"
"90980-12D10","46","-28856.0","15307.0","0.0","0.0"
"90980-12D10","7","-1564.0","43996.0","0.0","0.0"
"90980-12D10","19","-34263.0","33055.0","0.0","0.0"
"90980-12D10","16","-7046.0","38515.0","0.0","0.0"
"90980-12D10","1","-34287.0","44002.0","0.0","0.0"
"90980-12D10","10","19109.0","41675.0","0.0","0.0"
"90980-12D10","35","11408.0","28617.0","0.0","0.0"
"90980-12D10","48","-17956.0","15307.0","0.0","0.0"
"90980-12D10","61","-1580.0","9862.0","0.0","0.0"
"90980-12D10","40","-17988.0","20813.0","0.0","0.0"
"90980-12D10","52","3868.0","15302.0","0.0","0.0"
"90980-12D10","32","-7023.0","27588.0","0.0","0.0"
"90980-12D10","11","-34309.0","38518.0","0.0","0.0"
"90980-12D10","50","-7044.0","15304.0","0.0","0.0"
"90980-12D10","55","-34305.0","9867.0","0.0","0.0"
"90980-12D10","47","-23405.0","15307.0","0.0","0.0"
"90980-12D10","26","3910.0","33049.0","0.0","0.0"
"90980-12D10","31","-12486.0","27591.0","0.0","0.0"
"90980-12D10","12","-28858.0","38518.0","0.0","0.0"
"90980-12D10","21","-23361.0","33055.0","0.0","0.0"
"90980-12D10","57","-23403.0","9867.0","0.0","0.0"
"90980-12D10","49","-12507.0","15307.0","0.0","0.0"
"90980-12D10","14","-17958.0","38518.0","0.0","0.0"
"90980-12D10","45","-34307.0","15307.0","0.0","0.0"
"KANGO-12292","2","5758.0","8452.0","0.0","0.0"
"KANGO-12292","3","-1.0","8452.0","0.0","0.0"
"KANGO-12292","4","-5761.0","8452.0","0.0","0.0"
"KANGO-12292","1","11518.0","8452.0","0.0","0.0"
"KANGO-12292","5","-11521.0","8498.0","0.0","0.0"
"90980-12766","8","12478.0","6912.0","0.0","0.0"
"90980-12766","2","7680.0","11904.0","0.0","0.0"
"90980-12766","13","-12477.0","6912.0","0.0","0.0"
"90980-12766","1","12478.0","12290.0","0.0","0.0"
"90980-12766","4","0.0","11904.0","0.0","0.0"
"90980-12766","5","-3839.0","11904.0","0.0","0.0"
"90980-12766","6","-7679.0","11904.0","0.0","0.0"
"90980-12766","7","-12477.0","12483.0","0.0","0.0"
"90980-12766","3","3840.0","11904.0","0.0","0.0"
"90980-12766","11","-3839.0","7296.0","0.0","0.0"
"90980-12766","10","3840.0","7296.0","0.0","0.0"
"90980-12766","12","-7679.0","7296.0","0.0","0.0"
"90980-12766","9","7680.0","7296.0","0.0","0.0"
"90980-12B98","2","5103.0","9966.0","0.0","0.0"
"90980-12B98","4","5122.0","4374.0","0.0","0.0"
"90980-12B98","3","-5068.0","4376.0","0.0","0.0"
"90980-12B98","1","-5102.0","9966.0","0.0","0.0"
"90980-12522","4","1922.0","9220.0","0.0","0.0"
"90980-12522","7","-9983.0","4229.0","0.0","0.0"
"90980-12522","8","-5759.0","4607.0","0.0","0.0"
"90980-12522","1","-9979.0","9612.0","0.0","0.0"
"90980-12522","2","-5757.0","9220.0","0.0","0.0"
"90980-12522","12","9980.0","4218.0","0.0","0.0"
"90980-12522","6","9988.0","9608.0","0.0","0.0"
"90980-12522","9","-1915.0","4606.0","0.0","0.0"
"90980-12522","10","1924.0","4606.0","0.0","0.0"
"90980-12522","11","5762.0","4606.0","0.0","0.0"
"90980-12522","5","5762.0","9220.0","0.0","0.0"
"90980-12522","3","-1917.0","9220.0","0.0","0.0"
"90980-12E76","1","0.0","2304.0","0.0","0.0"
"82824-78030","4","-3839.0","9984.0","0.0","0.0"
"82824-78030","7","3840.0","5376.0","0.0","0.0"
"82824-78030","2","3840.0","9984.0","0.0","0.0"
"82824-78030","8","0.0","5376.0","0.0","0.0"
"82824-78030","9","-3839.0","5376.0","0.0","0.0"
"82824-78030","6","7680.0","5376.0","0.0","0.0"
"82824-78030","10","-7679.0","5376.0","0.0","0.0"
"82824-78030","3","0.0","9984.0","0.0","0.0"
"82824-78030","1","7680.0","9984.0","0.0","0.0"
"82824-78030","5","-7679.0","9984.0","0.0","0.0"
"G92SD-10010","2","-3564.0","9790.0","0.0","0.0"
"G92SD-10010","1","3565.0","9790.0","0.0","0.0"
"G92SD-10010","4","-3465.0","4540.0","0.0","0.0"
"G92SD-10010","3","3466.0","4540.0","0.0","0.0"
"90980-12A39","52","33019.0","22753.0","0.0","0.0"
"90980-12A39","67","-62347.0","19534.0","0.0","0.0"
"90980-12A39","35","-73248.0","25405.0","0.0","0.0"
"90980-12A39","1","-95039.0","31104.0","0.0","0.0"
"90980-12A39","115","-53038.0","7891.0","0.0","0.0"
"90980-12A39","75","-14886.0","19534.0","0.0","0.0"
"90980-12A39","37","-62347.0","25405.0","0.0","0.0"
"90980-12A39","58","77519.0","22742.0","0.0","0.0"
"90980-12A39","77","-89598.0","13663.0","0.0","0.0"
"90980-12A39","31","-95048.0","25405.0","0.0","0.0"
"90980-12A39","81","-67796.0","13663.0","0.0","0.0"
"90980-12A39","99","37697.0","13663.0","0.0","0.0"
"90980-12A39","123","-5902.0","7891.0","0.0","0.0"
"90980-12A39","56","64079.0","22742.0","0.0","0.0"
"90980-12A39","136","68350.0","7891.0","0.0","0.0"
"90980-12A39","62","-89598.0","19534.0","0.0","0.0"
"90980-12A39","138","79253.0","7891.0","0.0","0.0"
"90980-12A39","21","26323.0","29226.0","0.0","0.0"
"90980-12A39","85","-42138.0","13663.0","0.0","0.0"
"90980-12A39","98","32246.0","13663.0","0.0","0.0"
"90980-12A39","74","-20337.0","19534.0","0.0","0.0"
"90980-12A39","89","-20339.0","13663.0","0.0","0.0"
"90980-12A39","96","21348.0","13663.0","0.0","0.0"
"90980-12A39","14","-20369.0","31133.0","0.0","0.0"
"90980-12A39","16","-7324.0","29216.0","0.0","0.0"
"90980-12A39","69","-47589.0","19534.0","0.0","0.0"
"90980-12A39","32","-89599.0","25405.0","0.0","0.0"
"90980-12A39","70","-42138.0","19534.0","0.0","0.0"
"90980-12A39","93","4998.0","13663.0","0.0","0.0"
"90980-12A39","46","-7324.0","22726.0","0.0","0.0"
"90980-12A39","27","70799.0","29270.0","0.0","0.0"
"90980-12A39","84","-47588.0","13663.0","0.0","0.0"
"90980-12A39","4","-78739.0","31105.0","0.0","0.0"
"90980-12A39","49","12846.0","22726.0","0.0","0.0"
"90980-12A39","13","-25810.0","31105.0","0.0","0.0"
"90980-12A39","106","79252.0","13663.0","0.0","0.0"
"90980-12A39","90","-14886.0","13663.0","0.0","0.0"
"90980-12A39","59","84236.0","22742.0","0.0","0.0"
"90980-12A39","80","-73247.0","13663.0","0.0","0.0"
"90980-12A39","121","-20339.0","7891.0","0.0","0.0"
"90980-12A39","130","32246.0","7891.0","0.0","0.0"
"90980-12A39","51","26323.0","22743.0","0.0","0.0"
"90980-12A39","2","-89663.0","31104.0","0.0","0.0"
"90980-12A39","63","-84149.0","19534.0","0.0","0.0"
"90980-12A39","124","-454.0","7891.0","0.0","0.0"
"90980-12A39","82","-62347.0","13663.0","0.0","0.0"
"90980-12A39","95","15899.0","13663.0","0.0","0.0"
"90980-12A39","20","19543.0","29226.0","0.0","0.0"
"90980-12A39","94","10449.0","13663.0","0.0","0.0"
"90980-12A39","66","-67798.0","19534.0","0.0","0.0"
"90980-12A39","5","-73270.0","31133.0","0.0","0.0"
"90980-12A39","43","-25788.0","25417.0","0.0","0.0"
"90980-12A39","114","-62349.0","7891.0","0.0","0.0"
"90980-12A39","61","-95047.0","19534.0","0.0","0.0"
"90980-12A39","30","90956.0","29270.0","0.0","0.0"
"90980-12A39","128","21347.0","7891.0","0.0","0.0"
"90980-12A39","34","-78698.0","25405.0","0.0","0.0"
"90980-12A39","119","-31237.0","7891.0","0.0","0.0"
"90980-12A39","64","-78696.0","19534.0","0.0","0.0"
"90980-12A39","18","6150.0","29215.0","0.0","0.0"
"90980-12A39","24","50737.0","29310.0","0.0","0.0"
"90980-12A39","101","52001.0","13663.0","0.0","0.0"
"90980-12A39","17","-685.0","29199.0","0.0","0.0"
"90980-12A39","140","90152.0","7891.0","0.0","0.0"
"90980-12A39","39","-47588.0","25405.0","0.0","0.0"
"90980-12A39","65","-73247.0","19534.0","0.0","0.0"
"90980-12A39","11","-36663.0","31077.0","0.0","0.0"
"90980-12A39","45","-14886.0","25405.0","0.0","0.0"
"90980-12A39","9","-47601.0","31133.0","0.0","0.0"
"90980-12A39","15","-14928.0","31133.0","0.0","0.0"
"90980-12A39","97","26797.0","13663.0","0.0","0.0"
"90980-12A39","19","12874.0","29199.0","0.0","0.0"
"90980-12A39","127","15898.0","7891.0","0.0","0.0"
"90980-12A39","29","84236.0","29270.0","0.0","0.0"
"90980-12A39","50","19570.0","22753.0","0.0","0.0"
"90980-12A39","12","-31250.0","31105.0","0.0","0.0"
"90980-12A39","102","57453.0","13663.0","0.0","0.0"
"90980-12A39","111","-78697.0","7891.0","0.0","0.0"
"90980-12A39","113","-67798.0","7891.0","0.0","0.0"
"90980-12A39","100","43147.0","13663.0","0.0","0.0"
"90980-12A39","44","-20338.0","25405.0","0.0","0.0"
"90980-12A39","72","-31237.0","19534.0","0.0","0.0"
"90980-12A39","71","-36687.0","19534.0","0.0","0.0"
"90980-12A39","120","-25788.0","7891.0","0.0","0.0"
"90980-12A39","126","10449.0","7891.0","0.0","0.0"
"90980-12A39","112","-73247.0","7891.0","0.0","0.0"
"90980-12A39","137","73801.0","7891.0","0.0","0.0"
"90980-12A39","3","-84152.0","31105.0","0.0","0.0"
"90980-12A39","36","-67798.0","25405.0","0.0","0.0"
"90980-12A39","53","39744.0","22753.0","0.0","0.0"
"90980-12A39","134","57452.0","7891.0","0.0","0.0"
"90980-12A39","41","-36687.0","25405.0","0.0","0.0"
"90980-12A39","54","50681.0","22726.0","0.0","0.0"
"90980-12A39","92","-452.0","13663.0","0.0","0.0"
"90980-12A39","118","-36687.0","7891.0","0.0","0.0"
"90980-12A39","109","-89598.0","7891.0","0.0","0.0"
"90980-12A39","42","-31237.0","25405.0","0.0","0.0"
"90980-12A39","105","73802.0","13663.0","0.0","0.0"
"90980-12A39","133","52001.0","7891.0","0.0","0.0"
"90980-12A39","48","6206.0","22753.0","0.0","0.0"
"90980-12A39","73","-25786.0","19534.0","0.0","0.0"
"90980-12A39","132","43146.0","7891.0","0.0","0.0"
"90980-12A39","68","-53038.0","19534.0","0.0","0.0"
"90980-12A39","28","77519.0","29270.0","0.0","0.0"
"90980-12A39","78","-84148.0","13663.0","0.0","0.0"
"90980-12A39","76","-95047.0","13663.0","0.0","0.0"
"90980-12A39","117","-42138.0","7891.0","0.0","0.0"
"90980-12A39","86","-36687.0","13663.0","0.0","0.0"
"90980-12A39","10","-42132.0","31105.0","0.0","0.0"
"90980-12A39","40","-42138.0","25405.0","0.0","0.0"
"90980-12A39","83","-53037.0","13663.0","0.0","0.0"
"90980-12A39","103","62903.0","13663.0","0.0","0.0"
"90980-12A39","116","-47589.0","7891.0","0.0","0.0"
"90980-12A39","107","84703.0","13663.0","0.0","0.0"
"90980-12A39","38","-53037.0","25405.0","0.0","0.0"
"90980-12A39","6","-67775.0","31104.0","0.0","0.0"
"90980-12A39","7","-62361.0","31105.0","0.0","0.0"
"90980-12A39","110","-84147.0","7891.0","0.0","0.0"
"90980-12A39","26","64077.0","29274.0","0.0","0.0"
"90980-12A39","104","68352.0","13663.0","0.0","0.0"
"90980-12A39","22","33047.0","29282.0","0.0","0.0"
"90980-12A39","8","-53069.0","31105.0","0.0","0.0"
"90980-12A39","79","-78697.0","13663.0","0.0","0.0"
"90980-12A39","33","-84149.0","25405.0","0.0","0.0"
"90980-12A39","129","26797.0","7891.0","0.0","0.0"
"90980-12A39","125","4996.0","7891.0","0.0","0.0"
"90980-12A39","139","84703.0","7891.0","0.0","0.0"
"90980-12A39","122","-14886.0","7891.0","0.0","0.0"
"90980-12A39","108","90153.0","13663.0","0.0","0.0"
"90980-12A39","57","70799.0","22742.0","0.0","0.0"
"90980-12A39","135","62901.0","7891.0","0.0","0.0"
"90980-12A39","60","90956.0","22742.0","0.0","0.0"
"90980-12A39","23","39660.0","29254.0","0.0","0.0"
"90980-12A39","88","-25789.0","13663.0","0.0","0.0"
"90980-12A39","91","-5902.0","13663.0","0.0","0.0"
"90980-12A39","55","57461.0","22761.0","0.0","0.0"
"90980-12A39","25","57405.0","29282.0","0.0","0.0"
"90980-12A39","47","-601.0","22726.0","0.0","0.0"
"90980-12A39","87","-31238.0","13663.0","0.0","0.0"
"90980-12A39","131","37695.0","7891.0","0.0","0.0"
"90980-12380","7","-5761.0","6916.0","0.0","0.0"
"90980-12380","8","-1.0","6916.0","0.0","0.0"
"90980-12380","9","5758.0","6916.0","0.0","0.0"
"90980-12380","5","11518.0","12676.0","0.0","0.0"
"90980-12380","1","-11520.0","12676.0","0.0","0.0"
"90980-12380","6","-11521.0","6916.0","0.0","0.0"
"90980-12380","3","-1.0","12676.0","0.0","0.0"
"90980-12380","4","5758.0","12676.0","0.0","0.0"
"90980-12380","10","11518.0","6916.0","0.0","0.0"
"90980-12380","2","-5761.0","12676.0","0.0","0.0"
"KANGO-12C27","2","-10584.0","10039.0","0.0","0.0"
"KANGO-12C27","4","-2784.0","8249.0","0.0","0.0"
"KANGO-12C27","1","10673.0","10046.0","0.0","0.0"
"KANGO-12C27","3","2999.0","8251.0","0.0","0.0"
"90980-12E13","10","-17279.0","13056.0","0.0","0.0"
"90980-12E13","15","1920.0","8448.0","0.0","0.0"
"90980-12E13","8","-9599.0","13056.0","0.0","0.0"
"90980-12E13","1","17280.0","13056.0","0.0","0.0"
"90980-12E13","2","13440.0","13056.0","0.0","0.0"
"90980-12E13","5","1920.0","13056.0","0.0","0.0"
"90980-12E13","18","-9599.0","8448.0","0.0","0.0"
"90980-12E13","3","9600.0","13056.0","0.0","0.0"
"90980-12E13","7","-5759.0","13056.0","0.0","0.0"
"90980-12E13","12","13440.0","8448.0","0.0","0.0"
"90980-12E13","13","9600.0","8448.0","0.0","0.0"
"90980-12E13","4","5760.0","13056.0","0.0","0.0"
"90980-12E13","16","-1919.0","8448.0","0.0","0.0"
"90980-12E13","17","-5759.0","8448.0","0.0","0.0"
"90980-12E13","6","-1919.0","13056.0","0.0","0.0"
"90980-12E13","9","-13439.0","13056.0","0.0","0.0"
"90980-12E13","11","17280.0","8448.0","0.0","0.0"
"90980-12E13","20","-17279.0","8448.0","0.0","0.0"
"90980-12E13","19","-13439.0","8448.0","0.0","0.0"
"90980-12E13","14","5760.0","8448.0","0.0","0.0"
"90980-10860","1","-1915.0","4626.0","0.0","0.0"
"90980-10860","2","1914.0","4626.0","0.0","0.0"
"90980-12B43","10","-15371.0","12480.0","0.0","0.0"
"90980-12B43","7","-3851.0","12480.0","0.0","0.0"
"90980-12B43","9","-11531.0","12480.0","0.0","0.0"
"90980-12B43","12","19188.0","7872.0","0.0","0.0"
"90980-12B43","16","3828.0","7872.0","0.0","0.0"
"90980-12B43","22","-19211.0","7872.0","0.0","0.0"
"90980-12B43","21","-15371.0","7872.0","0.0","0.0"
"90980-12B43","6","-11.0","12480.0","0.0","0.0"
"90980-12B43","8","-7691.0","12480.0","0.0","0.0"
"90980-12B43","19","-7691.0","7872.0","0.0","0.0"
"90980-12B43","2","15348.0","12480.0","0.0","0.0"
"90980-12B43","4","7668.0","12480.0","0.0","0.0"
"90980-12B43","11","-19211.0","12480.0","0.0","0.0"
"90980-12B43","14","11508.0","7872.0","0.0","0.0"
"90980-12B43","20","-11531.0","7872.0","0.0","0.0"
"90980-12B43","13","15348.0","7872.0","0.0","0.0"
"90980-12B43","3","11508.0","12480.0","0.0","0.0"
"90980-12B43","5","3828.0","12480.0","0.0","0.0"
"90980-12B43","17","-11.0","7872.0","0.0","0.0"
"90980-12B43","18","-3851.0","7872.0","0.0","0.0"
"90980-12B43","15","7668.0","7872.0","0.0","0.0"
"90980-12B43","1","19188.0","12480.0","0.0","0.0"
"90980-12E29","2","3072.0","4032.0","0.0","0.0"
"90980-12E29","1","-3072.0","4032.0","0.0","0.0"
"90980-11144","2","13.0","8444.0","0.0","0.0"
"90980-11144","3","5385.0","8444.0","0.0","0.0"
"90980-11144","1","-5378.0","8444.0","0.0","0.0"
"90980-11144","4","-5378.0","3072.0","0.0","0.0"
"90980-11144","6","5385.0","3072.0","0.0","0.0"
"90980-11144","5","-6.0","3072.0","0.0","0.0"
"KANGO-12735","2","2878.0","9604.0","0.0","0.0"
"KANGO-12735","1","8634.0","9604.0","0.0","0.0"
"KANGO-12735","4","-8633.0","9604.0","0.0","0.0"
"KANGO-12735","3","-2877.0","9604.0","0.0","0.0"
"KANGO-12735","5","8636.0","4247.0","0.0","0.0"
"KANGO-12735","6","2878.0","4247.0","0.0","0.0"
"KANGO-12735","7","-2875.0","4224.0","0.0","0.0"
"KANGO-12735","8","-8629.0","4224.0","0.0","0.0"
"90980-12831","2","-8641.0","7302.0","0.0","0.0"
"90980-12831","1","-14405.0","7302.0","0.0","0.0"
"90980-12831","4","2885.0","7306.0","0.0","0.0"
"90980-12831","3","-2876.0","7284.0","0.0","0.0"
"90980-12831","5","8653.0","7297.0","0.0","0.0"
"90980-12831","6","14401.0","7287.0","0.0","0.0"
"90980-09F16","2","5510.0","2688.0","0.0","0.0"
"90980-09F16","1","-6853.0","2688.0","0.0","0.0"
"90980-12D99","16","-7680.0","9216.0","0.0","0.0"
"90980-12D99","38","-34560.0","4608.0","0.0","0.0"
"90980-12D99","27","15359.0","4608.0","0.0","0.0"
"90980-12D99","3","17279.0","14212.0","0.0","0.0"
"90980-12D99","11","15361.0","9215.0","0.0","0.0"
"90980-12D99","31","-3840.0","4608.0","0.0","0.0"
"90980-12D99","20","-26880.0","9216.0","0.0","0.0"
"90980-12D99","24","30719.0","4608.0","0.0","0.0"
"90980-12D99","21","-30720.0","9216.0","0.0","0.0"
"90980-12D99","36","-26880.0","4608.0","0.0","0.0"
"90980-12D99","34","-15360.0","4608.0","0.0","0.0"
"90980-12D99","30","3839.0","4608.0","0.0","0.0"
"90980-12D99","26","19200.0","4608.0","0.0","0.0"
"90980-12D99","9","26879.0","9216.0","0.0","0.0"
"90980-12D99","6","-32640.0","14212.0","0.0","0.0"
"90980-12D99","35","-19200.0","4608.0","0.0","0.0"
"90980-12D99","22","-34560.0","9191.0","0.0","0.0"
"90980-12D99","7","34559.0","9216.0","0.0","0.0"
"90980-12D99","2","24959.0","14212.0","0.0","0.0"
"90980-12D99","4","-17280.0","14212.0","0.0","0.0"
"90980-12D99","5","-24960.0","14212.0","0.0","0.0"
"90980-12D99","37","-30722.0","4608.0","0.0","0.0"
"90980-12D99","28","11519.0","4608.0","0.0","0.0"
"90980-12D99","18","-15360.0","9216.0","0.0","0.0"
"90980-12D99","8","30720.0","9216.0","0.0","0.0"
"90980-12D99","25","26879.0","4608.0","0.0","0.0"
"90980-12D99","14","3839.0","9216.0","0.0","0.0"
"90980-12D99","1","32639.0","14212.0","0.0","0.0"
"90980-12D99","10","19199.0","9216.0","0.0","0.0"
"90980-12D99","12","11519.0","9216.0","0.0","0.0"
"90980-12D99","19","-19199.0","9216.0","0.0","0.0"
"90980-12D99","32","-7680.0","4608.0","0.0","0.0"
"90980-12D99","17","-11520.0","9216.0","0.0","0.0"
"90980-12D99","33","-11520.0","4608.0","0.0","0.0"
"90980-12D99","13","7679.0","9216.0","0.0","0.0"
"90980-12D99","15","-3840.0","9216.0","0.0","0.0"
"90980-12D99","29","7679.0","4608.0","0.0","0.0"
"90980-12D99","23","34559.0","4608.0","0.0","0.0"
"90980-12242","1","-1927.0","9201.0","0.0","0.0"
"90980-12242","2","1912.0","9201.0","0.0","0.0"
"90980-12C92","3","2304.0","12672.0","0.0","0.0"
"90980-12C92","1","-2303.0","17280.0","0.0","0.0"
"90980-12C92","5","0.0","8448.0","0.0","0.0"
"90980-12C92","4","2304.0","17280.0","0.0","0.0"
"90980-12C92","2","-2303.0","12672.0","0.0","0.0"
"90980-12905","2","-17279.0","8832.0","0.0","0.0"
"90980-12905","15","-13439.0","4224.0","0.0","0.0"
"90980-12905","1","-21119.0","8832.0","0.0","0.0"
"90980-12905","5","-5759.0","8832.0","0.0","0.0"
"90980-12905","11","17280.0","8832.0","0.0","0.0"
"90980-12905","6","-1919.0","8832.0","0.0","0.0"
"90980-12905","20","5760.0","4224.0","0.0","0.0"
"90980-12905","3","-13439.0","8832.0","0.0","0.0"
"90980-12905","12","21120.0","8832.0","0.0","0.0"
"90980-12905","23","17280.0","4224.0","0.0","0.0"
"90980-12905","7","1920.0","8832.0","0.0","0.0"
"90980-12905","8","5760.0","8832.0","0.0","0.0"
"90980-12905","17","-5759.0","4224.0","0.0","0.0"
"90980-12905","21","9600.0","4224.0","0.0","0.0"
"90980-12905","22","13440.0","4224.0","0.0","0.0"
"90980-12905","16","-9599.0","4224.0","0.0","0.0"
"90980-12905","13","-21119.0","4224.0","0.0","0.0"
"90980-12905","4","-9599.0","8832.0","0.0","0.0"
"90980-12905","9","9600.0","8832.0","0.0","0.0"
"90980-12905","10","13440.0","8832.0","0.0","0.0"
"90980-12905","19","1920.0","4224.0","0.0","0.0"
"90980-12905","18","-1919.0","4224.0","0.0","0.0"
"90980-12905","24","21120.0","4224.0","0.0","0.0"
"90980-12905","14","-17279.0","4224.0","0.0","0.0"
"KANGO-12155","13","-1919.0","3840.0","0.0","0.0"
"KANGO-12155","15","-9599.0","3840.0","0.0","0.0"
"KANGO-12155","6","-5759.0","8448.0","0.0","0.0"
"KANGO-12155","10","9600.0","3840.0","0.0","0.0"
"KANGO-12155","3","5760.0","8448.0","0.0","0.0"
"KANGO-12155","4","1920.0","8448.0","0.0","0.0"
"KANGO-12155","16","-13439.0","3840.0","0.0","0.0"
"KANGO-12155","7","-9599.0","8448.0","0.0","0.0"
"KANGO-12155","11","5760.0","3840.0","0.0","0.0"
"KANGO-12155","8","-13439.0","8448.0","0.0","0.0"
"KANGO-12155","1","13440.0","8448.0","0.0","0.0"
"KANGO-12155","12","1920.0","3840.0","0.0","0.0"
"KANGO-12155","2","9600.0","8448.0","0.0","0.0"
"KANGO-12155","14","-5759.0","3840.0","0.0","0.0"
"KANGO-12155","9","13440.0","3840.0","0.0","0.0"
"KANGO-12155","5","-1919.0","8448.0","0.0","0.0"
"90980-12900","1","-2686.0","3075.0","0.0","0.0"
"90980-12900","2","2696.0","3060.0","0.0","0.0"
"90980-12C69","6","9600.0","4224.0","0.0","0.0"
"90980-12C69","5","5760.0","4224.0","0.0","0.0"
"90980-12C69","3","-1919.0","4224.0","0.0","0.0"
"90980-12C69","4","1920.0","4224.0","0.0","0.0"
"90980-12C69","1","-9599.0","4224.0","0.0","0.0"
"90980-12C69","2","-5759.0","4224.0","0.0","0.0"
"KANGO-12A19","1","5636.0","5670.0","0.0","0.0"
"KANGO-12A19","2","-124.0","5672.0","0.0","0.0"
"KANGO-12A19","3","-5882.0","5670.0","0.0","0.0"
"90980-10786","1","0.0","1920.0","0.0","0.0"
"90980-10947","2","2907.0","4992.0","0.0","0.0"
"90980-10947","1","-2522.0","4992.0","0.0","0.0"
"KANGO-12380","1","11518.0","13828.0","0.0","0.0"
"KANGO-12380","9","-5761.0","8068.0","0.0","0.0"
"KANGO-12380","2","5758.0","13828.0","0.0","0.0"
"KANGO-12380","5","-11521.0","13828.0","0.0","0.0"
"KANGO-12380","4","-5761.0","13828.0","0.0","0.0"
"KANGO-12380","10","-11521.0","8068.0","0.0","0.0"
"KANGO-12380","8","-1.0","8068.0","0.0","0.0"
"KANGO-12380","6","11518.0","8068.0","0.0","0.0"
"KANGO-12380","3","-1.0","13828.0","0.0","0.0"
"KANGO-12380","7","5758.0","8068.0","0.0","0.0"
"90980-12E84","1","-5382.0","9159.0","0.0","0.0"
"90980-12E84","3","5369.0","9157.0","0.0","0.0"
"90980-12E84","5","-1.0","3781.0","0.0","0.0"
"90980-12E84","2","-5.0","9159.0","0.0","0.0"
"90980-12E84","6","5376.0","3784.0","0.0","0.0"
"90980-12E84","4","-5375.0","3784.0","0.0","0.0"
"90980-12553","15","9611.0","4221.0","0.0","0.0"
"90980-12553","11","-5755.0","4239.0","0.0","0.0"
"90980-12553","14","5752.0","4279.0","0.0","0.0"
"90980-12553","3","-5799.0","8865.0","0.0","0.0"
"90980-12553","7","9630.0","8867.0","0.0","0.0"
"90980-12553","13","1928.0","4264.0","0.0","0.0"
"90980-12553","9","-13444.0","4221.0","0.0","0.0"
"90980-12553","1","-13417.0","8829.0","0.0","0.0"
"90980-12553","4","-1913.0","8856.0","0.0","0.0"
"90980-12553","10","-9597.0","4216.0","0.0","0.0"
"90980-12553","16","13433.0","4239.0","0.0","0.0"
"90980-12553","6","5746.0","8849.0","0.0","0.0"
"90980-12553","5","1911.0","8885.0","0.0","0.0"
"90980-12553","8","13366.0","8882.0","0.0","0.0"
"90980-12553","2","-9620.0","8873.0","0.0","0.0"
"90980-12553","12","-1906.0","4235.0","0.0","0.0"
"G92SD-28010","6","1920.0","12288.0","0.0","0.0"
"G92SD-28010","8","-5759.0","12288.0","0.0","0.0"
"G92SD-28010","21","-9599.0","7680.0","0.0","0.0"
"G92SD-28010","2","17236.0","12288.0","0.0","0.0"
"G92SD-28010","12","-21122.0","12288.0","0.0","0.0"
"G92SD-28010","24","-21119.0","7680.0","0.0","0.0"
"G92SD-28010","15","13440.0","7680.0","0.0","0.0"
"G92SD-28010","19","-1919.0","7680.0","0.0","0.0"
"G92SD-28010","10","-13448.0","12288.0","0.0","0.0"
"G92SD-28010","3","13440.0","12288.0","0.0","0.0"
"G92SD-28010","23","-17279.0","7680.0","0.0","0.0"
"G92SD-28010","7","-1919.0","12288.0","0.0","0.0"
"G92SD-28010","17","5760.0","7680.0","0.0","0.0"
"G92SD-28010","9","-9608.0","12288.0","0.0","0.0"
"G92SD-28010","18","1920.0","7680.0","0.0","0.0"
"G92SD-28010","20","-5759.0","7680.0","0.0","0.0"
"G92SD-28010","1","21120.0","12288.0","0.0","0.0"
"G92SD-28010","13","21120.0","7680.0","0.0","0.0"
"G92SD-28010","22","-13439.0","7680.0","0.0","0.0"
"G92SD-28010","5","5760.0","12288.0","0.0","0.0"
"G92SD-28010","4","9564.0","12288.0","0.0","0.0"
"G92SD-28010","16","9600.0","7680.0","0.0","0.0"
"G92SD-28010","11","-17282.0","12288.0","0.0","0.0"
"G92SD-28010","14","17280.0","7680.0","0.0","0.0"
"KANGO-12C73","5","-5760.0","5760.0","0.0","0.0"
"KANGO-12C73","6","-9600.0","5760.0","0.0","0.0"
"KANGO-12C73","3","1920.0","5760.0","0.0","0.0"
"KANGO-12C73","2","5760.0","5760.0","0.0","0.0"
"KANGO-12C73","1","9600.0","5760.0","0.0","0.0"
"KANGO-12C73","4","-1920.0","5760.0","0.0","0.0"
"90980-12500","11","2.0","4224.0","0.0","0.0"
"90980-12500","7","2.0","8832.0","0.0","0.0"
"90980-12500","5","8832.0","12674.0","0.0","0.0"
"90980-12500","3","2.0","13440.0","0.0","0.0"
"90980-12500","1","-8829.0","12674.0","0.0","0.0"
"90980-12500","12","3842.0","4224.0","0.0","0.0"
"90980-12500","6","-3837.0","8832.0","0.0","0.0"
"90980-12500","8","3842.0","8832.0","0.0","0.0"
"90980-12500","13","8832.0","5569.0","0.0","0.0"
"90980-12500","9","-8829.0","5569.0","0.0","0.0"
"90980-12500","2","-3837.0","13440.0","0.0","0.0"
"90980-12500","10","-3837.0","4224.0","0.0","0.0"
"90980-12500","4","3842.0","13440.0","0.0","0.0"
"90980-12747","1","-2691.0","5758.0","0.0","0.0"
"90980-12747","2","2684.0","5758.0","0.0","0.0"
"90980-50134","1","-615.0","13440.0","0.0","0.0"
"90980-50134","3","-4511.0","5824.0","0.0","0.0"
"90980-50134","2","4704.0","5760.0","0.0","0.0"
"90980-12C54","17","-11624.0","17664.0","0.0","0.0"
"90980-12C54","20","-105.0","17664.0","0.0","0.0"
"90980-12C54","18","-7783.0","17666.0","0.0","0.0"
"90980-12C54","10","-7792.0","25344.0","0.0","0.0"
"90980-12C54","26","-7792.0","9988.0","0.0","0.0"
"90980-12C54","1","-11634.0","33024.0","0.0","0.0"
"90980-12C54","8","15245.0","33024.0","0.0","0.0"
"90980-12C54","13","3725.0","25344.0","0.0","0.0"
"90980-12C54","6","7565.0","33024.0","0.0","0.0"
"90980-12C54","11","-3952.0","25344.0","0.0","0.0"
"90980-12C54","2","-7794.0","33024.0","0.0","0.0"
"90980-12C54","4","-114.0","33024.0","0.0","0.0"
"90980-12C54","3","-3954.0","33024.0","0.0","0.0"
"90980-12C54","25","-11624.0","9984.0","0.0","0.0"
"90980-12C54","5","3725.0","33024.0","0.0","0.0"
"90980-12C54","19","-3943.0","17666.0","0.0","0.0"
"90980-12C54","28","-124.0","9984.0","0.0","0.0"
"90980-12C54","29","3715.0","9984.0","0.0","0.0"
"90980-12C54","15","11405.0","25338.0","0.0","0.0"
"90980-12C54","9","-11634.0","25344.0","0.0","0.0"
"90980-12C54","23","11400.0","17660.0","0.0","0.0"
"90980-12C54","24","15238.0","17651.0","0.0","0.0"
"90980-12C54","22","7563.0","17686.0","0.0","0.0"
"90980-12C54","12","-114.0","25344.0","0.0","0.0"
"90980-12C54","16","15245.0","25344.0","0.0","0.0"
"90980-12C54","30","7563.0","9979.0","0.0","0.0"
"90980-12C54","31","11403.0","9979.0","0.0","0.0"
"90980-12C54","32","15241.0","9979.0","0.0","0.0"
"90980-12C54","21","3725.0","17683.0","0.0","0.0"
"90980-12C54","14","7565.0","25338.0","0.0","0.0"
"90980-12C54","7","11405.0","33024.0","0.0","0.0"
"90980-12C54","27","-3952.0","9988.0","0.0","0.0"
"KANGO-12F76","2","204.0","11914.0","0.0","0.0"
"KANGO-12F76","3","204.0","6154.0","0.0","0.0"
"KANGO-12F76","1","178.0","17728.0","0.0","0.0"
"90980-11875","1","-2313.0","3831.0","0.0","0.0"
"90980-11875","2","3078.0","3831.0","0.0","0.0"
"90980-12E35","1","-46080.0","7295.0","0.0","0.0"
"90980-12E35","15","34560.0","7296.0","0.0","0.0"
"90980-12E35","16","38400.0","7296.0","0.0","0.0"
"90980-12E35","14","30720.0","7296.0","0.0","0.0"
"90980-12E35","2","-42240.0","7296.0","0.0","0.0"
"90980-12E35","34","44160.0","2688.0","0.0","0.0"
"90980-12E35","29","21120.0","2688.0","0.0","0.0"
"90980-12E35","33","40320.0","2688.0","0.0","0.0"
"90980-12E35","19","-44160.0","2688.0","0.0","0.0"
"90980-12E35","22","-32640.0","2688.0","0.0","0.0"
"90980-12E35","24","-21120.0","2688.0","0.0","0.0"
"90980-12E35","10","15360.0","7295.0","0.0","0.0"
"90980-12E35","9","-15359.0","7296.0","0.0","0.0"
"90980-12E35","28","17280.0","2688.0","0.0","0.0"
"90980-12E35","8","-19200.0","7296.0","0.0","0.0"
"90980-12E35","26","-13440.0","2688.0","0.0","0.0"
"90980-12E35","27","13440.0","2688.0","0.0","0.0"
"90980-12E35","7","-23040.0","7296.0","0.0","0.0"
"90980-12E35","12","23040.0","7296.0","0.0","0.0"
"90980-12E35","31","32640.0","2687.0","0.0","0.0"
"90980-12E35","32","36480.0","2688.0","0.0","0.0"
"90980-12E35","17","42240.0","7296.0","0.0","0.0"
"90980-12E35","18","46080.0","7296.0","0.0","0.0"
"90980-12E35","6","-26880.0","7296.0","0.0","0.0"
"90980-12E35","21","-36480.0","2688.0","0.0","0.0"
"90980-12E35","3","-38400.0","7296.0","0.0","0.0"
"90980-12E35","30","24960.0","2688.0","0.0","0.0"
"90980-12E35","5","-30720.0","7296.0","0.0","0.0"
"90980-12E35","25","-17280.0","2688.0","0.0","0.0"
"90980-12E35","23","-24960.0","2688.0","0.0","0.0"
"90980-12E35","11","19200.0","7295.0","0.0","0.0"
"90980-12E35","13","26880.0","7296.0","0.0","0.0"
"90980-12E35","4","-34560.0","7296.0","0.0","0.0"
"90980-12E35","20","-40320.0","2688.0","0.0","0.0"
"KANGO-12354","3","-5955.0","8496.0","0.0","0.0"
"KANGO-12354","2","-193.0","8452.0","0.0","0.0"
"KANGO-12354","1","5566.0","8452.0","0.0","0.0"
"90980-12A19","3","5756.0","5386.0","0.0","0.0"
"90980-12A19","1","-5784.0","5375.0","0.0","0.0"
"90980-12A19","2","-23.0","5374.0","0.0","0.0"
"82824-78140","1","-32639.0","7688.0","0.0","0.0"
"82824-78140","9","-26908.0","2688.0","0.0","0.0"
"82824-78140","7","-34559.0","2688.0","0.0","0.0"
"82824-78140","15","3840.0","2688.0","0.0","0.0"
"82824-78140","21","30731.0","2688.0","0.0","0.0"
"82824-78140","11","-15382.0","2688.0","0.0","0.0"
"82824-78140","19","19203.0","2688.0","0.0","0.0"
"82824-78140","17","11500.0","2688.0","0.0","0.0"
"82824-78140","20","26891.0","2688.0","0.0","0.0"
"82824-78140","2","-24959.0","7688.0","0.0","0.0"
"82824-78140","16","7680.0","2688.0","0.0","0.0"
"82824-78140","3","-17279.0","7707.0","0.0","0.0"
"82824-78140","4","17325.0","7646.0","0.0","0.0"
"82824-78140","18","15350.0","2688.0","0.0","0.0"
"82824-78140","22","34560.0","2688.0","0.0","0.0"
"82824-78140","5","24960.0","7688.0","0.0","0.0"
"82824-78140","13","-7679.0","2686.0","0.0","0.0"
"82824-78140","14","-3839.0","2688.0","0.0","0.0"
"82824-78140","8","-30748.0","2688.0","0.0","0.0"
"82824-78140","10","-19207.0","2688.0","0.0","0.0"
"82824-78140","12","-11533.0","2686.0","0.0","0.0"
"82824-78140","6","32640.0","7688.0","0.0","0.0"
"90980-11258","1","0.0","3840.0","0.0","0.0"
"90980-12795","3","3832.0","4250.0","0.0","0.0"
"90980-12795","2","-9.0","4202.0","0.0","0.0"
"90980-12795","1","-3843.0","4211.0","0.0","0.0"
"82675-16030","1","5351.0","7872.0","0.0","0.0"
"90980-12906","24","4416.0","5760.0","0.0","0.0"
"90980-12906","28","-18623.0","5760.0","0.0","0.0"
"90980-12906","5","-22463.0","14976.0","0.0","0.0"
"90980-12906","13","-3263.0","10368.0","0.0","0.0"
"90980-12906","16","-18623.0","10380.0","0.0","0.0"
"90980-12906","11","8256.0","10368.0","0.0","0.0"
"90980-12906","18","-26303.0","10368.0","0.0","0.0"
"90980-12906","12","4416.0","10368.0","0.0","0.0"
"90980-12906","7","27456.0","10368.0","0.0","0.0"
"90980-12906","23","8256.0","5760.0","0.0","0.0"
"90980-12906","8","23616.0","10368.0","0.0","0.0"
"90980-12906","6","-26303.0","14976.0","0.0","0.0"
"90980-12906","9","19776.0","10368.0","0.0","0.0"
"90980-12906","21","19776.0","5760.0","0.0","0.0"
"90980-12906","3","19776.0","14976.0","0.0","0.0"
"90980-12906","29","-22463.0","5760.0","0.0","0.0"
"90980-12906","14","-7103.0","10368.0","0.0","0.0"
"90980-12906","27","-10943.0","5760.0","0.0","0.0"
"90980-12906","2","23616.0","14976.0","0.0","0.0"
"90980-12906","22","12096.0","5760.0","0.0","0.0"
"90980-12906","4","-18623.0","14976.0","0.0","0.0"
"90980-12906","19","27456.0","5760.0","0.0","0.0"
"90980-12906","17","-22463.0","10368.0","0.0","0.0"
"90980-12906","26","-7103.0","5760.0","0.0","0.0"
"90980-12906","25","-3263.0","5760.0","0.0","0.0"
"90980-12906","10","12096.0","10368.0","0.0","0.0"
"90980-12906","20","23616.0","5760.0","0.0","0.0"
"90980-12906","15","-10943.0","10368.0","0.0","0.0"
"90980-12906","30","-26303.0","5763.0","0.0","0.0"
"90980-12906","1","27456.0","14976.0","0.0","0.0"
"90980-12520","1","-8661.0","12667.0","0.0","0.0"
"90980-12520","2","-2858.0","12659.0","0.0","0.0"
"90980-12520","8","8649.0","6916.0","0.0","0.0"
"90980-12520","7","2885.0","6912.0","0.0","0.0"
"90980-12520","6","-2883.0","6920.0","0.0","0.0"
"90980-12520","3","2892.0","12629.0","0.0","0.0"
"90980-12520","5","-8641.0","6923.0","0.0","0.0"
"90980-12520","4","8630.0","12635.0","0.0","0.0"
"90980-11967","2","-959.0","3072.0","0.0","0.0"
"90980-11967","1","3648.0","3072.0","0.0","0.0"
"99159-10319","2","2.0","4608.0","0.0","0.0"
"99159-10319","1","5378.0","4608.0","0.0","0.0"
"99159-10319","3","-5373.0","4608.0","0.0","0.0"
"KANGO-12522","3","1924.0","10387.0","0.0","0.0"
"KANGO-12522","7","9982.0","5391.0","0.0","0.0"
"KANGO-12522","11","-5755.0","5772.0","0.0","0.0"
"KANGO-12522","2","5758.0","10387.0","0.0","0.0"
"KANGO-12522","5","-5755.0","10387.0","0.0","0.0"
"KANGO-12522","10","-1915.0","5772.0","0.0","0.0"
"KANGO-12522","1","9986.0","10777.0","0.0","0.0"
"KANGO-12522","12","-9975.0","5391.0","0.0","0.0"
"KANGO-12522","4","-1915.0","10387.0","0.0","0.0"
"KANGO-12522","6","-9975.0","10777.0","0.0","0.0"
"KANGO-12522","8","5764.0","5772.0","0.0","0.0"
"KANGO-12522","9","1924.0","5772.0","0.0","0.0"
"90980-12C39","3","191.0","8454.0","0.0","0.0"
"90980-12C39","2","-6336.0","8454.0","0.0","0.0"
"90980-12C39","5","13248.0","8454.0","0.0","0.0"
"90980-12C39","1","-12860.0","8454.0","0.0","0.0"
"90980-12C39","7","-6338.0","3075.0","0.0","0.0"
"90980-12C39","8","189.0","3075.0","0.0","0.0"
"90980-12C39","6","-12862.0","3075.0","0.0","0.0"
"90980-12C39","9","6715.0","3087.0","0.0","0.0"
"90980-12C39","10","13249.0","3074.0","0.0","0.0"
"90980-12C39","4","6719.0","8454.0","0.0","0.0"
"KANGO-12498","2","-1919.0","4992.0","0.0","0.0"
"KANGO-12498","1","1920.0","4992.0","0.0","0.0"
"82824-75020","1","14400.0","11520.0","0.0","0.0"
"82824-75020","9","2880.0","6144.0","0.0","0.0"
"82824-75020","6","-14400.0","11519.0","0.0","0.0"
"82824-75020","8","8640.0","6144.0","0.0","0.0"
"82824-75020","12","-14400.0","6144.0","0.0","0.0"
"82824-75020","5","-8640.0","11519.0","0.0","0.0"
"82824-75020","2","8640.0","11520.0","0.0","0.0"
"82824-75020","4","-2880.0","11520.0","0.0","0.0"
"82824-75020","11","-8640.0","6144.0","0.0","0.0"
"82824-75020","7","14400.0","6144.0","0.0","0.0"
"82824-75020","10","-2880.0","6144.0","0.0","0.0"
"82824-75020","3","2880.0","11520.0","0.0","0.0"
"KANGO-12F78","6","-4980.0","8441.0","0.0","0.0"
"KANGO-12F78","2","6546.0","5732.0","0.0","0.0"
"KANGO-12F78","4","-5002.0","13092.0","0.0","0.0"
"KANGO-12F78","7","-2678.0","3434.0","0.0","0.0"
"KANGO-12F78","3","-406.0","13034.0","0.0","0.0"
"KANGO-12F78","5","-358.0","8441.0","0.0","0.0"
"KANGO-12F78","1","6517.0","12684.0","0.0","0.0"
"90980-12C94","2","2304.0","8448.0","0.0","0.0"
"90980-12C94","5","0.0","4224.0","0.0","0.0"
"90980-12C94","1","2304.0","13056.0","0.0","0.0"
"90980-12C94","4","-2303.0","13056.0","0.0","0.0"
"90980-12C94","3","-2303.0","8448.0","0.0","0.0"
"90980-12B56","1","-7859.0","8732.0","0.0","0.0"
"90980-12B56","5","-7859.0","3379.0","0.0","0.0"
"90980-12B56","4","8257.0","8732.0","0.0","0.0"
"90980-12B56","8","8257.0","3360.0","0.0","0.0"
"90980-12B56","3","2885.0","8732.0","0.0","0.0"
"90980-12B56","2","-2487.0","8732.0","0.0","0.0"
"90980-12B56","6","-2487.0","3379.0","0.0","0.0"
"90980-12B56","7","2885.0","3360.0","0.0","0.0"
"90980-12E02","5","24960.0","12296.0","0.0","0.0"
"90980-12E02","15","3840.0","7296.0","0.0","0.0"
"90980-12E02","22","34560.0","7296.0","0.0","0.0"
"90980-12E02","6","32640.0","12296.0","0.0","0.0"
"90980-12E02","26","-19199.0","2688.0","0.0","0.0"
"90980-12E02","3","-17279.0","12296.0","0.0","0.0"
"90980-12E02","32","7680.0","2688.0","0.0","0.0"
"90980-12E02","16","7680.0","7296.0","0.0","0.0"
"90980-12E02","24","-30719.0","2688.0","0.0","0.0"
"90980-12E02","34","15360.0","2688.0","0.0","0.0"
"90980-12E02","28","-11519.0","2688.0","0.0","0.0"
"90980-12E02","30","-3839.0","2688.0","0.0","0.0"
"90980-12E02","12","-11519.0","7295.0","0.0","0.0"
"90980-12E02","10","-19199.0","7296.0","0.0","0.0"
"90980-12E02","21","30720.0","7296.0","0.0","0.0"
"90980-12E02","25","-26879.0","2688.0","0.0","0.0"
"90980-12E02","27","-15359.0","2688.0","0.0","0.0"
"90980-12E02","36","26880.0","2688.0","0.0","0.0"
"90980-12E02","1","-32639.0","12296.0","0.0","0.0"
"90980-12E02","38","34560.0","2688.0","0.0","0.0"
"90980-12E02","14","-3839.0","7296.0","0.0","0.0"
"90980-12E02","35","19200.0","2688.0","0.0","0.0"
"90980-12E02","8","-30719.0","7296.0","0.0","0.0"
"90980-12E02","37","30720.0","2688.0","0.0","0.0"
"90980-12E02","19","19200.0","7296.0","0.0","0.0"
"90980-12E02","23","-34559.0","2688.0","0.0","0.0"
"90980-12E02","17","11520.0","7296.0","0.0","0.0"
"90980-12E02","31","3840.0","2688.0","0.0","0.0"
"90980-12E02","4","17280.0","12296.0","0.0","0.0"
"90980-12E02","7","-34559.0","7296.0","0.0","0.0"
"90980-12E02","33","11520.0","2688.0","0.0","0.0"
"90980-12E02","11","-15359.0","7295.0","0.0","0.0"
"90980-12E02","29","-7679.0","2688.0","0.0","0.0"
"90980-12E02","2","-24959.0","12296.0","0.0","0.0"
"90980-12E02","9","-26879.0","7296.0","0.0","0.0"
"90980-12E02","18","15360.0","7296.0","0.0","0.0"
"90980-12E02","13","-7679.0","7296.0","0.0","0.0"
"90980-12E02","20","26880.0","7296.0","0.0","0.0"
"90980-12D68","3","2304.0","12288.0","0.0","0.0"
"90980-12D68","2","-2304.0","16896.0","0.0","0.0"
"90980-12D68","1","2304.0","16896.0","0.0","0.0"
"90980-12D68","4","-2304.0","12288.0","0.0","0.0"
"90980-12D68","5","0.0","7296.0","0.0","0.0"
"90980-12A37","1","-8146.0","3487.0","0.0","0.0"
"90980-12A37","3","2717.0","3486.0","0.0","0.0"
"90980-12A37","4","8147.0","3486.0","0.0","0.0"
"90980-12A37","2","-2714.0","3487.0","0.0","0.0"
"90980-12D12","1","-2881.0","7300.0","0.0","0.0"
"90980-12D12","2","2878.0","7300.0","0.0","0.0"
"90980-12D08","A-9","40320.0","9600.0","0.0","0.0"
"90980-12D08","D-6","-40319.0","14208.0","0.0","0.0"
"90980-12D08","D-5","-36479.0","14208.0","0.0","0.0"
"90980-12D08","D-4","-32639.0","14208.0","0.0","0.0"
"90980-12D08","D-11","-21119.0","9600.0","0.0","0.0"
"90980-12D08","B-1","27264.0","14208.0","0.0","0.0"
"90980-12D08","C-8","9600.0","9600.0","0.0","0.0"
"90980-12D08","D-7","-44159.0","14208.0","0.0","0.0"
"90980-12D08","D-16","-40319.0","9600.0","0.0","0.0"
"90980-12D08","D-12","-24959.0","9600.0","0.0","0.0"
"90980-12D08","D-17","-44159.0","9600.0","0.0","0.0"
"90980-12D08","B-6","18048.0","9600.0","0.0","0.0"
"90980-12D08","D-18","-47999.0","9600.0","0.0","0.0"
"90980-12D08","A-10","35712.0","9600.0","0.0","0.0"
"90980-12D08","C-11","-1919.0","9600.0","0.0","0.0"
"90980-12D08","A-8","44928.0","9600.0","0.0","0.0"
"90980-12D08","C-12","-5759.0","9600.0","0.0","0.0"
"90980-12D08","C-2","5760.0","14208.0","0.0","0.0"
"90980-12D08","C-4","-1919.0","14208.0","0.0","0.0"
"90980-12D08","D-8","-47999.0","14208.0","0.0","0.0"
"90980-12D08","B-3","18048.0","14208.0","0.0","0.0"
"90980-12D08","D-15","-36479.0","9600.0","0.0","0.0"
"90980-12D08","D-9","-51839.0","14208.0","0.0","0.0"
"90980-12D08","C-1","9600.0","14208.0","0.0","0.0"
"90980-12D08","C-9","5760.0","9600.0","0.0","0.0"
"90980-12D08","C-5","-5759.0","14208.0","0.0","0.0"
"90980-12D08","D-20","-55679.0","9600.0","0.0","0.0"
"90980-12D08","D-3","-28799.0","14208.0","0.0","0.0"
"90980-12D08","A-6","54144.0","9600.0","0.0","0.0"
"90980-12D08","A-2","49536.0","14208.0","0.0","0.0"
"90980-12D08","C-10","1920.0","9600.0","0.0","0.0"
"90980-12D08","A-1","54144.0","14208.0","0.0","0.0"
"90980-12D08","C-3","1920.0","14208.0","0.0","0.0"
"90980-12D08","C-6","-9599.0","14208.0","0.0","0.0"
"90980-12D08","D-13","-28799.0","9600.0","0.0","0.0"
"90980-12D08","D-14","-32639.0","9600.0","0.0","0.0"
"90980-12D08","A-4","40320.0","14208.0","0.0","0.0"
"90980-12D08","D-10","-55679.0","14208.0","0.0","0.0"
"90980-12D08","B-4","27264.0","9600.0","0.0","0.0"
"90980-12D08","C-7","-13439.0","14208.0","0.0","0.0"
"90980-12D08","A-5","35712.0","14208.0","0.0","0.0"
"90980-12D08","B-5","22656.0","9600.0","0.0","0.0"
"90980-12D08","C-14","-13439.0","9600.0","0.0","0.0"
"90980-12D08","B-2","22656.0","14208.0","0.0","0.0"
"90980-12D08","D-2","-24959.0","14208.0","0.0","0.0"
"90980-12D08","A-3","44928.0","14208.0","0.0","0.0"
"90980-12D08","A-7","49536.0","9600.0","0.0","0.0"
"90980-12D08","D-19","-51839.0","9600.0","0.0","0.0"
"90980-12D08","D-1","-21119.0","14208.0","0.0","0.0"
"90980-12D08","C-13","-9599.0","9600.0","0.0","0.0"
"90980-12379","9","-5770.0","9213.0","0.0","0.0"
"90980-12379","3","2.0","14972.0","0.0","0.0"
"90980-12379","5","-11511.0","14987.0","0.0","0.0"
"90980-12379","2","5754.0","14971.0","0.0","0.0"
"90980-12379","1","11497.0","14954.0","0.0","0.0"
"90980-12379","4","-5764.0","14975.0","0.0","0.0"
"90980-12379","8","1.0","9212.0","0.0","0.0"
"90980-12379","6","11507.0","9229.0","0.0","0.0"
"90980-12379","7","5761.0","9220.0","0.0","0.0"
"90980-12379","10","-11512.0","9226.0","0.0","0.0"
"90980-12554","18","-1947.0","4234.0","0.0","0.0"
"90980-12554","14","-17293.0","4232.0","0.0","0.0"
"90980-12554","16","-9597.0","4247.0","0.0","0.0"
"90980-12554","21","9599.0","4234.0","0.0","0.0"
"90980-12554","24","21082.0","4217.0","0.0","0.0"
"90980-12554","8","5766.0","8843.0","0.0","0.0"
"90980-12554","12","21120.0","8828.0","0.0","0.0"
"90980-12554","6","-1896.0","8847.0","0.0","0.0"
"90980-12554","17","-5781.0","4230.0","0.0","0.0"
"90980-12554","1","-21110.0","8826.0","0.0","0.0"
"90980-12554","23","17305.0","4214.0","0.0","0.0"
"90980-12554","9","9638.0","8833.0","0.0","0.0"
"90980-12554","5","-5740.0","8854.0","0.0","0.0"
"90980-12554","3","-13432.0","8852.0","0.0","0.0"
"90980-12554","2","-17283.0","8849.0","0.0","0.0"
"90980-12554","15","-13438.0","4240.0","0.0","0.0"
"90980-12554","11","17341.0","8839.0","0.0","0.0"
"90980-12554","4","-9626.0","8831.0","0.0","0.0"
"90980-12554","7","1958.0","8838.0","0.0","0.0"
"90980-12554","22","13424.0","4249.0","0.0","0.0"
"90980-12554","19","1890.0","4238.0","0.0","0.0"
"90980-12554","13","-21114.0","4230.0","0.0","0.0"
"90980-12554","20","5768.0","4243.0","0.0","0.0"
"90980-12554","10","13442.0","8838.0","0.0","0.0"
"99159-10486","2","-3839.0","5184.0","0.0","0.0"
"99159-10486","4","0.0","5184.0","0.0","0.0"
"99159-10486","3","0.0","13824.0","0.0","0.0"
"99159-10486","1","3840.0","5184.0","0.0","0.0"
"99159-10486","5","0.0","9984.0","0.0","0.0"
"90980-11858","2","-8145.0","3485.0","0.0","0.0"
"90980-11858","6","13590.0","3485.0","0.0","0.0"
"90980-11858","5","8161.0","3485.0","0.0","0.0"
"90980-11858","1","-13575.0","3485.0","0.0","0.0"
"90980-11858","4","2713.0","3466.0","0.0","0.0"
"90980-11858","3","-2716.0","3485.0","0.0","0.0"
"90980-12D56","2","-2495.0","10368.0","0.0","0.0"
"90980-12D56","5","0.0","6528.0","0.0","0.0"
"90980-12D56","4","2496.0","14208.0","0.0","0.0"
"90980-12D56","1","-2495.0","14208.0","0.0","0.0"
"90980-12D56","3","2496.0","10368.0","0.0","0.0"
"KANGO-12572","1","2878.0","8452.0","0.0","0.0"
"KANGO-12572","2","-2883.0","8452.0","0.0","0.0"
"90980-12734","4","-8622.0","11524.0","0.0","0.0"
"90980-12734","3","-2873.0","11532.0","0.0","0.0"
"90980-12734","1","8611.0","11527.0","0.0","0.0"
"90980-12734","5","8618.0","6150.0","0.0","0.0"
"90980-12734","2","2902.0","11504.0","0.0","0.0"
"90980-12734","6","2879.0","6146.0","0.0","0.0"
"90980-12734","7","-2858.0","6144.0","0.0","0.0"
"90980-12734","8","-8622.0","6153.0","0.0","0.0"
"90980-12C10","11","8843.0","3141.0","0.0","0.0"
"90980-12C10","4","3066.0","8538.0","0.0","0.0"
"90980-12C10","5","8826.0","8535.0","0.0","0.0"
"90980-12C10","3","-2686.0","8535.0","0.0","0.0"
"90980-12C10","12","14620.0","3137.0","0.0","0.0"
"90980-12C10","1","-14205.0","8521.0","0.0","0.0"
"90980-12C10","9","-2671.0","3141.0","0.0","0.0"
"90980-12C10","13","22301.0","6655.0","0.0","0.0"
"90980-12C10","7","-14188.0","3128.0","0.0","0.0"
"90980-12C10","8","-8435.0","3145.0","0.0","0.0"
"90980-12C10","10","3081.0","3145.0","0.0","0.0"
"90980-12C10","6","14591.0","8538.0","0.0","0.0"
"90980-12C10","2","-8451.0","8538.0","0.0","0.0"
"90980-12460","2","-13439.0","8832.0","0.0","0.0"
"90980-12460","7","5760.0","8832.0","0.0","0.0"
"90980-12460","14","-5759.0","4224.0","0.0","0.0"
"90980-12460","3","-9599.0","8832.0","0.0","0.0"
"90980-12460","1","-17279.0","8832.0","0.0","0.0"
"90980-12460","20","17280.0","4224.0","0.0","0.0"
"90980-12460","4","-5759.0","8832.0","0.0","0.0"
"90980-12460","5","-1919.0","8832.0","0.0","0.0"
"90980-12460","8","9600.0","8832.0","0.0","0.0"
"90980-12460","9","13440.0","8832.0","0.0","0.0"
"90980-12460","15","-1919.0","4224.0","0.0","0.0"
"90980-12460","10","17280.0","8832.0","0.0","0.0"
"90980-12460","19","13440.0","4224.0","0.0","0.0"
"90980-12460","6","1920.0","8832.0","0.0","0.0"
"90980-12460","16","1920.0","4224.0","0.0","0.0"
"90980-12460","12","-13439.0","4224.0","0.0","0.0"
"90980-12460","11","-17279.0","4224.0","0.0","0.0"
"90980-12460","18","9600.0","4224.0","0.0","0.0"
"90980-12460","13","-9599.0","4224.0","0.0","0.0"
"90980-12460","17","5760.0","4224.0","0.0","0.0"
"90980-12C76","1","-9599.0","4224.0","0.0","0.0"
"90980-12C76","5","5760.0","4224.0","0.0","0.0"
"90980-12C76","3","-1919.0","4224.0","0.0","0.0"
"90980-12C76","6","9600.0","4224.0","0.0","0.0"
"90980-12C76","2","-5759.0","4224.0","0.0","0.0"
"90980-12C76","4","1920.0","4224.0","0.0","0.0"
"90980-09796","1","-6638.0","2687.0","0.0","0.0"
"90980-09796","2","4881.0","2687.0","0.0","0.0"
"G92SF-10020","4","3466.0","3191.0","0.0","0.0"
"G92SF-10020","3","-3465.0","3191.0","0.0","0.0"
"G92SF-10020","2","3565.0","8520.0","0.0","0.0"
"G92SF-10020","1","-3564.0","8520.0","0.0","0.0"
"KANGO-12D12","1","2485.0","8836.0","0.0","0.0"
"KANGO-12D12","2","-3274.0","8836.0","0.0","0.0"
"90980-12E98","14","5758.0","7296.0","0.0","0.0"
"90980-12E98","20","-23039.0","2691.0","0.0","0.0"
"90980-12E98","30","23040.0","2688.0","0.0","0.0"
"90980-12E98","12","-1922.0","7296.0","0.0","0.0"
"90980-12E98","21","-19199.0","2688.0","0.0","0.0"
"90980-12E98","11","-5764.0","7296.0","0.0","0.0"
"90980-12E98","4","19200.0","11904.0","0.0","0.0"
"90980-12E98","8","-17279.0","7296.0","0.0","0.0"
"90980-12E98","16","13436.0","7296.0","0.0","0.0"
"90980-12E98","25","-3.0","2688.0","0.0","0.0"
"90980-12E98","26","3840.0","2691.0","0.0","0.0"
"90980-12E98","22","-15359.0","2688.0","0.0","0.0"
"90980-12E98","17","17276.0","7296.0","0.0","0.0"
"90980-12E98","27","7680.0","2691.0","0.0","0.0"
"90980-12E98","2","-19199.0","11904.0","0.0","0.0"
"90980-12E98","5","23040.0","11904.0","0.0","0.0"
"90980-12E98","18","21120.0","7296.0","0.0","0.0"
"90980-12E98","9","-13439.0","7296.0","0.0","0.0"
"90980-12E98","3","-15359.0","11904.0","0.0","0.0"
"90980-12E98","23","-7679.0","2688.0","0.0","0.0"
"90980-12E98","1","-23039.0","11904.0","0.0","0.0"
"90980-12E98","13","1917.0","7296.0","0.0","0.0"
"90980-12E98","24","-3842.0","2688.0","0.0","0.0"
"90980-12E98","7","-21119.0","7296.0","0.0","0.0"
"90980-12E98","10","-9604.0","7296.0","0.0","0.0"
"90980-12E98","15","9598.0","7296.0","0.0","0.0"
"90980-12E98","6","-24959.0","7296.0","0.0","0.0"
"90980-12E98","28","15357.0","2688.0","0.0","0.0"
"90980-12E98","29","19197.0","2688.0","0.0","0.0"
"90980-12E98","19","24960.0","7296.0","0.0","0.0"
"KANGO-12C75","3","1920.0","5760.0","0.0","0.0"
"KANGO-12C75","4","-1920.0","5760.0","0.0","0.0"
"KANGO-12C75","2","5760.0","5760.0","0.0","0.0"
"KANGO-12C75","1","9600.0","5760.0","0.0","0.0"
"KANGO-12C75","6","-9600.0","5760.0","0.0","0.0"
"KANGO-12C75","5","-5760.0","5760.0","0.0","0.0"
"KANGO-12E65","27","0.0","13824.0","0.0","0.0"
"KANGO-12E65","35","20544.0","8640.0","0.0","0.0"
"KANGO-12E65","6","19197.0","18436.0","0.0","0.0"
"KANGO-12E65","34","26304.0","8640.0","0.0","0.0"
"KANGO-12E65","12","-7679.0","18432.0","0.0","0.0"
"KANGO-12E65","14","-27455.0","20160.0","0.0","0.0"
"KANGO-12E65","31","-21695.0","14400.0","0.0","0.0"
"KANGO-12E65","32","-27455.0","14400.0","0.0","0.0"
"KANGO-12E65","3","30708.0","18436.0","0.0","0.0"
"KANGO-12E65","8","7680.0","18432.0","0.0","0.0"
"KANGO-12E65","26","3840.0","13824.0","0.0","0.0"
"KANGO-12E65","16","-38975.0","20160.0","0.0","0.0"
"KANGO-12E65","36","14784.0","8640.0","0.0","0.0"
"KANGO-12E65","15","-33215.0","20160.0","0.0","0.0"
"KANGO-12E65","19","30727.0","13814.0","0.0","0.0"
"KANGO-12E65","38","3264.0","8640.0","0.0","0.0"
"KANGO-12E65","37","9024.0","8640.0","0.0","0.0"
"KANGO-12E65","24","11516.0","13822.0","0.0","0.0"
"KANGO-12E65","40","-15935.0","8640.0","0.0","0.0"
"KANGO-12E65","41","-21695.0","8640.0","0.0","0.0"
"KANGO-12E65","25","7676.0","13822.0","0.0","0.0"
"KANGO-12E65","4","26868.0","18436.0","0.0","0.0"
"KANGO-12E65","5","23037.0","18436.0","0.0","0.0"
"KANGO-12E65","30","-15935.0","14400.0","0.0","0.0"
"KANGO-12E65","33","37824.0","8640.0","0.0","0.0"
"KANGO-12E65","39","-2495.0","8640.0","0.0","0.0"
"KANGO-12E65","28","-3839.0","13824.0","0.0","0.0"
"KANGO-12E65","13","-15935.0","20160.0","0.0","0.0"
"KANGO-12E65","43","-36479.0","11136.0","0.0","0.0"
"KANGO-12E65","1","38391.0","18449.0","0.0","0.0"
"KANGO-12E65","11","-3839.0","18432.0","0.0","0.0"
"KANGO-12E65","18","34567.0","13814.0","0.0","0.0"
"KANGO-12E65","7","15358.0","18423.0","0.0","0.0"
"KANGO-12E65","29","-7679.0","13824.0","0.0","0.0"
"KANGO-12E65","9","3840.0","18432.0","0.0","0.0"
"KANGO-12E65","21","23037.0","13823.0","0.0","0.0"
"KANGO-12E65","23","15366.0","13819.0","0.0","0.0"
"KANGO-12E65","2","34557.0","18441.0","0.0","0.0"
"KANGO-12E65","20","26877.0","13823.0","0.0","0.0"
"KANGO-12E65","10","0.0","18432.0","0.0","0.0"
"KANGO-12E65","17","38396.0","13828.0","0.0","0.0"
"KANGO-12E65","42","-27455.0","8640.0","0.0","0.0"
"KANGO-12E65","22","19206.0","13819.0","0.0","0.0"
"DUMMY-BS001","1","2336.0","8832.0","0.0","0.0"
"99159-10347","2","2.0","5760.0","0.0","0.0"
"99159-10347","3","-5429.0","5760.0","0.0","0.0"
"99159-10347","1","5432.0","5760.0","0.0","0.0"
"KANGO-12C74","2","5760.0","5760.0","0.0","0.0"
"KANGO-12C74","6","-9600.0","5760.0","0.0","0.0"
"KANGO-12C74","1","9600.0","5760.0","0.0","0.0"
"KANGO-12C74","4","-1920.0","5760.0","0.0","0.0"
"KANGO-12C74","5","-5760.0","5760.0","0.0","0.0"
"KANGO-12C74","3","1920.0","5760.0","0.0","0.0"
"99159-10227","2","-3647.0","3264.0","0.0","0.0"
"99159-10227","1","1728.0","3263.0","0.0","0.0"
"90980-12E93","8","-17279.0","7296.0","0.0","0.0"
"90980-12E93","14","5760.0","7290.0","0.0","0.0"
"90980-12E93","3","-15359.0","11904.0","0.0","0.0"
"90980-12E93","6","-24959.0","7296.0","0.0","0.0"
"90980-12E93","16","13440.0","7301.0","0.0","0.0"
"90980-12E93","24","-3842.0","2688.0","0.0","0.0"
"90980-12E93","27","7675.0","2688.0","0.0","0.0"
"90980-12E93","18","21120.0","7296.0","0.0","0.0"
"90980-12E93","23","-7679.0","2688.0","0.0","0.0"
"90980-12E93","30","23040.0","2688.0","0.0","0.0"
"90980-12E93","9","-13439.0","7293.0","0.0","0.0"
"90980-12E93","17","17280.0","7301.0","0.0","0.0"
"90980-12E93","7","-21119.0","7296.0","0.0","0.0"
"90980-12E93","20","-23039.0","2688.0","0.0","0.0"
"90980-12E93","11","-5766.0","7296.0","0.0","0.0"
"90980-12E93","19","24960.0","7296.0","0.0","0.0"
"90980-12E93","28","15360.0","2688.0","0.0","0.0"
"90980-12E93","26","3835.0","2688.0","0.0","0.0"
"90980-12E93","25","-2.0","2688.0","0.0","0.0"
"90980-12E93","13","1920.0","7290.0","0.0","0.0"
"90980-12E93","10","-9606.0","7293.0","0.0","0.0"
"90980-12E93","4","19200.0","11904.0","0.0","0.0"
"90980-12E93","15","9600.0","7301.0","0.0","0.0"
"90980-12E93","12","-1919.0","7300.0","0.0","0.0"
"90980-12E93","5","23040.0","11904.0","0.0","0.0"
"90980-12E93","1","-23039.0","11904.0","0.0","0.0"
"90980-12E93","29","19200.0","2688.0","0.0","0.0"
"90980-12E93","22","-15359.0","2688.0","0.0","0.0"
"90980-12E93","2","-19199.0","11904.0","0.0","0.0"
"90980-12E93","21","-19199.0","2688.0","0.0","0.0"
"K8201-47700","1","0.0","3456.0","0.0","0.0"
"90980-11015","3","-2.0","4636.0","0.0","0.0"
"90980-11015","2","-2714.0","9340.0","0.0","0.0"
"90980-11015","1","2715.0","9340.0","0.0","0.0"
"KANGO-12C70","2","5760.0","5760.0","0.0","0.0"
"KANGO-12C70","4","-1919.0","5760.0","0.0","0.0"
"KANGO-12C70","6","-9599.0","5760.0","0.0","0.0"
"KANGO-12C70","3","1920.0","5760.0","0.0","0.0"
"KANGO-12C70","5","-5759.0","5760.0","0.0","0.0"
"KANGO-12C70","1","9600.0","5760.0","0.0","0.0"
"KANGO-12326","12","-11536.0","8452.0","0.0","0.0"
"KANGO-12326","13","-17298.0","8496.0","0.0","0.0"
"KANGO-12326","10","-16.0","8452.0","0.0","0.0"
"KANGO-12326","11","-5776.0","8452.0","0.0","0.0"
"KANGO-12326","3","5758.0","14212.0","0.0","0.0"
"KANGO-12326","1","17278.0","14212.0","0.0","0.0"
"KANGO-12326","2","11518.0","14212.0","0.0","0.0"
"KANGO-12326","4","-5761.0","14212.0","0.0","0.0"
"KANGO-12326","7","17263.0","8452.0","0.0","0.0"
"KANGO-12326","8","11503.0","8452.0","0.0","0.0"
"KANGO-12326","5","-11521.0","14212.0","0.0","0.0"
"KANGO-12326","6","-17281.0","14256.0","0.0","0.0"
"KANGO-12326","9","5743.0","8452.0","0.0","0.0"
"82824-78130","6","-31149.0","10760.0","0.0","0.0"
"82824-78130","18","-13820.0","5738.0","0.0","0.0"
"82824-78130","21","-29167.0","5760.0","0.0","0.0"
"82824-78130","2","26496.0","10760.0","0.0","0.0"
"82824-78130","22","-33023.0","5760.0","0.0","0.0"
"82824-78130","3","18769.0","10354.0","0.0","0.0"
"82824-78130","16","-6143.0","5760.0","0.0","0.0"
"82824-78130","7","36096.0","5993.0","0.0","0.0"
"82824-78130","20","-25327.0","5760.0","0.0","0.0"
"82824-78130","15","-2303.0","5760.0","0.0","0.0"
"82824-78130","5","-23471.0","10350.0","0.0","0.0"
"82824-78130","1","34176.0","10760.0","0.0","0.0"
"82824-78130","8","32256.0","5799.0","0.0","0.0"
"82824-78130","19","-17660.0","5760.0","0.0","0.0"
"82824-78130","12","13048.0","5785.0","0.0","0.0"
"82824-78130","10","20736.0","5785.0","0.0","0.0"
"82824-78130","9","28416.0","5760.0","0.0","0.0"
"82824-78130","11","16888.0","5785.0","0.0","0.0"
"82824-78130","14","5376.0","5799.0","0.0","0.0"
"82824-78130","4","-15788.0","10739.0","0.0","0.0"
"82824-78130","17","-9983.0","5739.0","0.0","0.0"
"82824-78130","13","9216.0","5785.0","0.0","0.0"
"KANGO-12C05","23","-5625.0","18240.0","0.0","0.0"
"KANGO-12C05","46","-49585.0","14784.0","0.0","0.0"
"KANGO-12C05","17","28872.0","18240.0","0.0","0.0"
"KANGO-12C05","32","34606.0","12480.0","0.0","0.0"
"KANGO-12C05","11","-20098.0","26621.0","0.0","0.0"
"KANGO-12C05","44","-34501.0","12505.0","0.0","0.0"
"KANGO-12C05","29","-40261.0","18265.0","0.0","0.0"
"KANGO-12C05","22","72.0","18240.0","0.0","0.0"
"KANGO-12C05","26","-23000.0","18252.0","0.0","0.0"
"KANGO-12C05","7","2967.0","26621.0","0.0","0.0"
"KANGO-12C05","15","40366.0","18240.0","0.0","0.0"
"KANGO-12C05","10","-14338.0","26621.0","0.0","0.0"
"KANGO-12C05","37","5832.0","12480.0","0.0","0.0"
"KANGO-12C05","6","8727.0","26621.0","0.0","0.0"
"KANGO-12C05","13","-37662.0","26547.0","0.0","0.0"
"KANGO-12C05","8","-2792.0","26621.0","0.0","0.0"
"KANGO-12C05","12","-28561.0","26496.0","0.0","0.0"
"KANGO-12C05","30","49870.0","14784.0","0.0","0.0"
"KANGO-12C05","41","-17233.0","12480.0","0.0","0.0"
"KANGO-12C05","36","11592.0","12480.0","0.0","0.0"
"KANGO-12C05","4","20221.0","26621.0","0.0","0.0"
"KANGO-12C05","43","-28767.0","12505.0","0.0","0.0"
"KANGO-12C05","42","-23000.0","12492.0","0.0","0.0"
"KANGO-12C05","20","11592.0","18240.0","0.0","0.0"
"KANGO-12C05","1","50014.0","26688.0","0.0","0.0"
"KANGO-12C05","40","-11499.0","12480.0","0.0","0.0"
"KANGO-12C05","45","-40261.0","12505.0","0.0","0.0"
"KANGO-12C05","21","5832.0","18240.0","0.0","0.0"
"KANGO-12C05","18","23112.0","18240.0","0.0","0.0"
"KANGO-12C05","28","-34527.0","18265.0","0.0","0.0"
"KANGO-12C05","31","40366.0","12480.0","0.0","0.0"
"KANGO-12C05","33","28846.0","12480.0","0.0","0.0"
"KANGO-12C05","14","-49441.0","26688.0","0.0","0.0"
"KANGO-12C05","24","-11229.0","18240.0","0.0","0.0"
"KANGO-12C05","9","-8552.0","26621.0","0.0","0.0"
"KANGO-12C05","3","28816.0","26476.0","0.0","0.0"
"KANGO-12C05","34","23086.0","12480.0","0.0","0.0"
"KANGO-12C05","5","14487.0","26621.0","0.0","0.0"
"KANGO-12C05","19","17352.0","18240.0","0.0","0.0"
"KANGO-12C05","16","34632.0","18240.0","0.0","0.0"
"KANGO-12C05","35","17326.0","12480.0","0.0","0.0"
"KANGO-12C05","2","37870.0","26496.0","0.0","0.0"
"KANGO-12C05","38","72.0","12480.0","0.0","0.0"
"KANGO-12C05","27","-28793.0","18265.0","0.0","0.0"
"KANGO-12C05","39","-5713.0","12480.0","0.0","0.0"
"KANGO-12C05","25","-17207.0","18240.0","0.0","0.0"
"90980-12D63","4","2304.0","9600.0","0.0","0.0"
"90980-12D63","5","0.0","4608.0","0.0","0.0"
"90980-12D63","1","-2304.0","14208.0","0.0","0.0"
"90980-12D63","2","2304.0","14208.0","0.0","0.0"
"90980-12D63","3","-2304.0","9600.0","0.0","0.0"
"90980-11385","1","4231.0","5003.0","0.0","0.0"
"90980-11385","2","-379.0","4984.0","0.0","0.0"
"90980-11385","3","-4989.0","4984.0","0.0","0.0"
"90980-12D37","1","-5429.0","4608.0","0.0","0.0"
"90980-12D37","2","0.0","4608.0","0.0","0.0"
"90980-12D37","3","5430.0","4608.0","0.0","0.0"
"KANGO-12F89","2","-3057.0","13458.0","0.0","0.0"
"KANGO-12F89","3","384.0","8064.0","0.0","0.0"
"KANGO-12F89","1","3860.0","13458.0","0.0","0.0"
"90980-12381","1","2913.0","19204.0","0.0","0.0"
"90980-12381","3","2913.0","13444.0","0.0","0.0"
"90980-12381","6","-2846.0","7684.0","0.0","0.0"
"90980-12381","2","-2846.0","19204.0","0.0","0.0"
"90980-12381","4","-2846.0","13444.0","0.0","0.0"
"90980-12381","5","2913.0","7684.0","0.0","0.0"
"KANGO-12129","B-1","-959.0","4991.0","0.0","0.0"
"KANGO-12129","C-1","8256.0","4991.0","0.0","0.0"
"KANGO-12129","A-1","-10175.0","4991.0","0.0","0.0"
"82824-47700","1","2.0","2693.0","0.0","0.0"
"90980-12B21","42","30739.0","7885.0","0.0","0.0"
"90980-12B21","43","26925.0","7866.0","0.0","0.0"
"90980-12B21","55","-19160.0","7904.0","0.0","0.0"
"90980-12B21","58","-30654.0","7906.0","0.0","0.0"
"90980-12B21","5","32029.0","17934.0","0.0","0.0"
"90980-12B21","21","30768.0","12491.0","0.0","0.0"
"90980-12B21","16","-31266.0","17957.0","0.0","0.0"
"90980-12B21","40","43609.0","7160.0","0.0","0.0"
"90980-12B21","13","-13905.0","17956.0","0.0","0.0"
"90980-12B21","62","-54343.0","7143.0","0.0","0.0"
"90980-12B21","10","3295.0","17936.0","0.0","0.0"
"90980-12B21","9","9019.0","17970.0","0.0","0.0"
"90980-12B21","38","55246.0","7134.0","0.0","0.0"
"90980-12B21","25","15386.0","12483.0","0.0","0.0"
"90980-12B21","57","-26834.0","7851.0","0.0","0.0"
"90980-12B21","60","-42810.0","7161.0","0.0","0.0"
"90980-12B21","6","26326.0","17936.0","0.0","0.0"
"90980-12B21","17","-37024.0","17951.0","0.0","0.0"
"90980-12B21","12","-8102.0","17963.0","0.0","0.0"
"90980-12B21","11","-2467.0","17958.0","0.0","0.0"
"90980-12B21","51","-3802.0","7881.0","0.0","0.0"
"90980-12B21","52","-7630.0","7900.0","0.0","0.0"
"90980-12B21","23","23080.0","12512.0","0.0","0.0"
"90980-12B21","59","-37055.0","7138.0","0.0","0.0"
"90980-12B21","33","-15320.0","12500.0","0.0","0.0"
"90980-12B21","47","11557.0","7898.0","0.0","0.0"
"90980-12B21","19","-48541.0","17958.0","0.0","0.0"
"90980-12B21","35","-22983.0","12508.0","0.0","0.0"
"90980-12B21","3","43627.0","17932.0","0.0","0.0"
"90980-12B21","27","7710.0","12515.0","0.0","0.0"
"90980-12B21","15","-25561.0","17932.0","0.0","0.0"
"90980-12B21","2","49380.0","17962.0","0.0","0.0"
"90980-12B21","44","23058.0","7893.0","0.0","0.0"
"90980-12B21","41","37840.0","7110.0","0.0","0.0"
"90980-12B21","1","55230.0","17951.0","0.0","0.0"
"90980-12B21","29","49.0","12496.0","0.0","0.0"
"90980-12B21","53","-11465.0","7912.0","0.0","0.0"
"90980-12B21","56","-23005.0","7860.0","0.0","0.0"
"90980-12B21","7","20567.0","17936.0","0.0","0.0"
"90980-12B21","34","-19159.0","12487.0","0.0","0.0"
"90980-12B21","46","15398.0","7888.0","0.0","0.0"
"90980-12B21","54","-15316.0","7892.0","0.0","0.0"
"90980-12B21","36","-26831.0","12488.0","0.0","0.0"
"90980-12B21","48","7728.0","7866.0","0.0","0.0"
"90980-12B21","8","14807.0","17931.0","0.0","0.0"
"90980-12B21","30","-3819.0","12542.0","0.0","0.0"
"90980-12B21","24","19242.0","12526.0","0.0","0.0"
"90980-12B21","45","19244.0","7874.0","0.0","0.0"
"90980-12B21","61","-48566.0","7160.0","0.0","0.0"
"90980-12B21","18","-42794.0","17961.0","0.0","0.0"
"90980-12B21","28","3890.0","12520.0","0.0","0.0"
"90980-12B21","14","-19757.0","17937.0","0.0","0.0"
"90980-12B21","50","38.0","7871.0","0.0","0.0"
"90980-12B21","49","3874.0","7903.0","0.0","0.0"
"90980-12B21","4","37868.0","17939.0","0.0","0.0"
"90980-12B21","20","-54305.0","17929.0","0.0","0.0"
"90980-12B21","26","11564.0","12507.0","0.0","0.0"
"90980-12B21","37","-30680.0","12487.0","0.0","0.0"
"90980-12B21","22","26925.0","12473.0","0.0","0.0"
"90980-12B21","32","-11491.0","12497.0","0.0","0.0"
"90980-12B21","31","-7623.0","12504.0","0.0","0.0"
"90980-12B21","39","49356.0","7153.0","0.0","0.0"
"90980-12978","2","-2881.0","8460.0","0.0","0.0"
"90980-12978","7","2878.0","3069.0","0.0","0.0"
"90980-12978","1","-8637.0","8460.0","0.0","0.0"
"90980-12978","5","-8633.0","3076.0","0.0","0.0"
"90980-12978","8","8634.0","3069.0","0.0","0.0"
"90980-12978","3","2874.0","8460.0","0.0","0.0"
"90980-12978","4","8630.0","8457.0","0.0","0.0"
"90980-12978","6","-2875.0","3076.0","0.0","0.0"
"90980-12D00","13","-27127.0","7788.0","0.0","0.0"
"90980-12D00","23","31214.0","4909.0","0.0","0.0"
"90980-12D00","2","-14848.0","10675.0","0.0","0.0"
"90980-12D00","9","25450.0","10675.0","0.0","0.0"
"90980-12D00","7","13937.0","10675.0","0.0","0.0"
"90980-12D00","8","19693.0","10675.0","0.0","0.0"
"90980-12D00","15","-14852.0","4909.0","0.0","0.0"
"90980-12D00","16","-9094.0","4909.0","0.0","0.0"
"90980-12D00","3","-9185.0","10729.0","0.0","0.0"
"90980-12D00","24","36979.0","4909.0","0.0","0.0"
"90980-12D00","17","-3334.0","4909.0","0.0","0.0"
"90980-12D00","5","2421.0","10675.0","0.0","0.0"
"90980-12D00","10","31214.0","10675.0","0.0","0.0"
"90980-12D00","4","-3336.0","10675.0","0.0","0.0"
"90980-12D00","19","8179.0","4909.0","0.0","0.0"
"90980-12D00","21","19691.0","4909.0","0.0","0.0"
"90980-12D00","22","25450.0","4909.0","0.0","0.0"
"90980-12D00","18","2423.0","4909.0","0.0","0.0"
"90980-12D00","20","13935.0","4909.0","0.0","0.0"
"90980-12D00","1","-20606.0","10675.0","0.0","0.0"
"90980-12D00","11","36979.0","10675.0","0.0","0.0"
"90980-12D00","14","-20608.0","4909.0","0.0","0.0"
"90980-12D00","12","-35578.0","7788.0","0.0","0.0"
"90980-12D00","6","8179.0","10675.0","0.0","0.0"
"90980-12976","15","3830.0","4237.0","0.0","0.0"
"90980-12976","9","-21100.0","4217.0","0.0","0.0"
"90980-12976","5","15352.0","8858.0","0.0","0.0"
"90980-12976","19","20176.0","3856.0","0.0","0.0"
"90980-12976","14","-15.0","4220.0","0.0","0.0"
"90980-12976","10","-15362.0","4242.0","0.0","0.0"
"90980-12976","17","11522.0","4235.0","0.0","0.0"
"90980-12976","12","-7709.0","4241.0","0.0","0.0"
"90980-12976","1","-25945.0","9208.0","0.0","0.0"
"90980-12976","18","15359.0","4233.0","0.0","0.0"
"90980-12976","16","7660.0","4229.0","0.0","0.0"
"90980-12976","4","11481.0","8852.0","0.0","0.0"
"90980-12976","13","-3858.0","4222.0","0.0","0.0"
"90980-12976","7","25935.0","9229.0","0.0","0.0"
"90980-12976","3","-11537.0","8850.0","0.0","0.0"
"90980-12976","6","20192.0","9227.0","0.0","0.0"
"90980-12976","8","-26934.0","4217.0","0.0","0.0"
"90980-12976","11","-11547.0","4241.0","0.0","0.0"
"90980-12976","2","-20217.0","9209.0","0.0","0.0"
"90980-12976","20","25971.0","3883.0","0.0","0.0"
"99159-10273","1","2304.0","5742.0","0.0","0.0"
"99159-10273","2","-2303.0","5742.0","0.0","0.0"
"90980-12B05","3","-2876.0","6519.0","0.0","0.0"
"90980-12B05","2","2889.0","12281.0","0.0","0.0"
"90980-12B05","4","2882.0","6523.0","0.0","0.0"
"90980-12B05","1","-2881.0","12271.0","0.0","0.0"
"90980-10868","4","-2714.0","4635.0","0.0","0.0"
"90980-10868","2","-2714.0","10065.0","0.0","0.0"
"90980-10868","1","2715.0","10065.0","0.0","0.0"
"90980-10868","3","2715.0","4635.0","0.0","0.0"
"90980-12414","2","-11539.0","13419.0","0.0","0.0"
"90980-12414","4","-3785.0","13479.0","0.0","0.0"
"90980-12414","3","-7668.0","13439.0","0.0","0.0"
"90980-12414","21","44.0","4182.0","0.0","0.0"
"90980-12414","16","11534.0","8877.0","0.0","0.0"
"90980-12414","12","-3492.0","8733.0","0.0","0.0"
"90980-12414","10","-11523.0","8853.0","0.0","0.0"
"90980-12414","9","16508.0","12662.0","0.0","0.0"
"90980-12414","8","11508.0","13466.0","0.0","0.0"
"90980-12414","20","-3829.0","4271.0","0.0","0.0"
"90980-12414","24","11537.0","4274.0","0.0","0.0"
"90980-12414","11","-7681.0","8830.0","0.0","0.0"
"90980-12414","19","-7619.0","4224.0","0.0","0.0"
"90980-12414","14","3885.0","8853.0","0.0","0.0"
"90980-12414","5","31.0","13408.0","0.0","0.0"
"90980-12414","23","7635.0","4284.0","0.0","0.0"
"90980-12414","17","-16469.0","5578.0","0.0","0.0"
"90980-12414","18","-11534.0","4247.0","0.0","0.0"
"90980-12414","1","-16503.0","12671.0","0.0","0.0"
"90980-12414","25","16532.0","5567.0","0.0","0.0"
"90980-12414","22","3822.0","4265.0","0.0","0.0"
"90980-12414","7","7663.0","13518.0","0.0","0.0"
"90980-12414","15","7696.0","8823.0","0.0","0.0"
"90980-12414","13","5.0","8857.0","0.0","0.0"
"90980-12414","6","3816.0","13436.0","0.0","0.0"
"90980-12727","6","1920.0","3840.0","0.0","0.0"
"90980-12727","7","-1919.0","3840.0","0.0","0.0"
"90980-12727","2","1920.0","8448.0","0.0","0.0"
"90980-12727","3","-1919.0","8448.0","0.0","0.0"
"90980-12727","8","-5759.0","3840.0","0.0","0.0"
"90980-12727","4","-5759.0","8448.0","0.0","0.0"
"90980-12727","1","5760.0","8448.0","0.0","0.0"
"90980-12727","5","5760.0","3840.0","0.0","0.0"
"99159-10114","1","-959.0","2688.0","0.0","0.0"
"KANGO-12D06","15","3676.0","37366.0","0.0","0.0"
"KANGO-12D06","32","-1807.0","26436.0","0.0","0.0"
"KANGO-12D06","5","3656.0","42850.0","0.0","0.0"
"KANGO-12D06","52","-12698.0","14150.0","0.0","0.0"
"KANGO-12D06","4","9105.0","42850.0","0.0","0.0"
"KANGO-12D06","28","20004.0","26439.0","0.0","0.0"
"KANGO-12D06","44","-12664.0","19656.0","0.0","0.0"
"KANGO-12D06","60","-1787.0","8712.0","0.0","0.0"
"KANGO-12D06","12","20027.0","37366.0","0.0","0.0"
"KANGO-12D06","23","3620.0","31900.0","0.0","0.0"
"KANGO-12D06","38","20059.0","19661.0","0.0","0.0"
"KANGO-12D06","58","9121.0","8715.0","0.0","0.0"
"KANGO-12D06","61","-7249.0","8710.0","0.0","0.0"
"KANGO-12D06","51","-7248.0","14150.0","0.0","0.0"
"KANGO-12D06","26","-12741.0","31897.0","0.0","0.0"
"KANGO-12D06","29","14553.0","26439.0","0.0","0.0"
"KANGO-12D06","20","19981.0","31903.0","0.0","0.0"
"KANGO-12D06","25","-7290.0","31897.0","0.0","0.0"
"KANGO-12D06","53","-20228.0","13700.0","0.0","0.0"
"KANGO-12D06","19","25432.0","31903.0","0.0","0.0"
"KANGO-12D06","40","9159.0","19661.0","0.0","0.0"
"KANGO-12D06","59","3672.0","8715.0","0.0","0.0"
"KANGO-12D06","14","9127.0","37366.0","0.0","0.0"
"KANGO-12D06","46","20025.0","14155.0","0.0","0.0"
"KANGO-12D06","55","25474.0","8715.0","0.0","0.0"
"KANGO-12D06","6","-1806.0","42847.0","0.0","0.0"
"KANGO-12D06","17","-7246.0","37361.0","0.0","0.0"
"KANGO-12D06","57","14572.0","8715.0","0.0","0.0"
"KANGO-12D06","45","25476.0","14155.0","0.0","0.0"
"KANGO-12D06","16","-1784.0","37363.0","0.0","0.0"
"KANGO-12D06","37","25510.0","19661.0","0.0","0.0"
"KANGO-12D06","27","25455.0","26439.0","0.0","0.0"
"KANGO-12D06","54","-27909.0","13754.0","0.0","0.0"
"KANGO-12D06","9","-20228.0","40580.0","0.0","0.0"
"KANGO-12D06","18","-12696.0","37361.0","0.0","0.0"
"KANGO-12D06","56","20023.0","8715.0","0.0","0.0"
"KANGO-12D06","39","14608.0","19661.0","0.0","0.0"
"KANGO-12D06","21","14532.0","31903.0","0.0","0.0"
"KANGO-12D06","10","-27908.0","40579.0","0.0","0.0"
"KANGO-12D06","24","-1840.0","31897.0","0.0","0.0"
"KANGO-12D06","7","-7269.0","42844.0","0.0","0.0"
"KANGO-12D06","36","-27908.0","27524.0","0.0","0.0"
"KANGO-12D06","22","9081.0","31903.0","0.0","0.0"
"KANGO-12D06","34","-12719.0","26434.0","0.0","0.0"
"KANGO-12D06","62","-12700.0","8710.0","0.0","0.0"
"KANGO-12D06","49","3676.0","14155.0","0.0","0.0"
"KANGO-12D06","13","14578.0","37366.0","0.0","0.0"
"KANGO-12D06","8","-12719.0","42844.0","0.0","0.0"
"KANGO-12D06","30","9104.0","26439.0","0.0","0.0"
"KANGO-12D06","2","20006.0","42850.0","0.0","0.0"
"KANGO-12D06","11","25478.0","37366.0","0.0","0.0"
"KANGO-12D06","41","3710.0","19661.0","0.0","0.0"
"KANGO-12D06","42","-1752.0","19658.0","0.0","0.0"
"KANGO-12D06","50","-1786.0","14152.0","0.0","0.0"
"KANGO-12D06","43","-7214.0","19656.0","0.0","0.0"
"KANGO-12D06","35","-20228.0","27524.0","0.0","0.0"
"KANGO-12D06","48","9125.0","14155.0","0.0","0.0"
"KANGO-12D06","1","25456.0","42850.0","0.0","0.0"
"KANGO-12D06","3","14554.0","42850.0","0.0","0.0"
"KANGO-12D06","33","-7269.0","26434.0","0.0","0.0"
"KANGO-12D06","47","14574.0","14155.0","0.0","0.0"
"KANGO-12D06","31","3655.0","26439.0","0.0","0.0"
"90980-12D59","4","2304.0","9600.0","0.0","0.0"
"90980-12D59","5","0.0","4608.0","0.0","0.0"
"90980-12D59","1","-2304.0","14208.0","0.0","0.0"
"90980-12D59","2","2304.0","14208.0","0.0","0.0"
"90980-12D59","3","-2304.0","9600.0","0.0","0.0"
"90980-12003","7","11520.0","7680.0","0.0","0.0"
"90980-12003","6","6912.0","7680.0","0.0","0.0"
"90980-12003","1","-11519.0","13056.0","0.0","0.0"
"90980-12003","9","-2303.0","2304.0","0.0","0.0"
"90980-12003","11","6912.0","2304.0","0.0","0.0"
"90980-12003","2","11520.0","13056.0","0.0","0.0"
"90980-12003","3","-11519.0","7680.0","0.0","0.0"
"90980-12003","5","0.0","7680.0","0.0","0.0"
"90980-12003","8","-6911.0","2304.0","0.0","0.0"
"90980-12003","4","-6911.0","7680.0","0.0","0.0"
"90980-12003","10","2304.0","2304.0","0.0","0.0"
"90980-12B04","1","2889.0","12102.0","0.0","0.0"
"90980-12B04","3","2885.0","6327.0","0.0","0.0"
"90980-12B04","2","-2887.0","12099.0","0.0","0.0"
"90980-12B04","4","-2885.0","6332.0","0.0","0.0"
"K8201-47560","1","0.0","3456.0","0.0","0.0"
"90980-12D34","1","-2717.0","4224.0","0.0","0.0"
"90980-12D34","2","2714.0","4224.0","0.0","0.0"
"90980-10859","2","-1919.0","5376.0","0.0","0.0"
"90980-10859","1","1920.0","5376.0","0.0","0.0"
"99159-10547","3","0.0","13056.0","0.0","0.0"
"99159-10547","5","0.0","9216.0","0.0","0.0"
"99159-10547","1","-3839.0","4416.0","0.0","0.0"
"99159-10547","2","3840.0","4416.0","0.0","0.0"
"99159-10547","4","0.0","4416.0","0.0","0.0"
"90980-11246","1","-1439.0","2688.0","0.0","0.0"
"90980-11246","2","3936.0","2687.0","0.0","0.0"
"KANGO-12092","3","3840.0","4608.0","0.0","0.0"
"KANGO-12092","1","11904.0","4224.0","0.0","0.0"
"KANGO-12092","5","-3839.0","4608.0","0.0","0.0"
"KANGO-12092","2","7680.0","4608.0","0.0","0.0"
"KANGO-12092","7","-11903.0","4224.0","0.0","0.0"
"KANGO-12092","6","-7679.0","4608.0","0.0","0.0"
"KANGO-12092","4","0.0","4608.0","0.0","0.0"
"90980-11074","1","2716.0","8091.0","0.0","0.0"
"90980-11074","2","-2713.0","8091.0","0.0","0.0"
"90980-12C98","3","-2303.0","8448.0","0.0","0.0"
"90980-12C98","4","-2303.0","13056.0","0.0","0.0"
"90980-12C98","1","2304.0","13056.0","0.0","0.0"
"90980-12C98","5","0.0","4224.0","0.0","0.0"
"90980-12C98","2","2304.0","8448.0","0.0","0.0"
"90980-12361","1","-7679.0","8832.0","0.0","0.0"
"90980-12361","4","3840.0","8832.0","0.0","0.0"
"90980-12361","5","7680.0","8832.0","0.0","0.0"
"90980-12361","6","-7679.0","4224.0","0.0","0.0"
"90980-12361","10","7680.0","4224.0","0.0","0.0"
"90980-12361","8","0.0","4224.0","0.0","0.0"
"90980-12361","9","3840.0","4224.0","0.0","0.0"
"90980-12361","7","-3839.0","4224.0","0.0","0.0"
"90980-12361","2","-3839.0","8832.0","0.0","0.0"
"90980-12361","3","0.0","8832.0","0.0","0.0"
"90980-12E22","2","-2112.0","9600.0","0.0","0.0"
"90980-12E22","4","-2112.0","4992.0","0.0","0.0"
"90980-12E22","3","2880.0","4992.0","0.0","0.0"
"90980-12E22","1","2880.0","9600.0","0.0","0.0"
"90980-12C77","1","-9600.0","4224.0","0.0","0.0"
"90980-12C77","6","9600.0","4224.0","0.0","0.0"
"90980-12C77","3","-1920.0","4224.0","0.0","0.0"
"90980-12C77","2","-5760.0","4224.0","0.0","0.0"
"90980-12C77","5","5760.0","4224.0","0.0","0.0"
"90980-12C77","4","1920.0","4224.0","0.0","0.0"
"KANGO-12F90","3","-6527.0","12864.0","0.0","0.0"
"KANGO-12F90","1","-6527.0","17670.0","0.0","0.0"
"KANGO-12F90","2","384.0","17664.0","0.0","0.0"
"KANGO-12F90","4","384.0","12864.0","0.0","0.0"
"90980-10959","2","-2714.0","6912.0","0.0","0.0"
"90980-10959","1","2715.0","6912.0","0.0","0.0"
"90980-12B22","34","19032.0","11339.0","0.0","0.0"
"90980-12B22","19","49147.0","16772.0","0.0","0.0"
"90980-12B22","7","-19962.0","16795.0","0.0","0.0"
"90980-12B22","22","-27045.0","11337.0","0.0","0.0"
"90980-12B22","61","49193.0","5970.0","0.0","0.0"
"90980-12B22","21","-30874.0","11324.0","0.0","0.0"
"90980-12B22","30","3667.0","11349.0","0.0","0.0"
"90980-12B22","37","30537.0","11329.0","0.0","0.0"
"90980-12B22","59","37699.0","5954.0","0.0","0.0"
"90980-12B22","47","-11700.0","6758.0","0.0","0.0"
"90980-12B22","24","-19367.0","11349.0","0.0","0.0"
"90980-12B22","52","7513.0","6741.0","0.0","0.0"
"90980-12B22","25","-15528.0","11356.0","0.0","0.0"
"90980-12B22","55","19042.0","6743.0","0.0","0.0"
"90980-12B22","46","-15538.0","6709.0","0.0","0.0"
"90980-12B22","2","-48759.0","16804.0","0.0","0.0"
"90980-12B22","49","-4002.0","6734.0","0.0","0.0"
"90980-12B22","57","26700.0","6734.0","0.0","0.0"
"90980-12B22","39","-48763.0","5970.0","0.0","0.0"
"90980-12B22","44","-23227.0","6745.0","0.0","0.0"
"90980-12B22","14","20384.0","16781.0","0.0","0.0"
"90980-12B22","42","-30876.0","6739.0","0.0","0.0"
"90980-12B22","10","-2712.0","16771.0","0.0","0.0"
"90980-12B22","13","14499.0","16787.0","0.0","0.0"
"90980-12B22","43","-27053.0","6728.0","0.0","0.0"
"90980-12B22","50","-165.0","6730.0","0.0","0.0"
"90980-12B22","54","15197.0","6737.0","0.0","0.0"
"90980-12B22","11","3060.0","16787.0","0.0","0.0"
"90980-12B22","51","3672.0","6735.0","0.0","0.0"
"90980-12B22","26","-11690.0","11332.0","0.0","0.0"
"90980-12B22","31","7499.0","11368.0","0.0","0.0"
"90980-12B22","29","-166.0","11361.0","0.0","0.0"
"90980-12B22","15","26185.0","16775.0","0.0","0.0"
"90980-12B22","41","-37246.0","5979.0","0.0","0.0"
"90980-12B22","33","15184.0","11337.0","0.0","0.0"
"90980-12B22","58","30533.0","6740.0","0.0","0.0"
"90980-12B22","56","22860.0","6738.0","0.0","0.0"
"90980-12B22","12","8689.0","16838.0","0.0","0.0"
"90980-12B22","36","26712.0","11354.0","0.0","0.0"
"90980-12B22","48","-7848.0","6738.0","0.0","0.0"
"90980-12B22","32","11352.0","11346.0","0.0","0.0"
"90980-12B22","38","-54602.0","5950.0","0.0","0.0"
"90980-12B22","60","43444.0","5970.0","0.0","0.0"
"90980-12B22","8","-14191.0","16773.0","0.0","0.0"
"90980-12B22","3","-43008.0","16797.0","0.0","0.0"
"90980-12B22","20","54934.0","16807.0","0.0","0.0"
"90980-12B22","45","-19350.0","6729.0","0.0","0.0"
"90980-12B22","4","-37187.0","16775.0","0.0","0.0"
"90980-12B22","18","43398.0","16798.0","0.0","0.0"
"90980-12B22","23","-23197.0","11350.0","0.0","0.0"
"90980-12B22","17","37662.0","16812.0","0.0","0.0"
"90980-12B22","6","-25710.0","16821.0","0.0","0.0"
"90980-12B22","35","22880.0","11355.0","0.0","0.0"
"90980-12B22","53","11363.0","6736.0","0.0","0.0"
"90980-12B22","28","-4002.0","11351.0","0.0","0.0"
"90980-12B22","5","-31460.0","16757.0","0.0","0.0"
"90980-12B22","9","-8433.0","16823.0","0.0","0.0"
"90980-12B22","27","-7833.0","11354.0","0.0","0.0"
"90980-12B22","62","54930.0","5977.0","0.0","0.0"
"90980-12B22","16","31883.0","16788.0","0.0","0.0"
"90980-12B22","40","-42998.0","5972.0","0.0","0.0"
"90980-12B22","1","-54620.0","16793.0","0.0","0.0"
"82824-47720","1","-11.0","3455.0","0.0","0.0"
"99159-10425","4","-8063.0","4224.0","0.0","0.0"
"99159-10425","2","2688.0","4224.0","0.0","0.0"
"99159-10425","1","8064.0","4224.0","0.0","0.0"
"99159-10425","3","-2660.0","4224.0","0.0","0.0"
"99159-10329","2","0.0","5376.0","0.0","0.0"
"99159-10329","3","-5431.0","5376.0","0.0","0.0"
"99159-10329","1","5430.0","5376.0","0.0","0.0"
"90980-50130","1","0.0","4224.0","0.0","0.0"
"90980-11918","2","2306.0","2316.0","0.0","0.0"
"90980-11918","1","-2304.0","2297.0","0.0","0.0"
"90980-12B37","9","-7681.0","21506.0","0.0","0.0"
"90980-12B37","18","5758.0","16896.0","0.0","0.0"
"90980-12B37","3","15358.0","21502.0","0.0","0.0"
"90980-12B37","24","23042.0","12292.0","0.0","0.0"
"90980-12B37","33","-11521.0","12288.0","0.0","0.0"
"90980-12B37","1","23038.0","21504.0","0.0","0.0"
"90980-12B37","13","24964.0","16900.0","0.0","0.0"
"90980-12B37","22","-9605.0","16896.0","0.0","0.0"
"90980-12B37","41","5756.0","7676.0","0.0","0.0"
"90980-12B37","11","-20157.0","17286.0","0.0","0.0"
"90980-12B37","10","-14401.0","17286.0","0.0","0.0"
"90980-12B37","38","17274.0","7676.0","0.0","0.0"
"90980-12B37","47","-17285.0","7676.0","0.0","0.0"
"90980-12B37","6","3838.0","21504.0","0.0","0.0"
"90980-12B37","43","-1925.0","7676.0","0.0","0.0"
"90980-12B37","14","21124.0","16900.0","0.0","0.0"
"90980-12B37","31","-3841.0","12288.0","0.0","0.0"
"90980-12B37","36","24958.0","7682.0","0.0","0.0"
"90980-12B37","21","-5763.0","16894.0","0.0","0.0"
"90980-12B37","20","-1919.0","16896.0","0.0","0.0"
"90980-12B37","15","17280.0","16898.0","0.0","0.0"
"90980-12B37","28","7676.0","12286.0","0.0","0.0"
"90980-12B37","27","11520.0","12288.0","0.0","0.0"
"90980-12B37","48","-21121.0","7678.0","0.0","0.0"
"90980-12B37","4","11514.0","21500.0","0.0","0.0"
"90980-12B37","26","15360.0","12288.0","0.0","0.0"
"90980-12B37","19","1920.0","16896.0","0.0","0.0"
"90980-12B37","44","-5765.0","7676.0","0.0","0.0"
"90980-12B37","40","9596.0","7676.0","0.0","0.0"
"90980-12B37","8","-3841.0","21504.0","0.0","0.0"
"90980-12B37","39","13434.0","7676.0","0.0","0.0"
"90980-12B37","5","7676.0","21502.0","0.0","0.0"
"90980-12B37","32","-7681.0","12288.0","0.0","0.0"
"90980-12B37","34","-15361.0","12288.0","0.0","0.0"
"90980-12B37","16","13438.0","16896.0","0.0","0.0"
"90980-12B37","12","-25917.0","17286.0","0.0","0.0"
"90980-12B37","46","-13445.0","7676.0","0.0","0.0"
"90980-12B37","7","-1.0","21504.0","0.0","0.0"
"90980-12B37","35","-19201.0","12288.0","0.0","0.0"
"90980-12B37","2","19200.0","21504.0","0.0","0.0"
"90980-12B37","37","21116.0","7678.0","0.0","0.0"
"90980-12B37","42","1914.0","7676.0","0.0","0.0"
"90980-12B37","45","-9605.0","7676.0","0.0","0.0"
"90980-12B37","17","9598.0","16896.0","0.0","0.0"
"90980-12B37","23","26882.0","12292.0","0.0","0.0"
"90980-12B37","25","19200.0","12290.0","0.0","0.0"
"90980-12B37","30","-1.0","12288.0","0.0","0.0"
"90980-12B37","29","3836.0","12286.0","0.0","0.0"
"KANGO-98237","2","4051.0","9297.0","0.0","0.0"
"KANGO-98237","1","-1378.0","14726.0","0.0","0.0"
"KANGO-98237","3","-1378.0","3863.0","0.0","0.0"
"90980-12808","1","-3437.0","3099.0","0.0","0.0"
"90980-12808","2","2316.0","3097.0","0.0","0.0"
"90980-12012","1","-4607.0","7680.0","0.0","0.0"
"90980-12012","6","4608.0","2304.0","0.0","0.0"
"90980-12012","4","-4607.0","2304.0","0.0","0.0"
"90980-12012","3","4608.0","7680.0","0.0","0.0"
"90980-12012","2","0.0","7680.0","0.0","0.0"
"90980-12012","5","0.0","2304.0","0.0","0.0"
"KANGO-12A85","4","-8591.0","6979.0","0.0","0.0"
"KANGO-12A85","2","2920.0","7031.0","0.0","0.0"
"KANGO-12A85","3","-2830.0","7019.0","0.0","0.0"
"KANGO-12A85","1","8680.0","7038.0","0.0","0.0"
"90980-12807","1","2891.0","6143.0","0.0","0.0"
"90980-12807","2","-2874.0","6138.0","0.0","0.0"
"90980-11929","4","-2687.0","3839.0","0.0","0.0"
"90980-11929","3","2688.0","3839.0","0.0","0.0"
"90980-11929","1","2688.0","9216.0","0.0","0.0"
"90980-11929","2","-2687.0","9216.0","0.0","0.0"
"90980-12190","2","4608.0","6912.0","0.0","0.0"
"90980-12190","5","4608.0","2304.0","0.0","0.0"
"90980-12190","1","0.0","6912.0","0.0","0.0"
"90980-12190","4","0.0","2304.0","0.0","0.0"
"90980-12190","3","-4607.0","4608.0","0.0","0.0"
"90980-10898","1","2717.0","6912.0","0.0","0.0"
"90980-10898","2","-2714.0","6912.0","0.0","0.0"
"KANGO-12012","4","4608.0","3456.0","0.0","0.0"
"KANGO-12012","6","-4607.0","3456.0","0.0","0.0"
"KANGO-12012","5","0.0","3456.0","0.0","0.0"
"KANGO-12012","2","0.0","8832.0","0.0","0.0"
"KANGO-12012","1","4608.0","8832.0","0.0","0.0"
"KANGO-12012","3","-4607.0","8832.0","0.0","0.0"
"99159-10250","2","-2716.0","5019.0","0.0","0.0"
"99159-10250","1","2715.0","5019.0","0.0","0.0"
"90980-12A94","1","-1918.0","8067.0","0.0","0.0"
"90980-12A94","4","1915.0","3472.0","0.0","0.0"
"90980-12A94","3","-1930.0","3440.0","0.0","0.0"
"90980-12A94","2","1917.0","8076.0","0.0","0.0"
"90980-12C23","8","4994.0","18048.0","0.0","0.0"
"90980-12C23","42","-761.0","4220.0","0.0","0.0"
"90980-12C23","31","4994.0","8832.0","0.0","0.0"
"90980-12C23","18","-4605.0","13440.0","0.0","0.0"
"90980-12C23","20","3074.0","13438.0","0.0","0.0"
"90980-12C23","13","-23811.0","13444.0","0.0","0.0"
"90980-12C23","16","-12285.0","13440.0","0.0","0.0"
"90980-12C23","27","-10365.0","8830.0","0.0","0.0"
"90980-12C23","5","-6525.0","18048.0","0.0","0.0"
"90980-12C23","25","-18049.0","8834.0","0.0","0.0"
"90980-12C23","28","-6521.0","8828.0","0.0","0.0"
"90980-12C23","45","10758.0","4220.0","0.0","0.0"
"90980-12C23","3","-14205.0","18048.0","0.0","0.0"
"90980-12C23","14","-19969.0","13442.0","0.0","0.0"
"90980-12C23","19","-767.0","13440.0","0.0","0.0"
"90980-12C23","9","8834.0","18050.0","0.0","0.0"
"90980-12C23","30","1154.0","8832.0","0.0","0.0"
"90980-12C23","39","-12285.0","4222.0","0.0","0.0"
"90980-12C23","1","-21881.0","18044.0","0.0","0.0"
"90980-12C23","15","-16125.0","13440.0","0.0","0.0"
"90980-12C23","2","-18043.0","18046.0","0.0","0.0"
"90980-12C23","22","10758.0","13438.0","0.0","0.0"
"90980-12C23","26","-14207.0","8832.0","0.0","0.0"
"90980-12C23","17","-8445.0","13440.0","0.0","0.0"
"90980-12C23","40","-8441.0","4220.0","0.0","0.0"
"90980-12C23","43","3078.0","4220.0","0.0","0.0"
"90980-12C23","29","-2683.0","8830.0","0.0","0.0"
"90980-12C23","38","-16125.0","4222.0","0.0","0.0"
"90980-12C23","12","27072.0","13828.0","0.0","0.0"
"90980-12C23","24","-21891.0","8836.0","0.0","0.0"
"90980-12C23","36","-23805.0","4305.0","0.0","0.0"
"90980-12C23","4","-10365.0","18048.0","0.0","0.0"
"90980-12C23","37","-19963.0","4222.0","0.0","0.0"
"90980-12C23","34","16512.0","8832.0","0.0","0.0"
"90980-12C23","23","-25729.0","8836.0","0.0","0.0"
"90980-12C23","41","-4601.0","4220.0","0.0","0.0"
"90980-12C23","44","6918.0","4220.0","0.0","0.0"
"90980-12C23","33","12674.0","8832.0","0.0","0.0"
"90980-12C23","47","18438.0","4220.0","0.0","0.0"
"90980-12C23","7","1154.0","18048.0","0.0","0.0"
"90980-12C23","11","21312.0","13832.0","0.0","0.0"
"90980-12C23","21","6918.0","13436.0","0.0","0.0"
"90980-12C23","46","14598.0","4220.0","0.0","0.0"
"90980-12C23","35","20352.0","8832.0","0.0","0.0"
"90980-12C23","6","-2685.0","18048.0","0.0","0.0"
"90980-12C23","32","8834.0","8832.0","0.0","0.0"
"90980-12C23","10","15554.0","13828.0","0.0","0.0"
"90980-12C23","48","22274.0","4222.0","0.0","0.0"
"99141-12005","1","3800.0","10153.0","0.0","0.0"
"90980-10825","1","-1341.0","3436.0","0.0","0.0"
"90980-10825","2","2488.0","3474.0","0.0","0.0"
"90980-12C72","1","-9600.0","4224.0","0.0","0.0"
"90980-12C72","4","1920.0","4224.0","0.0","0.0"
"90980-12C72","6","9600.0","4224.0","0.0","0.0"
"90980-12C72","2","-5760.0","4224.0","0.0","0.0"
"90980-12C72","5","5760.0","4224.0","0.0","0.0"
"90980-12C72","3","-1920.0","4224.0","0.0","0.0"
"90980-12D19","3","2703.0","9600.0","0.0","0.0"
"90980-12D19","8","8133.0","4170.0","0.0","0.0"
"90980-12D19","1","-8157.0","9600.0","0.0","0.0"
"90980-12D19","2","-2726.0","9600.0","0.0","0.0"
"90980-12D19","7","2703.0","4170.0","0.0","0.0"
"90980-12D19","4","8133.0","9600.0","0.0","0.0"
"90980-12D19","6","-2728.0","4170.0","0.0","0.0"
"90980-12D19","5","-8159.0","4170.0","0.0","0.0"
"90980-12D52","1","2514.0","10356.0","0.0","0.0"
"90980-12D52","2","-2495.0","10368.0","0.0","0.0"
"90980-12D52","3","0.0","6528.0","0.0","0.0"
"DZH21-10030","4","2304.0","2688.0","0.0","0.0"
"DZH21-10030","3","-2303.0","2688.0","0.0","0.0"
"DZH21-10030","1","-2303.0","8064.0","0.0","0.0"
"DZH21-10030","2","2304.0","8064.0","0.0","0.0"
"90980-12F88","1","1.0","21109.0","0.0","0.0"
"90980-12F88","2","-3455.0","15744.0","0.0","0.0"
"90980-12F88","4","0.0","10368.0","0.0","0.0"
"90980-12F88","3","3462.0","15744.0","0.0","0.0"
"90980-12802","21","4608.0","8832.0","0.0","0.0"
"90980-12802","1","-28992.0","14242.0","0.0","0.0"
"90980-12802","5","-10752.0","13439.0","0.0","0.0"
"90980-12802","10","8447.0","13440.0","0.0","0.0"
"90980-12802","23","13247.0","8064.0","0.0","0.0"
"90980-12802","13","24768.0","14208.0","0.0","0.0"
"90980-12802","19","-6911.0","8830.0","0.0","0.0"
"90980-12802","15","-23232.0","8064.0","0.0","0.0"
"90980-12802","3","-18432.0","13440.0","0.0","0.0"
"90980-12802","6","-6912.0","13439.0","0.0","0.0"
"90980-12802","7","-3062.0","13402.0","0.0","0.0"
"90980-12802","4","-14592.0","13440.0","0.0","0.0"
"90980-12802","14","-28992.0","8064.0","0.0","0.0"
"90980-12802","17","-14592.0","8832.0","0.0","0.0"
"90980-12802","16","-18432.0","8832.0","0.0","0.0"
"90980-12802","9","4608.0","13440.0","0.0","0.0"
"90980-12802","12","19008.0","14208.0","0.0","0.0"
"90980-12802","18","-10751.0","8830.0","0.0","0.0"
"90980-12802","20","768.0","8831.0","0.0","0.0"
"90980-12802","25","24768.0","8064.0","0.0","0.0"
"90980-12802","11","13248.0","14208.0","0.0","0.0"
"90980-12802","24","19008.0","8064.0","0.0","0.0"
"90980-12802","2","-23231.0","14208.0","0.0","0.0"
"90980-12802","8","777.0","13402.0","0.0","0.0"
"90980-12802","22","8448.0","8832.0","0.0","0.0"
"90980-12089","2","1920.0","4608.0","0.0","0.0"
"90980-12089","1","-1919.0","4608.0","0.0","0.0"
"90980-12E55","1","2496.0","12288.0","0.0","0.0"
"90980-12E55","3","0.0","8448.0","0.0","0.0"
"90980-12E55","2","-2496.0","12288.0","0.0","0.0"
"KANGO-12183","6","-9599.0","8448.0","0.0","0.0"
"KANGO-12183","10","-1919.0","3840.0","0.0","0.0"
"KANGO-12183","5","-5759.0","8448.0","0.0","0.0"
"KANGO-12183","1","9600.0","8448.0","0.0","0.0"
"KANGO-12183","4","-1919.0","8448.0","0.0","0.0"
"KANGO-12183","2","5760.0","8448.0","0.0","0.0"
"KANGO-12183","3","1920.0","8448.0","0.0","0.0"
"KANGO-12183","8","5760.0","3840.0","0.0","0.0"
"KANGO-12183","9","1920.0","3840.0","0.0","0.0"
"KANGO-12183","12","-9599.0","3840.0","0.0","0.0"
"KANGO-12183","7","9600.0","3840.0","0.0","0.0"
"KANGO-12183","11","-5759.0","3840.0","0.0","0.0"
"KANGO-12D01","21","56900.0","31332.0","0.0","0.0"
"KANGO-12D01","76","-16328.0","16207.0","0.0","0.0"
"KANGO-12D01","130","-60026.0","5348.0","0.0","0.0"
"KANGO-12D01","58","-43604.0","23545.0","0.0","0.0"
"KANGO-12D01","14","-27189.0","37910.0","0.0","0.0"
"KANGO-12D01","15","-33909.0","37910.0","0.0","0.0"
"KANGO-12D01","77","-21788.0","16204.0","0.0","0.0"
"KANGO-12D01","25","30023.0","31332.0","0.0","0.0"
"KANGO-12D01","113","36909.0","5335.0","0.0","0.0"
"KANGO-12D01","33","-27191.0","31332.0","0.0","0.0"
"KANGO-12D01","40","58761.0","23523.0","0.0","0.0"
"KANGO-12D01","50","20.0","23551.0","0.0","0.0"
"KANGO-12D01","62","64215.0","16179.0","0.0","0.0"
"KANGO-12D01","89","42370.0","10757.0","0.0","0.0"
"KANGO-12D01","129","-54536.0","5362.0","0.0","0.0"
"KANGO-12D01","60","-54542.0","23531.0","0.0","0.0"
"KANGO-12D01","53","-16331.0","23551.0","0.0","0.0"
"KANGO-12D01","126","-38184.0","5362.0","0.0","0.0"
"KANGO-12D01","5","36746.0","37910.0","0.0","0.0"
"KANGO-12D01","64","53315.0","16179.0","0.0","0.0"
"KANGO-12D01","29","-314.0","31332.0","0.0","0.0"
"KANGO-12D01","51","-5430.0","23551.0","0.0","0.0"
"KANGO-12D01","30","-7034.0","31332.0","0.0","0.0"
"KANGO-12D01","3","50183.0","37910.0","0.0","0.0"
"KANGO-12D01","111","47831.0","5340.0","0.0","0.0"
"KANGO-12D01","74","-5428.0","16207.0","0.0","0.0"
"KANGO-12D01","96","-11.0","10787.0","0.0","0.0"
"KANGO-12D01","119","-11.0","5368.0","0.0","0.0"
"KANGO-12D01","55","-27242.0","23548.0","0.0","0.0"
"KANGO-12D01","94","15108.0","10754.0","0.0","0.0"
"KANGO-12D01","22","50180.0","31332.0","0.0","0.0"
"KANGO-12D01","112","42370.0","5337.0","0.0","0.0"
"KANGO-12D01","6","30026.0","37910.0","0.0","0.0"
"KANGO-12D01","35","-40631.0","31332.0","0.0","0.0"
"KANGO-12D01","39","64212.0","23523.0","0.0","0.0"
"KANGO-12D01","87","53280.0","10760.0","0.0","0.0"
"KANGO-12D01","20","63620.0","31332.0","0.0","0.0"
"KANGO-12D01","104","-43633.0","10782.0","0.0","0.0"
"KANGO-12D01","110","53282.0","5340.0","0.0","0.0"
"KANGO-12D01","47","20587.0","23518.0","0.0","0.0"
"KANGO-12D01","71","15143.0","16174.0","0.0","0.0"
"KANGO-12D01","1","63623.0","37910.0","0.0","0.0"
"KANGO-12D01","75","-10877.0","16207.0","0.0","0.0"
"KANGO-12D01","73","22.0","16207.0","0.0","0.0"
"KANGO-12D01","93","20559.0","10754.0","0.0","0.0"
"KANGO-12D01","31","-13751.0","31332.0","0.0","0.0"
"KANGO-12D01","128","-49083.0","5362.0","0.0","0.0"
"KANGO-12D01","46","26036.0","23518.0","0.0","0.0"
"KANGO-12D01","43","42410.0","23523.0","0.0","0.0"
"KANGO-12D01","115","26006.0","5335.0","0.0","0.0"
"KANGO-12D01","91","31457.0","10754.0","0.0","0.0"
"KANGO-12D01","108","64182.0","5340.0","0.0","0.0"
"KANGO-12D01","90","36909.0","10754.0","0.0","0.0"
"KANGO-12D01","105","-49083.0","10782.0","0.0","0.0"
"KANGO-12D01","116","20559.0","5335.0","0.0","0.0"
"KANGO-12D01","95","9654.0","10754.0","0.0","0.0"
"KANGO-12D01","85","64182.0","10760.0","0.0","0.0"
"KANGO-12D01","117","15108.0","5334.0","0.0","0.0"
"KANGO-12D01","120","-5461.0","5368.0","0.0","0.0"
"KANGO-12D01","8","16586.0","37910.0","0.0","0.0"
"KANGO-12D01","9","9863.0","37910.0","0.0","0.0"
"KANGO-12D01","32","-20471.0","31332.0","0.0","0.0"
"KANGO-12D01","34","-33911.0","31332.0","0.0","0.0"
"KANGO-12D01","11","-7031.0","37910.0","0.0","0.0"
"KANGO-12D01","18","-53975.0","37794.0","0.0","0.0"
"KANGO-12D01","118","9654.0","5334.0","0.0","0.0"
"KANGO-12D01","67","36942.0","16174.0","0.0","0.0"
"KANGO-12D01","83","-54503.0","16201.0","0.0","0.0"
"KANGO-12D01","56","-32703.0","23545.0","0.0","0.0"
"KANGO-12D01","70","20592.0","16174.0","0.0","0.0"
"KANGO-12D01","42","47859.0","23523.0","0.0","0.0"
"KANGO-12D01","102","-32735.0","10782.0","0.0","0.0"
"KANGO-12D01","2","56903.0","37910.0","0.0","0.0"
"KANGO-12D01","80","-38151.0","16201.0","0.0","0.0"
"KANGO-12D01","97","-5461.0","10787.0","0.0","0.0"
"KANGO-12D01","49","9684.0","23517.0","0.0","0.0"
"KANGO-12D01","41","53310.0","23523.0","0.0","0.0"
"KANGO-12D01","54","-21780.0","23551.0","0.0","0.0"
"KANGO-12D01","125","-32735.0","5362.0","0.0","0.0"
"KANGO-12D01","79","-32701.0","16201.0","0.0","0.0"
"KANGO-12D01","23","43460.0","31332.0","0.0","0.0"
"KANGO-12D01","24","36743.0","31332.0","0.0","0.0"
"KANGO-12D01","36","-47258.0","31216.0","0.0","0.0"
"KANGO-12D01","37","-53978.0","31216.0","0.0","0.0"
"KANGO-12D01","86","58731.0","10760.0","0.0","0.0"
"KANGO-12D01","114","31457.0","5335.0","0.0","0.0"
"KANGO-12D01","88","47829.0","10760.0","0.0","0.0"
"KANGO-12D01","38","-60698.0","31216.0","0.0","0.0"
"KANGO-12D01","65","47864.0","16179.0","0.0","0.0"
"KANGO-12D01","123","-21822.0","5365.0","0.0","0.0"
"KANGO-12D01","19","-60695.0","37794.0","0.0","0.0"
"KANGO-12D01","92","26006.0","10754.0","0.0","0.0"
"KANGO-12D01","103","-38184.0","10782.0","0.0","0.0"
"KANGO-12D01","109","58731.0","5340.0","0.0","0.0"
"KANGO-12D01","100","-21822.0","10784.0","0.0","0.0"
"KANGO-12D01","106","-54536.0","10782.0","0.0","0.0"
"KANGO-12D01","81","-43600.0","16201.0","0.0","0.0"
"KANGO-12D01","12","-13749.0","37910.0","0.0","0.0"
"KANGO-12D01","82","-49050.0","16201.0","0.0","0.0"
"KANGO-12D01","57","-38154.0","23545.0","0.0","0.0"
"KANGO-12D01","69","26039.0","16174.0","0.0","0.0"
"KANGO-12D01","98","-10910.0","10787.0","0.0","0.0"
"KANGO-12D01","28","9860.0","31332.0","0.0","0.0"
"KANGO-12D01","52","-10882.0","23551.0","0.0","0.0"
"KANGO-12D01","99","-16361.0","10787.0","0.0","0.0"
"KANGO-12D01","101","-27283.0","10782.0","0.0","0.0"
"KANGO-12D01","27","16583.0","31332.0","0.0","0.0"
"KANGO-12D01","61","-60032.0","23517.0","0.0","0.0"
"KANGO-12D01","124","-27283.0","5362.0","0.0","0.0"
"KANGO-12D01","78","-27249.0","16201.0","0.0","0.0"
"KANGO-12D01","26","23303.0","31332.0","0.0","0.0"
"KANGO-12D01","63","58764.0","16179.0","0.0","0.0"
"KANGO-12D01","17","-47255.0","37794.0","0.0","0.0"
"KANGO-12D01","4","43463.0","37910.0","0.0","0.0"
"KANGO-12D01","45","31487.0","23518.0","0.0","0.0"
"KANGO-12D01","10","-311.0","37910.0","0.0","0.0"
"KANGO-12D01","7","23306.0","37910.0","0.0","0.0"
"KANGO-12D01","121","-10910.0","5368.0","0.0","0.0"
"KANGO-12D01","44","36949.0","23520.0","0.0","0.0"
"KANGO-12D01","68","31490.0","16174.0","0.0","0.0"
"KANGO-12D01","72","9689.0","16173.0","0.0","0.0"
"KANGO-12D01","107","-60026.0","10768.0","0.0","0.0"
"KANGO-12D01","13","-20469.0","37910.0","0.0","0.0"
"KANGO-12D01","16","-40629.0","37910.0","0.0","0.0"
"KANGO-12D01","59","-49053.0","23545.0","0.0","0.0"
"KANGO-12D01","84","-59993.0","16187.0","0.0","0.0"
"KANGO-12D01","66","42403.0","16176.0","0.0","0.0"
"KANGO-12D01","122","-16361.0","5368.0","0.0","0.0"
"KANGO-12D01","48","15136.0","23517.0","0.0","0.0"
"KANGO-12D01","127","-43633.0","5362.0","0.0","0.0"
"KANGO-12E64","22","-8255.0","7488.0","0.0","0.0"
"KANGO-12E64","4","3840.0","17280.0","0.0","0.0"
"KANGO-12E64","14","-3827.0","12676.0","0.0","0.0"
"KANGO-12E64","1","15360.0","17280.0","0.0","0.0"
"KANGO-12E64","5","-3808.0","17284.0","0.0","0.0"
"KANGO-12E64","7","-11524.0","17288.0","0.0","0.0"
"KANGO-12E64","10","11522.0","12652.0","0.0","0.0"
"KANGO-12E64","9","15384.0","12676.0","0.0","0.0"
"KANGO-12E64","17","-15356.0","12676.0","0.0","0.0"
"KANGO-12E64","2","11522.0","17271.0","0.0","0.0"
"KANGO-12E64","11","7682.0","12652.0","0.0","0.0"
"KANGO-12E64","12","3842.0","12676.0","0.0","0.0"
"KANGO-12E64","19","9024.0","7488.0","0.0","0.0"
"KANGO-12E64","13","3.0","12676.0","0.0","0.0"
"KANGO-12E64","18","14784.0","7488.0","0.0","0.0"
"KANGO-12E64","21","-2495.0","7488.0","0.0","0.0"
"KANGO-12E64","3","7682.0","17271.0","0.0","0.0"
"KANGO-12E64","20","3264.0","7488.0","0.0","0.0"
"KANGO-12E64","23","-14015.0","7488.0","0.0","0.0"
"KANGO-12E64","6","-7686.0","17289.0","0.0","0.0"
"KANGO-12E64","16","-11516.0","12676.0","0.0","0.0"
"KANGO-12E64","8","-15357.0","17279.0","0.0","0.0"
"KANGO-12E64","15","-7667.0","12676.0","0.0","0.0"
"90980-12817","31","3842.0","2693.0","0.0","0.0"
"90980-12817","7","-34557.0","7297.0","0.0","0.0"
"90980-12817","20","26888.0","7293.0","0.0","0.0"
"90980-12817","37","30720.0","2693.0","0.0","0.0"
"90980-12817","35","19197.0","2689.0","0.0","0.0"
"90980-12817","28","-11526.0","2681.0","0.0","0.0"
"90980-12817","11","-15352.0","7295.0","0.0","0.0"
"90980-12817","26","-19205.0","2678.0","0.0","0.0"
"90980-12817","36","26891.0","2694.0","0.0","0.0"
"90980-12817","3","-17268.0","12281.0","0.0","0.0"
"90980-12817","17","11512.0","7297.0","0.0","0.0"
"90980-12817","1","-32640.0","12285.0","0.0","0.0"
"90980-12817","8","-30717.0","7290.0","0.0","0.0"
"90980-12817","12","-11517.0","7300.0","0.0","0.0"
"90980-12817","29","-7661.0","2691.0","0.0","0.0"
"90980-12817","33","11520.0","2686.0","0.0","0.0"
"90980-12817","19","19199.0","7300.0","0.0","0.0"
"90980-12817","23","-34571.0","2689.0","0.0","0.0"
"90980-12817","27","-15363.0","2696.0","0.0","0.0"
"90980-12817","15","3836.0","7290.0","0.0","0.0"
"90980-12817","30","-3835.0","2699.0","0.0","0.0"
"90980-12817","38","34553.0","2690.0","0.0","0.0"
"90980-12817","16","7683.0","7300.0","0.0","0.0"
"90980-12817","21","30719.0","7301.0","0.0","0.0"
"90980-12817","25","-26876.0","2689.0","0.0","0.0"
"90980-12817","9","-26870.0","7296.0","0.0","0.0"
"90980-12817","10","-19210.0","7305.0","0.0","0.0"
"90980-12817","22","34554.0","7304.0","0.0","0.0"
"90980-12817","6","32643.0","12286.0","0.0","0.0"
"90980-12817","2","-24953.0","12278.0","0.0","0.0"
"90980-12817","14","-3836.0","7292.0","0.0","0.0"
"90980-12817","32","7679.0","2690.0","0.0","0.0"
"90980-12817","34","15367.0","2689.0","0.0","0.0"
"90980-12817","18","15356.0","7295.0","0.0","0.0"
"90980-12817","5","24965.0","12296.0","0.0","0.0"
"90980-12817","4","17283.0","12281.0","0.0","0.0"
"90980-12817","24","-30725.0","2694.0","0.0","0.0"
"90980-12817","13","-7681.0","7297.0","0.0","0.0"
"SPLCE-W0001","1","-3.0","2720.0","0.0","0.0"
"90980-12C36","1","-4267.0","9327.0","0.0","0.0"
"90980-12C36","2","4025.0","9282.0","0.0","0.0"
"99159-10282","2","-2687.0","3840.0","0.0","0.0"
"99159-10282","1","2688.0","3840.0","0.0","0.0"
"82824-78040","3","0.0","8832.0","0.0","0.0"
"82824-78040","8","0.0","4224.0","0.0","0.0"
"82824-78040","2","-3839.0","8832.0","0.0","0.0"
"82824-78040","5","7680.0","8832.0","0.0","0.0"
"82824-78040","9","3840.0","4224.0","0.0","0.0"
"82824-78040","6","-7679.0","4224.0","0.0","0.0"
"82824-78040","10","7680.0","4224.0","0.0","0.0"
"82824-78040","1","-7683.0","8848.0","0.0","0.0"
"82824-78040","4","3840.0","8832.0","0.0","0.0"
"82824-78040","7","-3839.0","4224.0","0.0","0.0"
"KANGO-12368","2","3840.0","9984.0","0.0","0.0"
"KANGO-12368","5","-7679.0","9984.0","0.0","0.0"
"KANGO-12368","1","7680.0","9984.0","0.0","0.0"
"KANGO-12368","9","-3839.0","5376.0","0.0","0.0"
"KANGO-12368","6","7680.0","5376.0","0.0","0.0"
"KANGO-12368","10","-7679.0","5376.0","0.0","0.0"
"KANGO-12368","3","0.0","9984.0","0.0","0.0"
"KANGO-12368","4","-3839.0","9984.0","0.0","0.0"
"KANGO-12368","8","0.0","5376.0","0.0","0.0"
"KANGO-12368","7","3840.0","5376.0","0.0","0.0"
"90980-12E69","17","-34559.0","13824.0","0.0","0.0"
"90980-12E69","28","7686.0","13819.0","0.0","0.0"
"90980-12E69","13","15357.0","18441.0","0.0","0.0"
"90980-12E69","10","3836.0","18430.0","0.0","0.0"
"90980-12E69","35","-27455.0","8640.0","0.0","0.0"
"90980-12E69","36","-21695.0","8640.0","0.0","0.0"
"90980-12E69","23","-11519.0","13824.0","0.0","0.0"
"90980-12E69","12","11526.0","18423.0","0.0","0.0"
"90980-12E69","14","23028.0","18436.0","0.0","0.0"
"90980-12E69","16","30711.0","18449.0","0.0","0.0"
"90980-12E69","18","-30719.0","13824.0","0.0","0.0"
"90980-12E69","41","14784.0","8640.0","0.0","0.0"
"90980-12E69","3","-26879.0","18432.0","0.0","0.0"
"90980-12E69","40","9024.0","8640.0","0.0","0.0"
"90980-12E69","7","-7679.0","18432.0","0.0","0.0"
"90980-12E69","26","-3.0","13822.0","0.0","0.0"
"90980-12E69","11","7686.0","18423.0","0.0","0.0"
"90980-12E69","24","-7679.0","13824.0","0.0","0.0"
"90980-12E69","6","-11519.0","18432.0","0.0","0.0"
"90980-12E69","20","-23039.0","13824.0","0.0","0.0"
"90980-12E69","29","11526.0","13819.0","0.0","0.0"
"90980-12E69","32","26887.0","13814.0","0.0","0.0"
"90980-12E69","31","23047.0","13814.0","0.0","0.0"
"90980-12E69","42","23040.0","9216.0","0.0","0.0"
"90980-12E69","15","26877.0","18441.0","0.0","0.0"
"90980-12E69","37","-15935.0","8640.0","0.0","0.0"
"90980-12E69","39","3264.0","8640.0","0.0","0.0"
"90980-12E69","21","-19199.0","13824.0","0.0","0.0"
"90980-12E69","22","-15359.0","13824.0","0.0","0.0"
"90980-12E69","25","-3839.0","13824.0","0.0","0.0"
"90980-12E69","8","-3839.0","18432.0","0.0","0.0"
"90980-12E69","9","-3.0","18430.0","0.0","0.0"
"90980-12E69","38","-10175.0","8640.0","0.0","0.0"
"90980-12E69","5","-15359.0","18432.0","0.0","0.0"
"90980-12E69","2","-30719.0","18432.0","0.0","0.0"
"90980-12E69","34","-33215.0","8640.0","0.0","0.0"
"90980-12E69","43","26880.0","9216.0","0.0","0.0"
"90980-12E69","27","3836.0","13822.0","0.0","0.0"
"90980-12E69","19","-26879.0","13824.0","0.0","0.0"
"90980-12E69","30","15357.0","13823.0","0.0","0.0"
"90980-12E69","4","-19199.0","18432.0","0.0","0.0"
"90980-12E69","1","-34559.0","18432.0","0.0","0.0"
"90980-12E69","33","30720.0","13813.0","0.0","0.0"
"82675-95D04","1","7007.0","2686.0","0.0","0.0"
"90980-10942","1","-2717.0","8888.0","0.0","0.0"
"90980-10942","4","2693.0","3459.0","0.0","0.0"
"90980-10942","3","-2717.0","3459.0","0.0","0.0"
"90980-10942","2","2712.0","8888.0","0.0","0.0"
"90980-12B51","13","15348.0","7872.0","0.0","0.0"
"90980-12B51","7","-3851.0","12480.0","0.0","0.0"
"90980-12B51","12","19188.0","7872.0","0.0","0.0"
"90980-12B51","8","-7691.0","12480.0","0.0","0.0"
"90980-12B51","9","-11531.0","12480.0","0.0","0.0"
"90980-12B51","5","3828.0","12480.0","0.0","0.0"
"90980-12B51","10","-15371.0","12480.0","0.0","0.0"
"90980-12B51","16","3828.0","7872.0","0.0","0.0"
"90980-12B51","21","-15371.0","7872.0","0.0","0.0"
"90980-12B51","4","7668.0","12480.0","0.0","0.0"
"90980-12B51","3","11508.0","12480.0","0.0","0.0"
"90980-12B51","11","-19211.0","12480.0","0.0","0.0"
"90980-12B51","1","19188.0","12480.0","0.0","0.0"
"90980-12B51","17","-11.0","7872.0","0.0","0.0"
"90980-12B51","18","-3851.0","7872.0","0.0","0.0"
"90980-12B51","2","15348.0","12480.0","0.0","0.0"
"90980-12B51","20","-11531.0","7872.0","0.0","0.0"
"90980-12B51","19","-7691.0","7872.0","0.0","0.0"
"90980-12B51","14","11508.0","7872.0","0.0","0.0"
"90980-12B51","22","-19211.0","7872.0","0.0","0.0"
"90980-12B51","6","-11.0","12480.0","0.0","0.0"
"90980-12B51","15","7668.0","7872.0","0.0","0.0"
"90980-12B77","10","-3838.0","7287.0","0.0","0.0"
"90980-12B77","26","17259.0","2685.0","0.0","0.0"
"90980-12B77","24","5772.0","2685.0","0.0","0.0"
"90980-12B77","11","-9.0","7306.0","0.0","0.0"
"90980-12B77","17","23022.0","7306.0","0.0","0.0"
"90980-12B77","9","-7667.0","7306.0","0.0","0.0"
"90980-12B77","18","-21107.0","2685.0","0.0","0.0"
"90980-12B77","15","15345.0","7306.0","0.0","0.0"
"90980-12B77","21","-5753.0","2704.0","0.0","0.0"
"90980-12B77","3","17288.0","11916.0","0.0","0.0"
"90980-12B77","2","-17287.0","11916.0","0.0","0.0"
"90980-12B77","7","-15344.0","7287.0","0.0","0.0"
"90980-12B77","27","21107.0","2685.0","0.0","0.0"
"90980-12B77","8","-11515.0","7306.0","0.0","0.0"
"90980-12B77","14","11516.0","7287.0","0.0","0.0"
"90980-12B77","13","7687.0","7306.0","0.0","0.0"
"90980-12B77","19","-17278.0","2685.0","0.0","0.0"
"90980-12B77","1","-21116.0","11916.0","0.0","0.0"
"90980-12B77","12","3839.0","7306.0","0.0","0.0"
"90980-12B77","22","-1905.0","2685.0","0.0","0.0"
"90980-12B77","25","13449.0","2685.0","0.0","0.0"
"90980-12B77","16","19212.0","7306.0","0.0","0.0"
"90980-12B77","6","-19192.0","7306.0","0.0","0.0"
"90980-12B77","20","-13449.0","2685.0","0.0","0.0"
"90980-12B77","23","1924.0","2685.0","0.0","0.0"
"90980-12B77","4","21117.0","11916.0","0.0","0.0"
"90980-12B77","5","-23040.0","7287.0","0.0","0.0"
"KANGO-12304","2","3072.0","4992.0","0.0","0.0"
"KANGO-12304","4","-6144.0","4992.0","0.0","0.0"
"KANGO-12304","3","-1536.0","4992.0","0.0","0.0"
"KANGO-12304","1","7680.0","4992.0","0.0","0.0"
"90980-12931","40","-529.0","13865.0","0.0","0.0"
"90980-12931","30","31004.0","19727.0","0.0","0.0"
"90980-12931","46","36467.0","13834.0","0.0","0.0"
"90980-12931","26","36474.0","25393.0","0.0","0.0"
"90980-12931","28","20112.0","19701.0","0.0","0.0"
"90980-12931","24","25562.0","25405.0","0.0","0.0"
"90980-12931","21","3713.0","22658.0","0.0","0.0"
"90980-12931","27","14652.0","19743.0","0.0","0.0"
"90980-12931","31","36443.0","19734.0","0.0","0.0"
"90980-12931","6","-9549.0","29083.0","0.0","0.0"
"90980-12931","38","-11430.0","13856.0","0.0","0.0"
"90980-12931","50","-27771.0","7973.0","0.0","0.0"
"90980-12931","12","31017.0","31099.0","0.0","0.0"
"90980-12931","23","20104.0","25392.0","0.0","0.0"
"90980-12931","49","-33232.0","8005.0","0.0","0.0"
"90980-12931","58","20109.0","7982.0","0.0","0.0"
"90980-12931","54","-5976.0","7996.0","0.0","0.0"
"90980-12931","36","-22332.0","13854.0","0.0","0.0"
"90980-12931","20","-2794.0","22669.0","0.0","0.0"
"90980-12931","32","-44150.0","13857.0","0.0","0.0"
"90980-12931","15","-36529.0","22648.0","0.0","0.0"
"90980-12931","48","-38694.0","7996.0","0.0","0.0"
"90980-12931","34","-33241.0","13854.0","0.0","0.0"
"90980-12931","1","-43249.0","29079.0","0.0","0.0"
"90980-12931","57","14670.0","7985.0","0.0","0.0"
"90980-12931","56","4914.0","7990.0","0.0","0.0"
"90980-12931","14","-43211.0","22664.0","0.0","0.0"
"90980-12931","35","-27783.0","13856.0","0.0","0.0"
"90980-12931","39","-5988.0","13850.0","0.0","0.0"
"90980-12931","47","-44130.0","7999.0","0.0","0.0"
"90980-12931","29","25567.0","19706.0","0.0","0.0"
"90980-12931","7","-2781.0","29064.0","0.0","0.0"
"90980-12931","13","36454.0","31103.0","0.0","0.0"
"90980-12931","55","-537.0","7989.0","0.0","0.0"
"90980-12931","8","3735.0","29145.0","0.0","0.0"
"90980-12931","16","-29780.0","22652.0","0.0","0.0"
"90980-12931","4","-23122.0","29107.0","0.0","0.0"
"90980-12931","17","-23081.0","22658.0","0.0","0.0"
"90980-12931","18","-16295.0","22655.0","0.0","0.0"
"90980-12931","25","30992.0","25410.0","0.0","0.0"
"90980-12931","19","-9544.0","22665.0","0.0","0.0"
"90980-12931","42","14676.0","13840.0","0.0","0.0"
"90980-12931","2","-36538.0","29073.0","0.0","0.0"
"90980-12931","59","25556.0","7997.0","0.0","0.0"
"90980-12931","52","-16881.0","8013.0","0.0","0.0"
"90980-12931","11","25556.0","31090.0","0.0","0.0"
"90980-12931","37","-16890.0","13862.0","0.0","0.0"
"90980-12931","33","-38693.0","13843.0","0.0","0.0"
"90980-12931","43","20114.0","13828.0","0.0","0.0"
"90980-12931","44","25558.0","13842.0","0.0","0.0"
"90980-12931","51","-22327.0","8003.0","0.0","0.0"
"90980-12931","22","14687.0","25430.0","0.0","0.0"
"90980-12931","41","4905.0","13867.0","0.0","0.0"
"90980-12931","53","-11441.0","7995.0","0.0","0.0"
"90980-12931","3","-29790.0","29095.0","0.0","0.0"
"90980-12931","5","-16283.0","29102.0","0.0","0.0"
"90980-12931","9","14660.0","31090.0","0.0","0.0"
"90980-12931","45","31007.0","13851.0","0.0","0.0"
"90980-12931","10","20114.0","31083.0","0.0","0.0"
"90980-12931","60","31022.0","8013.0","0.0","0.0"
"G92SD-42050","2","-1692.0","10739.0","0.0","0.0"
"G92SD-42050","3","1920.0","5568.0","0.0","0.0"
"G92SD-42050","1","5450.0","10723.0","0.0","0.0"
"90980-12E73","18","-17855.0","14784.0","0.0","0.0"
"90980-12E73","40","9600.0","9984.0","0.0","0.0"
"90980-12E73","14","32633.0","19208.0","0.0","0.0"
"90980-12E73","1","-35135.0","20544.0","0.0","0.0"
"90980-12E73","28","24960.0","14592.0","0.0","0.0"
"90980-12E73","30","32636.0","14596.0","0.0","0.0"
"90980-12E73","38","1920.0","9984.0","0.0","0.0"
"90980-12E73","29","28796.0","14596.0","0.0","0.0"
"90980-12E73","4","-12095.0","20544.0","0.0","0.0"
"90980-12E73","15","-35135.0","14784.0","0.0","0.0"
"90980-12E73","42","17280.0","9984.0","0.0","0.0"
"90980-12E73","13","28793.0","19217.0","0.0","0.0"
"90980-12E73","3","-17855.0","20544.0","0.0","0.0"
"90980-12E73","7","1918.0","19191.0","0.0","0.0"
"90980-12E73","39","5760.0","9984.0","0.0","0.0"
"90980-12E73","5","-6335.0","20544.0","0.0","0.0"
"90980-12E73","32","-29375.0","9024.0","0.0","0.0"
"90980-12E73","10","17268.0","19204.0","0.0","0.0"
"90980-12E73","45","32640.0","9984.0","0.0","0.0"
"90980-12E73","41","13440.0","9984.0","0.0","0.0"
"90980-12E73","37","-1919.0","9984.0","0.0","0.0"
"90980-12E73","33","-23615.0","9024.0","0.0","0.0"
"90980-12E73","17","-23615.0","14784.0","0.0","0.0"
"90980-12E73","23","5760.0","14592.0","0.0","0.0"
"90980-12E73","34","-17855.0","9024.0","0.0","0.0"
"90980-12E73","20","-6335.0","14784.0","0.0","0.0"
"90980-12E73","12","24960.0","19209.0","0.0","0.0"
"90980-12E73","8","5758.0","19191.0","0.0","0.0"
"90980-12E73","16","-29375.0","14784.0","0.0","0.0"
"90980-12E73","21","-1919.0","14592.0","0.0","0.0"
"90980-12E73","36","-6335.0","9024.0","0.0","0.0"
"90980-12E73","9","13437.0","19204.0","0.0","0.0"
"90980-12E73","35","-12095.0","9024.0","0.0","0.0"
"90980-12E73","2","-29375.0","20544.0","0.0","0.0"
"90980-12E73","27","21120.0","14592.0","0.0","0.0"
"90980-12E73","19","-12095.0","14784.0","0.0","0.0"
"90980-12E73","11","21108.0","19204.0","0.0","0.0"
"90980-12E73","26","17280.0","14596.0","0.0","0.0"
"90980-12E73","31","-35135.0","9024.0","0.0","0.0"
"90980-12E73","24","9600.0","14592.0","0.0","0.0"
"90980-12E73","43","21120.0","9984.0","0.0","0.0"
"90980-12E73","22","1920.0","14592.0","0.0","0.0"
"90980-12E73","44","28800.0","9984.0","0.0","0.0"
"90980-12E73","6","-1919.0","19204.0","0.0","0.0"
"90980-12E73","25","13440.0","14596.0","0.0","0.0"
"90980-12B32","27","26500.0","12288.0","0.0","0.0"
"90980-12B32","19","5370.0","16888.0","0.0","0.0"
"90980-12B32","13","-23425.0","21502.0","0.0","0.0"
"90980-12B32","7","3513.0","21502.0","0.0","0.0"
"90980-12B32","18","9214.0","16890.0","0.0","0.0"
"90980-12B32","9","-8063.0","21502.0","0.0","0.0"
"90980-12B32","53","-21507.0","7678.0","0.0","0.0"
"90980-12B32","54","-25345.0","7680.0","0.0","0.0"
"90980-12B32","8","-326.0","21502.0","0.0","0.0"
"90980-12B32","15","20738.0","16928.0","0.0","0.0"
"90980-12B32","11","-15745.0","21500.0","0.0","0.0"
"90980-12B32","28","22658.0","12286.0","0.0","0.0"
"90980-12B32","6","7294.0","21500.0","0.0","0.0"
"90980-12B32","46","5370.0","7676.0","0.0","0.0"
"90980-12B32","44","13050.0","7676.0","0.0","0.0"
"90980-12B32","48","-2309.0","7676.0","0.0","0.0"
"90980-12B32","3","18957.0","21502.0","0.0","0.0"
"90980-12B32","37","-11905.0","12284.0","0.0","0.0"
"90980-12B32","50","-9989.0","7676.0","0.0","0.0"
"90980-12B32","32","7294.0","12284.0","0.0","0.0"
"90980-12B32","35","-4227.0","12282.0","0.0","0.0"
"90980-12B32","10","-11905.0","21500.0","0.0","0.0"
"90980-12B32","45","9210.0","7676.0","0.0","0.0"
"90980-12B32","23","-9985.0","16892.0","0.0","0.0"
"90980-12B32","31","11134.0","12284.0","0.0","0.0"
"90980-12B32","20","1532.0","16890.0","0.0","0.0"
"90980-12B32","30","14974.0","12284.0","0.0","0.0"
"90980-12B32","26","-21505.0","16892.0","0.0","0.0"
"90980-12B32","36","-8067.0","12282.0","0.0","0.0"
"90980-12B32","47","1530.0","7676.0","0.0","0.0"
"90980-12B32","52","-17669.0","7676.0","0.0","0.0"
"90980-12B32","38","-15745.0","12284.0","0.0","0.0"
"90980-12B32","24","-13825.0","16892.0","0.0","0.0"
"90980-12B32","40","-23425.0","12286.0","0.0","0.0"
"90980-12B32","17","13056.0","16892.0","0.0","0.0"
"90980-12B32","5","11134.0","21500.0","0.0","0.0"
"90980-12B32","25","-17665.0","16892.0","0.0","0.0"
"90980-12B32","33","3456.0","12284.0","0.0","0.0"
"90980-12B32","34","-383.0","12284.0","0.0","0.0"
"90980-12B32","39","-19585.0","12284.0","0.0","0.0"
"90980-12B32","1","26500.0","21504.0","0.0","0.0"
"90980-12B32","42","20738.0","7680.0","0.0","0.0"
"90980-12B32","49","-6149.0","7676.0","0.0","0.0"
"90980-12B32","2","22658.0","21502.0","0.0","0.0"
"90980-12B32","12","-19585.0","21500.0","0.0","0.0"
"90980-12B32","14","24579.0","16928.0","0.0","0.0"
"90980-12B32","43","16892.0","7678.0","0.0","0.0"
"90980-12B32","21","-2305.0","16892.0","0.0","0.0"
"90980-12B32","16","16896.0","16894.0","0.0","0.0"
"90980-12B32","51","-13829.0","7676.0","0.0","0.0"
"90980-12B32","29","18814.0","12284.0","0.0","0.0"
"90980-12B32","41","24576.0","7682.0","0.0","0.0"
"90980-12B32","4","15117.0","21502.0","0.0","0.0"
"90980-12B32","22","-6145.0","16892.0","0.0","0.0"
"90980-11909","5","9203.0","2311.0","0.0","0.0"
"90980-11909","2","-4608.0","2292.0","0.0","0.0"
"90980-11909","3","2.0","2311.0","0.0","0.0"
"90980-11909","1","-9218.0","2311.0","0.0","0.0"
"90980-11909","4","4612.0","2292.0","0.0","0.0"
"90980-12D25","1","-1871.0","5740.0","0.0","0.0"
"90980-12D25","2","1968.0","5740.0","0.0","0.0"
"99159-10102","1","0.0","2880.0","0.0","0.0"
"82824-47560","1","-8.0","2679.0","0.0","0.0"
"99159-10546","2","-3839.0","5184.0","0.0","0.0"
"99159-10546","1","3840.0","5184.0","0.0","0.0"
"99159-10546","5","0.0","9984.0","0.0","0.0"
"99159-10546","4","0.0","5184.0","0.0","0.0"
"99159-10546","3","0.0","13824.0","0.0","0.0"
"90980-12697","1","3264.0","6719.0","0.0","0.0"
"90980-12697","2","-3263.0","6720.0","0.0","0.0"
"90980-12B42","13","15348.0","7872.0","0.0","0.0"
"90980-12B42","20","-11531.0","7872.0","0.0","0.0"
"90980-12B42","10","-15371.0","12480.0","0.0","0.0"
"90980-12B42","1","19188.0","12480.0","0.0","0.0"
"90980-12B42","12","19188.0","7872.0","0.0","0.0"
"90980-12B42","5","3828.0","12480.0","0.0","0.0"
"90980-12B42","19","-7691.0","7872.0","0.0","0.0"
"90980-12B42","11","-19211.0","12480.0","0.0","0.0"
"90980-12B42","15","7668.0","7872.0","0.0","0.0"
"90980-12B42","7","-3851.0","12480.0","0.0","0.0"
"90980-12B42","8","-7691.0","12480.0","0.0","0.0"
"90980-12B42","17","-11.0","7872.0","0.0","0.0"
"90980-12B42","21","-15371.0","7872.0","0.0","0.0"
"90980-12B42","2","15348.0","12480.0","0.0","0.0"
"90980-12B42","3","11508.0","12480.0","0.0","0.0"
"90980-12B42","4","7668.0","12480.0","0.0","0.0"
"90980-12B42","22","-19211.0","7872.0","0.0","0.0"
"90980-12B42","9","-11531.0","12480.0","0.0","0.0"
"90980-12B42","16","3828.0","7872.0","0.0","0.0"
"90980-12B42","18","-3851.0","7872.0","0.0","0.0"
"90980-12B42","14","11508.0","7872.0","0.0","0.0"
"90980-12B42","6","-11.0","12480.0","0.0","0.0"
"DZH21-10029","4","-2303.0","4608.0","0.0","0.0"
"DZH21-10029","3","2304.0","4608.0","0.0","0.0"
"DZH21-10029","2","-2303.0","9984.0","0.0","0.0"
"DZH21-10029","1","2304.0","9984.0","0.0","0.0"
"KANGO-12A94","2","-1919.0","8832.0","0.0","0.0"
"KANGO-12A94","3","1920.0","4224.0","0.0","0.0"
"KANGO-12A94","1","1920.0","8832.0","0.0","0.0"
"KANGO-12A94","4","-1919.0","4224.0","0.0","0.0"
"K8201-47730","1","0.0","3846.0","0.0","0.0"
"90980-12767","7","12480.0","9227.0","0.0","0.0"
"90980-12767","10","-3826.0","4233.0","0.0","0.0"
"90980-12767","6","7681.0","8832.0","0.0","0.0"
"90980-12767","8","-12501.0","3846.0","0.0","0.0"
"90980-12767","3","-3816.0","8844.0","0.0","0.0"
"90980-12767","11","3836.0","4231.0","0.0","0.0"
"90980-12767","12","7682.0","4243.0","0.0","0.0"
"90980-12767","13","12466.0","3837.0","0.0","0.0"
"90980-12767","5","3846.0","8851.0","0.0","0.0"
"90980-12767","4","-9.0","8841.0","0.0","0.0"
"90980-12767","1","-12488.0","9204.0","0.0","0.0"
"90980-12767","9","-7661.0","4224.0","0.0","0.0"
"90980-12767","2","-7691.0","8842.0","0.0","0.0"
"90980-12E92","9","-7685.0","7296.0","0.0","0.0"
"90980-12E92","17","23040.0","7296.0","0.0","0.0"
"90980-12E92","20","-13439.0","2688.0","0.0","0.0"
"90980-12E92","8","-11519.0","7301.0","0.0","0.0"
"90980-12E92","19","-17279.0","2688.0","0.0","0.0"
"90980-12E92","23","1920.0","2688.0","0.0","0.0"
"90980-12E92","16","19194.0","7296.0","0.0","0.0"
"90980-12E92","25","13440.0","2688.0","0.0","0.0"
"90980-12E92","13","7680.0","7297.0","0.0","0.0"
"90980-12E92","14","11516.0","7297.0","0.0","0.0"
"90980-12E92","4","21120.0","11904.0","0.0","0.0"
"90980-12E92","18","-21119.0","2688.0","0.0","0.0"
"90980-12E92","27","21120.0","2688.0","0.0","0.0"
"90980-12E92","2","-17279.0","11904.0","0.0","0.0"
"90980-12E92","6","-19199.0","7296.0","0.0","0.0"
"90980-12E92","12","3829.0","7296.0","0.0","0.0"
"90980-12E92","1","-21119.0","11904.0","0.0","0.0"
"90980-12E92","7","-15359.0","7301.0","0.0","0.0"
"90980-12E92","15","15350.0","7296.0","0.0","0.0"
"90980-12E92","3","17280.0","11904.0","0.0","0.0"
"90980-12E92","22","-1919.0","2688.0","0.0","0.0"
"90980-12E92","24","5760.0","2688.0","0.0","0.0"
"90980-12E92","5","-23039.0","7296.0","0.0","0.0"
"90980-12E92","11","-10.0","7296.0","0.0","0.0"
"90980-12E92","26","17280.0","2688.0","0.0","0.0"
"90980-12E92","21","-5759.0","2688.0","0.0","0.0"
"90980-12E92","10","-3845.0","7296.0","0.0","0.0"
"90980-09556","1","4583.0","9408.0","0.0","0.0"
"90980-12858","4","-2783.0","8452.0","0.0","0.0"
"90980-12858","2","-2793.0","15364.0","0.0","0.0"
"90980-12858","1","3533.0","15364.0","0.0","0.0"
"90980-12858","3","3543.0","8452.0","0.0","0.0"
"90980-12C63","22","-1919.0","2688.0","0.0","0.0"
"90980-12C63","20","-13439.0","2688.0","0.0","0.0"
"90980-12C63","7","-15359.0","7296.0","0.0","0.0"
"90980-12C63","4","21120.0","11904.0","0.0","0.0"
"90980-12C63","8","-11534.0","7296.0","0.0","0.0"
"90980-12C63","14","11499.0","7294.0","0.0","0.0"
"90980-12C63","27","21120.0","2688.0","0.0","0.0"
"90980-12C63","24","5760.0","2688.0","0.0","0.0"
"90980-12C63","26","17280.0","2688.0","0.0","0.0"
"90980-12C63","5","-23039.0","7296.0","0.0","0.0"
"90980-12C63","25","13440.0","2688.0","0.0","0.0"
"90980-12C63","12","3828.0","7330.0","0.0","0.0"
"90980-12C63","23","1920.0","2688.0","0.0","0.0"
"90980-12C63","3","17280.0","11904.0","0.0","0.0"
"90980-12C63","16","19200.0","7296.0","0.0","0.0"
"90980-12C63","11","11.0","7312.0","0.0","0.0"
"90980-12C63","9","-7672.0","7312.0","0.0","0.0"
"90980-12C63","21","-5759.0","2688.0","0.0","0.0"
"90980-12C63","18","-21119.0","2688.0","0.0","0.0"
"90980-12C63","1","-21119.0","11904.0","0.0","0.0"
"90980-12C63","13","7667.0","7286.0","0.0","0.0"
"90980-12C63","19","-17279.0","2688.0","0.0","0.0"
"90980-12C63","10","-3865.0","7292.0","0.0","0.0"
"90980-12C63","15","15365.0","7294.0","0.0","0.0"
"90980-12C63","6","-19199.0","7296.0","0.0","0.0"
"90980-12C63","2","-17279.0","11904.0","0.0","0.0"
"90980-12C63","17","23040.0","7296.0","0.0","0.0"
"90980-10907","2","0.0","4990.0","0.0","0.0"
"90980-10907","1","3840.0","4992.0","0.0","0.0"
"90980-10907","3","-3839.0","4990.0","0.0","0.0"
"90980-12912","7","19201.0","7308.0","0.0","0.0"
"90980-12912","20","9601.0","2693.0","0.0","0.0"
"90980-12912","8","23035.0","7314.0","0.0","0.0"
"90980-12912","11","-28794.0","2677.0","0.0","0.0"
"90980-12912","5","-15363.0","7308.0","0.0","0.0"
"90980-12912","4","-19193.0","7294.0","0.0","0.0"
"90980-12912","1","-30732.0","7291.0","0.0","0.0"
"90980-12912","15","-9579.0","2687.0","0.0","0.0"
"90980-12912","18","1908.0","2701.0","0.0","0.0"
"90980-12912","10","30724.0","7299.0","0.0","0.0"
"90980-12912","12","-24956.0","2686.0","0.0","0.0"
"90980-12912","17","-1919.0","2688.0","0.0","0.0"
"90980-12912","21","13432.0","2697.0","0.0","0.0"
"90980-12912","22","17306.0","2697.0","0.0","0.0"
"90980-12912","2","-26865.0","7305.0","0.0","0.0"
"90980-12912","6","15354.0","7297.0","0.0","0.0"
"90980-12912","23","24957.0","2688.0","0.0","0.0"
"90980-12912","13","-17267.0","2701.0","0.0","0.0"
"90980-12912","19","5769.0","2692.0","0.0","0.0"
"90980-12912","14","-13426.0","2698.0","0.0","0.0"
"90980-12912","24","28782.0","2682.0","0.0","0.0"
"90980-12912","16","-5759.0","2686.0","0.0","0.0"
"90980-12912","9","26880.0","7306.0","0.0","0.0"
"90980-12912","3","-23037.0","7299.0","0.0","0.0"
"90980-12D66","5","0.0","7296.0","0.0","0.0"
"90980-12D66","4","-2304.0","12288.0","0.0","0.0"
"90980-12D66","3","2304.0","12288.0","0.0","0.0"
"90980-12D66","1","2304.0","16896.0","0.0","0.0"
"90980-12D66","2","-2304.0","16896.0","0.0","0.0"
"90980-12761","16","19788.0","7300.0","0.0","0.0"
"90980-12761","26","8291.0","2704.0","0.0","0.0"
"90980-12761","4","19822.0","11916.0","0.0","0.0"
"90980-12761","5","23578.0","11942.0","0.0","0.0"
"90980-12761","8","-22475.0","7262.0","0.0","0.0"
"90980-12761","24","-3265.0","2731.0","0.0","0.0"
"90980-12761","1","-26280.0","11928.0","0.0","0.0"
"90980-12761","7","-26301.0","7304.0","0.0","0.0"
"90980-12761","27","12114.0","2703.0","0.0","0.0"
"90980-12761","18","27446.0","7340.0","0.0","0.0"
"90980-12761","10","-10902.0","7296.0","0.0","0.0"
"90980-12761","12","-3258.0","7303.0","0.0","0.0"
"90980-12761","23","-7081.0","2730.0","0.0","0.0"
"90980-12761","17","23614.0","7310.0","0.0","0.0"
"90980-12761","29","23618.0","2718.0","0.0","0.0"
"90980-12761","13","4427.0","7259.0","0.0","0.0"
"90980-12761","21","-18621.0","2734.0","0.0","0.0"
"90980-12761","11","-7094.0","7334.0","0.0","0.0"
"90980-12761","20","-22452.0","2718.0","0.0","0.0"
"90980-12761","2","-22472.0","11891.0","0.0","0.0"
"90980-12761","28","19784.0","2719.0","0.0","0.0"
"90980-12761","22","-10936.0","2749.0","0.0","0.0"
"90980-12761","19","-26292.0","2701.0","0.0","0.0"
"90980-12761","3","-18610.0","11885.0","0.0","0.0"
"90980-12761","14","8251.0","7292.0","0.0","0.0"
"90980-12761","6","27419.0","11934.0","0.0","0.0"
"90980-12761","30","27455.0","2706.0","0.0","0.0"
"90980-12761","25","4428.0","2726.0","0.0","0.0"
"90980-12761","9","-18633.0","7298.0","0.0","0.0"
"90980-12761","15","12090.0","7297.0","0.0","0.0"
"90980-12303","5","8646.0","7396.0","0.0","0.0"
"90980-12303","2","-8644.0","7392.0","0.0","0.0"
"90980-12303","3","-2885.0","7389.0","0.0","0.0"
"90980-12303","1","-14393.0","7383.0","0.0","0.0"
"90980-12303","6","14402.0","7375.0","0.0","0.0"
"90980-12303","4","2882.0","7379.0","0.0","0.0"
"99159-10522","2","-1.0","10042.0","0.0","0.0"
"99159-10522","1","5428.0","10042.0","0.0","0.0"
"99159-10522","4","2713.0","4255.0","0.0","0.0"
"99159-10522","5","-2716.0","4255.0","0.0","0.0"
"99159-10522","3","-5431.0","10042.0","0.0","0.0"
"90980-11900","1","-2687.0","3840.0","0.0","0.0"
"90980-11900","2","2688.0","3840.0","0.0","0.0"
"G92SF-42120","2","1609.0","9732.0","0.0","0.0"
"G92SF-42120","1","-5533.0","9748.0","0.0","0.0"
"G92SF-42120","3","-1920.0","4577.0","0.0","0.0"
"90980-12E77","1","384.0","3840.0","0.0","0.0"
"90980-11742","4","2304.0","2688.0","0.0","0.0"
"90980-11742","2","2304.0","7296.0","0.0","0.0"
"90980-11742","3","-2303.0","2688.0","0.0","0.0"
"90980-11742","1","-2303.0","7296.0","0.0","0.0"
"90980-12372","4","-7684.0","8867.0","0.0","0.0"
"90980-12372","12","-19218.0","4226.0","0.0","0.0"
"90980-12372","16","-3815.0","4220.0","0.0","0.0"
"90980-12372","5","-3823.0","8874.0","0.0","0.0"
"90980-12372","11","19224.0","8827.0","0.0","0.0"
"90980-12372","18","3850.0","4217.0","0.0","0.0"
"90980-12372","10","15345.0","8801.0","0.0","0.0"
"90980-12372","1","-19206.0","8836.0","0.0","0.0"
"90980-12372","8","7708.0","8843.0","0.0","0.0"
"90980-12372","14","-11504.0","4240.0","0.0","0.0"
"90980-12372","3","-11522.0","8833.0","0.0","0.0"
"90980-12372","22","19223.0","4277.0","0.0","0.0"
"90980-12372","19","7702.0","4207.0","0.0","0.0"
"90980-12372","15","-7685.0","4230.0","0.0","0.0"
"90980-12372","17","14.0","4222.0","0.0","0.0"
"90980-12372","9","11527.0","8861.0","0.0","0.0"
"90980-12372","20","11515.0","4225.0","0.0","0.0"
"90980-12372","2","-15350.0","8835.0","0.0","0.0"
"90980-12372","13","-15351.0","4190.0","0.0","0.0"
"90980-12372","21","15378.0","4262.0","0.0","0.0"
"90980-12372","7","3841.0","8827.0","0.0","0.0"
"90980-12372","6","-5.0","8870.0","0.0","0.0"
"99159-10235","2","-2714.0","6144.0","0.0","0.0"
"99159-10235","1","2715.0","6144.0","0.0","0.0"
"KANGO-12F64","1","-384.0","4625.0","0.0","0.0"
"90980-12F76","1","-205.0","16576.0","0.0","0.0"
"90980-12F76","3","-179.0","5002.0","0.0","0.0"
"90980-12F76","2","-179.0","10762.0","0.0","0.0"
"82824-47C70","4","5112.0","3843.0","0.0","0.0"
"82824-47C70","3","-5085.0","3844.0","0.0","0.0"
"82824-47C70","1","-5102.0","9984.0","0.0","0.0"
"82824-47C70","2","5103.0","9984.0","0.0","0.0"
"90980-11864","2","2886.0","3461.0","0.0","0.0"
"90980-11864","1","-2868.0","3442.0","0.0","0.0"
"82824-47B70","1","0.0","2688.0","0.0","0.0"
"90980-11027","4","-2708.0","5029.0","0.0","0.0"
"90980-11027","1","2721.0","10458.0","0.0","0.0"
"90980-11027","3","2721.0","5029.0","0.0","0.0"
"90980-11027","2","-2708.0","10458.0","0.0","0.0"
"90980-12E65","27","3840.0","13440.0","0.0","0.0"
"90980-12E65","12","11520.0","18048.0","0.0","0.0"
"90980-12E65","29","11520.0","13440.0","0.0","0.0"
"90980-12E65","42","32057.0","8256.0","0.0","0.0"
"90980-12E65","30","20544.0","14016.0","0.0","0.0"
"90980-12E65","13","20544.0","19776.0","0.0","0.0"
"90980-12E65","38","1344.0","8256.0","0.0","0.0"
"90980-12E65","3","-26886.0","18057.0","0.0","0.0"
"90980-12E65","19","-26886.0","13430.0","0.0","0.0"
"90980-12E65","34","-21695.0","8256.0","0.0","0.0"
"90980-12E65","36","-10175.0","8256.0","0.0","0.0"
"90980-12E65","1","-34557.0","18074.0","0.0","0.0"
"90980-12E65","2","-30724.0","18056.0","0.0","0.0"
"90980-12E65","17","-34555.0","13444.0","0.0","0.0"
"90980-12E65","21","-19196.0","13439.0","0.0","0.0"
"90980-12E65","28","7680.0","13440.0","0.0","0.0"
"90980-12E65","4","-23036.0","18057.0","0.0","0.0"
"90980-12E65","9","0.0","18048.0","0.0","0.0"
"90980-12E65","24","-7675.0","13438.0","0.0","0.0"
"90980-12E65","26","0.0","13440.0","0.0","0.0"
"90980-12E65","6","-15365.0","18039.0","0.0","0.0"
"90980-12E65","23","-11525.0","13435.0","0.0","0.0"
"90980-12E65","5","-19196.0","18057.0","0.0","0.0"
"90980-12E65","25","-3835.0","13438.0","0.0","0.0"
"90980-12E65","33","-33215.0","8256.0","0.0","0.0"
"90980-12E65","22","-15365.0","13435.0","0.0","0.0"
"90980-12E65","41","26296.0","8256.0","0.0","0.0"
"90980-12E65","15","37824.0","19776.0","0.0","0.0"
"90980-12E65","31","26304.0","14016.0","0.0","0.0"
"90980-12E65","35","-15935.0","8256.0","0.0","0.0"
"90980-12E65","20","-23036.0","13439.0","0.0","0.0"
"90980-12E65","40","20533.0","8256.0","0.0","0.0"
"90980-12E65","14","32064.0","19776.0","0.0","0.0"
"90980-12E65","39","7104.0","8251.0","0.0","0.0"
"90980-12E65","8","-3839.0","18048.0","0.0","0.0"
"90980-12E65","7","-11525.0","18039.0","0.0","0.0"
"90980-12E65","16","43584.0","19776.0","0.0","0.0"
"90980-12E65","11","7680.0","18048.0","0.0","0.0"
"90980-12E65","32","32064.0","14016.0","0.0","0.0"
"90980-12E65","43","40320.0","10752.0","0.0","0.0"
"90980-12E65","10","3840.0","18048.0","0.0","0.0"
"90980-12E65","37","-4415.0","8256.0","0.0","0.0"
"90980-12E65","18","-30726.0","13430.0","0.0","0.0"
"90980-11235","1","-2715.0","5015.0","0.0","0.0"
"90980-11235","2","2733.0","5015.0","0.0","0.0"
"82824-0R070","2","3073.0","4031.0","0.0","0.0"
"82824-0R070","1","-3071.0","4031.0","0.0","0.0"
"90980-12F54","1","-2495.0","6144.0","0.0","0.0"
"90980-12F54","3","1.0","10156.0","0.0","0.0"
"90980-12F54","2","2496.0","6144.0","0.0","0.0"
"90980-12E60","3","-2303.0","2688.0","0.0","0.0"
"90980-12E60","4","2304.0","2688.0","0.0","0.0"
"90980-12E60","2","2304.0","8064.0","0.0","0.0"
"90980-12E60","1","-2303.0","8064.0","0.0","0.0"
"90980-12368","1","-7679.0","8832.0","0.0","0.0"
"90980-12368","2","-3839.0","8832.0","0.0","0.0"
"90980-12368","6","-7679.0","4224.0","0.0","0.0"
"90980-12368","4","3840.0","8832.0","0.0","0.0"
"90980-12368","5","7680.0","8832.0","0.0","0.0"
"90980-12368","7","-3839.0","4224.0","0.0","0.0"
"90980-12368","8","0.0","4224.0","0.0","0.0"
"90980-12368","3","0.0","8832.0","0.0","0.0"
"90980-12368","10","7680.0","4224.0","0.0","0.0"
"90980-12368","9","3840.0","4224.0","0.0","0.0"
"90980-12226","10","11521.0","2315.0","0.0","0.0"
"90980-12226","9","6900.0","2315.0","0.0","0.0"
"90980-12226","2","-3833.0","7677.0","0.0","0.0"
"90980-12226","1","-11517.0","7682.0","0.0","0.0"
"90980-12226","4","11508.0","7682.0","0.0","0.0"
"90980-12226","7","-2313.0","2309.0","0.0","0.0"
"90980-12226","8","2303.0","2304.0","0.0","0.0"
"90980-12226","3","3830.0","7678.0","0.0","0.0"
"90980-12226","5","-11513.0","2302.0","0.0","0.0"
"90980-12226","6","-6910.0","2310.0","0.0","0.0"
"G96G3-F4010","2","-38963.0","30346.0","0.0","0.0"
"G96G3-F4010","34","23808.0","21888.0","0.0","0.0"
"G96G3-F4010","4","-27443.0","30346.0","0.0","0.0"
"G96G3-F4010","9","1356.0","30346.0","0.0","0.0"
"G96G3-F4010","22","1356.0","24586.0","0.0","0.0"
"G96G3-F4010","35","29184.0","21888.0","0.0","0.0"
"G96G3-F4010","41","-27443.0","11530.0","0.0","0.0"
"G96G3-F4010","52","39936.0","14976.0","0.0","0.0"
"G96G3-F4010","45","-4403.0","11530.0","0.0","0.0"
"G96G3-F4010","48","18413.0","14976.0","0.0","0.0"
"G96G3-F4010","15","-38963.0","24586.0","0.0","0.0"
"G96G3-F4010","26","-27443.0","17290.0","0.0","0.0"
"G96G3-F4010","40","-33203.0","11530.0","0.0","0.0"
"G96G3-F4010","50","29165.0","14976.0","0.0","0.0"
"G96G3-F4010","30","-4403.0","17290.0","0.0","0.0"
"G96G3-F4010","44","-10163.0","11530.0","0.0","0.0"
"G96G3-F4010","20","-10163.0","24586.0","0.0","0.0"
"G96G3-F4010","32","13056.0","21888.0","0.0","0.0"
"G96G3-F4010","24","-38963.0","17290.0","0.0","0.0"
"G96G3-F4010","33","18432.0","21888.0","0.0","0.0"
"G96G3-F4010","8","-4403.0","30346.0","0.0","0.0"
"G96G3-F4010","11","29165.0","28800.0","0.0","0.0"
"G96G3-F4010","17","-27443.0","24586.0","0.0","0.0"
"G96G3-F4010","42","-21683.0","11530.0","0.0","0.0"
"G96G3-F4010","23","-44723.0","17290.0","0.0","0.0"
"G96G3-F4010","1","-44723.0","30346.0","0.0","0.0"
"G96G3-F4010","46","1356.0","11530.0","0.0","0.0"
"G96G3-F4010","13","39936.0","28800.0","0.0","0.0"
"G96G3-F4010","31","1356.0","17290.0","0.0","0.0"
"G96G3-F4010","7","-10163.0","30346.0","0.0","0.0"
"G96G3-F4010","12","34541.0","28800.0","0.0","0.0"
"G96G3-F4010","6","-15923.0","30346.0","0.0","0.0"
"G96G3-F4010","10","23808.0","28800.0","0.0","0.0"
"G96G3-F4010","16","-33203.0","24586.0","0.0","0.0"
"G96G3-F4010","36","34560.0","21888.0","0.0","0.0"
"G96G3-F4010","19","-15923.0","24586.0","0.0","0.0"
"G96G3-F4010","14","-44723.0","24586.0","0.0","0.0"
"G96G3-F4010","3","-33203.0","30346.0","0.0","0.0"
"G96G3-F4010","18","-21683.0","24586.0","0.0","0.0"
"G96G3-F4010","37","39936.0","21888.0","0.0","0.0"
"G96G3-F4010","38","-44723.0","11530.0","0.0","0.0"
"G96G3-F4010","47","13037.0","14976.0","0.0","0.0"
"G96G3-F4010","21","-4403.0","24586.0","0.0","0.0"
"G96G3-F4010","27","-21683.0","17290.0","0.0","0.0"
"G96G3-F4010","39","-38963.0","11530.0","0.0","0.0"
"G96G3-F4010","5","-21683.0","30346.0","0.0","0.0"
"G96G3-F4010","28","-15923.0","17290.0","0.0","0.0"
"G96G3-F4010","29","-10163.0","17290.0","0.0","0.0"
"G96G3-F4010","43","-15923.0","11530.0","0.0","0.0"
"G96G3-F4010","51","34560.0","14976.0","0.0","0.0"
"G96G3-F4010","25","-33203.0","17290.0","0.0","0.0"
"G96G3-F4010","49","23789.0","14976.0","0.0","0.0"
"90980-11002","1","2723.0","6526.0","0.0","0.0"
"90980-11002","2","-2706.0","6526.0","0.0","0.0"
"90980-12C62","4","19201.0","11901.0","0.0","0.0"
"90980-12C62","22","-15359.0","2683.0","0.0","0.0"
"90980-12C62","6","-24959.0","7299.0","0.0","0.0"
"90980-12C62","27","7679.0","2690.0","0.0","0.0"
"90980-12C62","11","-5736.0","7307.0","0.0","0.0"
"90980-12C62","3","-15359.0","11906.0","0.0","0.0"
"90980-12C62","7","-21121.0","7292.0","0.0","0.0"
"90980-12C62","30","23036.0","2678.0","0.0","0.0"
"90980-12C62","17","17307.0","7286.0","0.0","0.0"
"90980-12C62","24","-3840.0","2681.0","0.0","0.0"
"90980-12C62","2","-19261.0","11858.0","0.0","0.0"
"90980-12C62","21","-19198.0","2683.0","0.0","0.0"
"90980-12C62","25","4.0","2681.0","0.0","0.0"
"90980-12C62","12","-1924.0","7297.0","0.0","0.0"
"90980-12C62","5","23044.0","11905.0","0.0","0.0"
"90980-12C62","23","-7666.0","2690.0","0.0","0.0"
"90980-12C62","18","21121.0","7303.0","0.0","0.0"
"90980-12C62","28","15365.0","2694.0","0.0","0.0"
"90980-12C62","15","9612.0","7300.0","0.0","0.0"
"90980-12C62","10","-9607.0","7302.0","0.0","0.0"
"90980-12C62","14","5768.0","7289.0","0.0","0.0"
"90980-12C62","13","2198.0","7214.0","0.0","0.0"
"90980-12C62","16","13445.0","7295.0","0.0","0.0"
"90980-12C62","8","-17278.0","7295.0","0.0","0.0"
"90980-12C62","20","-23024.0","2675.0","0.0","0.0"
"90980-12C62","26","3841.0","2681.0","0.0","0.0"
"90980-12C62","9","-13430.0","7302.0","0.0","0.0"
"90980-12C62","19","24956.0","7297.0","0.0","0.0"
"90980-12C62","29","19219.0","2664.0","0.0","0.0"
"90980-12C62","1","-22956.0","11849.0","0.0","0.0"
"90980-10995","1","-23.0","2705.0","0.0","0.0"
"90980-12D54","3","2304.0","8832.0","0.0","0.0"
"90980-12D54","1","2304.0","13440.0","0.0","0.0"
"90980-12D54","2","-2304.0","13440.0","0.0","0.0"
"90980-12D54","5","0.0","3840.0","0.0","0.0"
"90980-12D54","4","-2304.0","8832.0","0.0","0.0"
"90980-12760","14","18624.0","7296.0","0.0","0.0"
"90980-12760","7","-19775.0","7296.0","0.0","0.0"
"90980-12760","22","-4415.0","2688.0","0.0","0.0"
"90980-12760","8","-12095.0","7296.0","0.0","0.0"
"90980-12760","1","-25535.0","12296.0","0.0","0.0"
"90980-12760","24","7104.0","2688.0","0.0","0.0"
"90980-12760","19","-19775.0","2688.0","0.0","0.0"
"90980-12760","17","-27455.0","2688.0","0.0","0.0"
"90980-12760","28","26304.0","2688.0","0.0","0.0"
"90980-12760","25","10944.0","2688.0","0.0","0.0"
"90980-12760","5","-27455.0","7296.0","0.0","0.0"
"90980-12760","18","-23615.0","2688.0","0.0","0.0"
"90980-12760","9","-8255.0","7296.0","0.0","0.0"
"90980-12760","10","-4415.0","7296.0","0.0","0.0"
"90980-12760","3","16704.0","12296.0","0.0","0.0"
"90980-12760","4","24384.0","12296.0","0.0","0.0"
"90980-12760","23","3264.0","2688.0","0.0","0.0"
"90980-12760","13","10944.0","7296.0","0.0","0.0"
"90980-12760","6","-23615.0","7296.0","0.0","0.0"
"90980-12760","2","-17855.0","12296.0","0.0","0.0"
"90980-12760","27","22464.0","2688.0","0.0","0.0"
"90980-12760","16","26304.0","7296.0","0.0","0.0"
"90980-12760","12","7104.0","7296.0","0.0","0.0"
"90980-12760","15","22464.0","7296.0","0.0","0.0"
"90980-12760","20","-12095.0","2688.0","0.0","0.0"
"90980-12760","26","18624.0","2688.0","0.0","0.0"
"90980-12760","11","3264.0","7296.0","0.0","0.0"
"90980-12760","21","-8255.0","2688.0","0.0","0.0"
"82675-16020","1","5331.0","7818.0","0.0","0.0"
"90980-11162","1","-2685.0","3065.0","0.0","0.0"
"90980-11162","2","2687.0","3065.0","0.0","0.0"
"90980-12322","2","-6911.0","2304.0","0.0","0.0"
"90980-12322","1","6912.0","2304.0","0.0","0.0"
"90980-12E09","1","-2304.0","13824.0","0.0","0.0"
"90980-12E09","3","-2304.0","9216.0","0.0","0.0"
"90980-12E09","4","2304.0","9216.0","0.0","0.0"
"90980-12E09","2","2304.0","13824.0","0.0","0.0"
"90980-12E09","5","0.0","4224.0","0.0","0.0"
"90980-11150","3","2715.0","3456.0","0.0","0.0"
"90980-11150","1","-8063.0","3456.0","0.0","0.0"
"90980-11150","4","8091.0","3456.0","0.0","0.0"
"90980-11150","2","-2660.0","3456.0","0.0","0.0"
"90980-10571","1","2688.0","4224.0","0.0","0.0"
"90980-10571","2","-2687.0","4224.0","0.0","0.0"
"90980-12C06","23","5688.0","15913.0","0.0","0.0"
"90980-12C06","13","37663.0","24220.0","0.0","0.0"
"90980-12C06","15","-40365.0","15913.0","0.0","0.0"
"90980-12C06","12","28562.0","24169.0","0.0","0.0"
"90980-12C06","2","-37869.0","24169.0","0.0","0.0"
"90980-12C06","7","-2940.0","24294.0","0.0","0.0"
"90980-12C06","39","5740.0","10153.0","0.0","0.0"
"90980-12C06","4","-20220.0","24294.0","0.0","0.0"
"90980-12C06","20","-11591.0","15913.0","0.0","0.0"
"90980-12C06","17","-28845.0","15913.0","0.0","0.0"
"90980-12C06","1","-50013.0","24361.0","0.0","0.0"
"90980-12C06","16","-34605.0","15913.0","0.0","0.0"
"90980-12C06","30","-49869.0","12457.0","0.0","0.0"
"90980-12C06","9","8553.0","24294.0","0.0","0.0"
"90980-12C06","36","-11591.0","10153.0","0.0","0.0"
"90980-12C06","22","-71.0","15913.0","0.0","0.0"
"90980-12C06","38","-45.0","10153.0","0.0","0.0"
"90980-12C06","43","28794.0","10178.0","0.0","0.0"
"90980-12C06","8","2793.0","24294.0","0.0","0.0"
"90980-12C06","10","14313.0","24294.0","0.0","0.0"
"90980-12C06","35","-17351.0","10153.0","0.0","0.0"
"90980-12C06","21","-5831.0","15913.0","0.0","0.0"
"90980-12C06","34","-23111.0","10153.0","0.0","0.0"
"90980-12C06","31","-40365.0","10153.0","0.0","0.0"
"90980-12C06","46","49586.0","12457.0","0.0","0.0"
"90980-12C06","24","11448.0","15913.0","0.0","0.0"
"90980-12C06","19","-17351.0","15913.0","0.0","0.0"
"90980-12C06","32","-34605.0","10153.0","0.0","0.0"
"90980-12C06","28","34502.0","15938.0","0.0","0.0"
"90980-12C06","37","-5831.0","10153.0","0.0","0.0"
"90980-12C06","5","-14486.0","24294.0","0.0","0.0"
"90980-12C06","6","-8700.0","24294.0","0.0","0.0"
"90980-12C06","41","17234.0","10153.0","0.0","0.0"
"90980-12C06","42","23001.0","10165.0","0.0","0.0"
"90980-12C06","45","40262.0","10178.0","0.0","0.0"
"90980-12C06","29","40262.0","15938.0","0.0","0.0"
"90980-12C06","14","49442.0","24361.0","0.0","0.0"
"90980-12C06","44","34528.0","10178.0","0.0","0.0"
"90980-12C06","11","20073.0","24294.0","0.0","0.0"
"90980-12C06","40","11500.0","10153.0","0.0","0.0"
"90980-12C06","27","28768.0","15938.0","0.0","0.0"
"90980-12C06","18","-23111.0","15913.0","0.0","0.0"
"90980-12C06","3","-28815.0","24149.0","0.0","0.0"
"90980-12C06","26","23034.0","15938.0","0.0","0.0"
"90980-12C06","25","17241.0","15925.0","0.0","0.0"
"90980-12C06","33","-28845.0","10153.0","0.0","0.0"
"90980-12B76","1","-17272.0","11918.0","0.0","0.0"
"90980-12B76","17","-1912.0","2698.0","0.0","0.0"
"90980-12B76","8","4.0","7321.0","0.0","0.0"
"90980-12B76","19","5765.0","2698.0","0.0","0.0"
"90980-12B76","6","-7692.0","7321.0","0.0","0.0"
"90980-12B76","9","3833.0","7321.0","0.0","0.0"
"90980-12B76","14","-17285.0","2698.0","0.0","0.0"
"90980-12B76","15","-13456.0","2698.0","0.0","0.0"
"90980-12B76","7","-3844.0","7302.0","0.0","0.0"
"90980-12B76","20","13442.0","2698.0","0.0","0.0"
"90980-12B76","4","-15369.0","7302.0","0.0","0.0"
"90980-12B76","13","19206.0","7321.0","0.0","0.0"
"90980-12B76","16","-5760.0","2698.0","0.0","0.0"
"90980-12B76","10","7671.0","7321.0","0.0","0.0"
"90980-12B76","5","-11521.0","7302.0","0.0","0.0"
"90980-12B76","11","11548.0","7321.0","0.0","0.0"
"90980-12B76","21","17271.0","2717.0","0.0","0.0"
"90980-12B76","12","15358.0","7321.0","0.0","0.0"
"90980-12B76","2","17284.0","11918.0","0.0","0.0"
"90980-12B76","3","-19198.0","7302.0","0.0","0.0"
"90980-12B76","18","1936.0","2698.0","0.0","0.0"
"90980-12555","3","-17281.0","8848.0","0.0","0.0"
"90980-12555","6","-5733.0","8811.0","0.0","0.0"
"90980-12555","19","-9613.0","4208.0","0.0","0.0"
"90980-12555","1","-24948.0","8832.0","0.0","0.0"
"90980-12555","11","13432.0","8858.0","0.0","0.0"
"90980-12555","20","-5804.0","4233.0","0.0","0.0"
"90980-12555","8","1913.0","8850.0","0.0","0.0"
"90980-12555","7","-1882.0","8816.0","0.0","0.0"
"90980-12555","28","24913.0","4223.0","0.0","0.0"
"90980-12555","27","21141.0","4214.0","0.0","0.0"
"90980-12555","18","-13441.0","4237.0","0.0","0.0"
"90980-12555","4","-13421.0","8837.0","0.0","0.0"
"90980-12555","21","-1895.0","4223.0","0.0","0.0"
"90980-12555","16","-21125.0","4223.0","0.0","0.0"
"90980-12555","13","21091.0","8852.0","0.0","0.0"
"90980-12555","17","-17305.0","4252.0","0.0","0.0"
"90980-12555","22","1945.0","4242.0","0.0","0.0"
"90980-12555","15","-24956.0","4220.0","0.0","0.0"
"90980-12555","9","5765.0","8831.0","0.0","0.0"
"90980-12555","26","17283.0","4241.0","0.0","0.0"
"90980-12555","14","24917.0","8824.0","0.0","0.0"
"90980-12555","2","-21183.0","8841.0","0.0","0.0"
"90980-12555","25","13443.0","4232.0","0.0","0.0"
"90980-12555","10","9629.0","8821.0","0.0","0.0"
"90980-12555","12","17290.0","8845.0","0.0","0.0"
"90980-12555","5","-9660.0","8863.0","0.0","0.0"
"90980-12555","24","9555.0","4220.0","0.0","0.0"
"90980-12555","23","5693.0","4237.0","0.0","0.0"
"90980-12B46","5","3828.0","12480.0","0.0","0.0"
"90980-12B46","11","-19234.0","12458.0","0.0","0.0"
"90980-12B46","21","-15371.0","7872.0","0.0","0.0"
"90980-12B46","8","-7691.0","12480.0","0.0","0.0"
"90980-12B46","15","7668.0","7872.0","0.0","0.0"
"90980-12B46","9","-11531.0","12480.0","0.0","0.0"
"90980-12B46","7","-3851.0","12480.0","0.0","0.0"
"90980-12B46","12","19188.0","7872.0","0.0","0.0"
"90980-12B46","18","-3851.0","7872.0","0.0","0.0"
"90980-12B46","22","-19211.0","7872.0","0.0","0.0"
"90980-12B46","16","3828.0","7872.0","0.0","0.0"
"90980-12B46","4","7668.0","12480.0","0.0","0.0"
"90980-12B46","10","-15371.0","12480.0","0.0","0.0"
"90980-12B46","6","-11.0","12480.0","0.0","0.0"
"90980-12B46","2","15348.0","12480.0","0.0","0.0"
"90980-12B46","1","19188.0","12480.0","0.0","0.0"
"90980-12B46","14","11508.0","7872.0","0.0","0.0"
"90980-12B46","19","-7691.0","7872.0","0.0","0.0"
"90980-12B46","3","11508.0","12480.0","0.0","0.0"
"90980-12B46","13","15348.0","7872.0","0.0","0.0"
"90980-12B46","17","-11.0","7872.0","0.0","0.0"
"90980-12B46","20","-11531.0","7872.0","0.0","0.0"
"K8201-76060","2","-2878.0","6144.0","0.0","0.0"
"K8201-76060","1","2882.0","6144.0","0.0","0.0"
"82824-47A20","2","2878.0","3943.0","0.0","0.0"
"82824-47A20","1","-2881.0","3943.0","0.0","0.0"
"90980-12D13","2","200.0","5758.0","0.0","0.0"
"90980-12D13","1","-5568.0","5760.0","0.0","0.0"
"90980-12D13","3","5961.0","5758.0","0.0","0.0"
"KANGO-12370","14","-11519.0","6528.0","0.0","0.0"
"KANGO-12370","6","-7679.0","11136.0","0.0","0.0"
"KANGO-12370","8","11520.0","6528.0","0.0","0.0"
"KANGO-12370","1","11520.0","11136.0","0.0","0.0"
"KANGO-12370","9","7680.0","6528.0","0.0","0.0"
"KANGO-12370","7","-11519.0","11136.0","0.0","0.0"
"KANGO-12370","5","-3839.0","11136.0","0.0","0.0"
"KANGO-12370","2","7680.0","11136.0","0.0","0.0"
"KANGO-12370","13","-7679.0","6528.0","0.0","0.0"
"KANGO-12370","3","3840.0","11136.0","0.0","0.0"
"KANGO-12370","12","-3839.0","6528.0","0.0","0.0"
"KANGO-12370","11","0.0","6528.0","0.0","0.0"
"KANGO-12370","10","3840.0","6528.0","0.0","0.0"
"KANGO-12370","4","0.0","11136.0","0.0","0.0"
"KANGO-12C36","2","-4361.0","8753.0","0.0","0.0"
"KANGO-12C36","1","3925.0","8753.0","0.0","0.0"
"90980-12F73","2","2239.0","12268.0","0.0","0.0"
"90980-12F73","1","-2293.0","12321.0","0.0","0.0"
"90980-12F73","5","-37.0","2744.0","0.0","0.0"
"90980-12F73","3","-2293.0","8029.0","0.0","0.0"
"90980-12F73","4","2239.0","7976.0","0.0","0.0"
"KANGO-12C76","6","-9600.0","5760.0","0.0","0.0"
"KANGO-12C76","5","-5760.0","5760.0","0.0","0.0"
"KANGO-12C76","2","5760.0","5760.0","0.0","0.0"
"KANGO-12C76","4","-1920.0","5760.0","0.0","0.0"
"KANGO-12C76","1","9600.0","5760.0","0.0","0.0"
"KANGO-12C76","3","1920.0","5760.0","0.0","0.0"
"99159-10627","4","5376.0","3840.0","0.0","0.0"
"99159-10627","2","0.0","9216.0","0.0","0.0"
"99159-10627","5","0.0","3840.0","0.0","0.0"
"99159-10627","3","-5375.0","9216.0","0.0","0.0"
"99159-10627","1","5376.0","9216.0","0.0","0.0"
"99159-10627","6","-5375.0","3840.0","0.0","0.0"
"90980-12A86","9","-3839.0","5376.0","0.0","0.0"
"90980-12A86","1","7680.0","9984.0","0.0","0.0"
"90980-12A86","5","-7679.0","9984.0","0.0","0.0"
"90980-12A86","7","3840.0","5376.0","0.0","0.0"
"90980-12A86","10","-7679.0","5376.0","0.0","0.0"
"90980-12A86","2","3840.0","9984.0","0.0","0.0"
"90980-12A86","6","7680.0","5376.0","0.0","0.0"
"90980-12A86","3","0.0","9984.0","0.0","0.0"
"90980-12A86","4","-3839.0","9984.0","0.0","0.0"
"90980-12A86","8","0.0","5376.0","0.0","0.0"
"90980-12C89","1","6912.0","8448.0","0.0","0.0"
"90980-12C89","2","2304.0","8448.0","0.0","0.0"
"90980-12C89","5","-6911.0","8448.0","0.0","0.0"
"90980-12C89","6","-4607.0","4224.0","0.0","0.0"
"90980-12C89","3","4608.0","4224.0","0.0","0.0"
"90980-12C89","4","-2303.0","8448.0","0.0","0.0"
"90980-11010","1","3456.0","13440.0","0.0","0.0"
"90980-11010","3","3456.0","8832.0","0.0","0.0"
"90980-11010","6","-383.0","4224.0","0.0","0.0"
"90980-11010","2","-383.0","13440.0","0.0","0.0"
"90980-11010","5","3456.0","4224.0","0.0","0.0"
"90980-11010","4","-383.0","8832.0","0.0","0.0"
"90980-11587","4","0.0","8832.0","0.0","0.0"
"90980-11587","6","0.0","4224.0","0.0","0.0"
"90980-11587","1","3840.0","13440.0","0.0","0.0"
"90980-11587","2","0.0","13440.0","0.0","0.0"
"90980-11587","3","3840.0","8832.0","0.0","0.0"
"90980-11587","5","3840.0","4224.0","0.0","0.0"
"90980-11363","1","-4.0","4609.0","0.0","0.0"
"90980-12452","2","1920.0","6951.0","0.0","0.0"
"90980-12452","1","-1920.0","6967.0","0.0","0.0"
"99141-14006","1","4800.0","9600.0","0.0","0.0"
"DUU84-10001","3","-2687.0","9216.0","0.0","0.0"
"DUU84-10001","1","-2687.0","14976.0","0.0","0.0"
"DUU84-10001","4","0.0","3840.0","0.0","0.0"
"DUU84-10001","2","3072.0","9216.0","0.0","0.0"
"90980-11193","1","5432.0","11988.0","0.0","0.0"
"90980-11193","5","-1.0","6559.0","0.0","0.0"
"90980-11193","6","-5431.0","6559.0","0.0","0.0"
"90980-11193","3","-5431.0","11988.0","0.0","0.0"
"90980-11193","4","5432.0","6559.0","0.0","0.0"
"90980-11193","2","-1.0","11988.0","0.0","0.0"
"KANGO-12221","5","5760.0","3840.0","0.0","0.0"
"KANGO-12221","8","-5759.0","3840.0","0.0","0.0"
"KANGO-12221","1","5760.0","8448.0","0.0","0.0"
"KANGO-12221","6","1920.0","3840.0","0.0","0.0"
"KANGO-12221","7","-1919.0","3840.0","0.0","0.0"
"KANGO-12221","2","1920.0","8448.0","0.0","0.0"
"KANGO-12221","4","-5759.0","8448.0","0.0","0.0"
"KANGO-12221","3","-1919.0","8448.0","0.0","0.0"
"90980-11068","2","3067.0","3843.0","0.0","0.0"
"90980-11068","1","-2362.0","3843.0","0.0","0.0"
"90980-12B47","10","-15433.0","12480.0","0.0","0.0"
"90980-12B47","12","19126.0","7872.0","0.0","0.0"
"90980-12B47","8","-7753.0","12480.0","0.0","0.0"
"90980-12B47","14","11446.0","7872.0","0.0","0.0"
"90980-12B47","6","-73.0","12480.0","0.0","0.0"
"90980-12B47","7","-3913.0","12480.0","0.0","0.0"
"90980-12B47","13","15286.0","7872.0","0.0","0.0"
"90980-12B47","15","7606.0","7872.0","0.0","0.0"
"90980-12B47","16","3766.0","7872.0","0.0","0.0"
"90980-12B47","22","-19273.0","7872.0","0.0","0.0"
"90980-12B47","2","15286.0","12480.0","0.0","0.0"
"90980-12B47","9","-11593.0","12480.0","0.0","0.0"
"90980-12B47","5","3766.0","12480.0","0.0","0.0"
"90980-12B47","17","-73.0","7872.0","0.0","0.0"
"90980-12B47","3","11446.0","12480.0","0.0","0.0"
"90980-12B47","19","-7753.0","7872.0","0.0","0.0"
"90980-12B47","4","7606.0","12480.0","0.0","0.0"
"90980-12B47","11","-19273.0","12480.0","0.0","0.0"
"90980-12B47","20","-11593.0","7872.0","0.0","0.0"
"90980-12B47","21","-15433.0","7872.0","0.0","0.0"
"90980-12B47","1","19126.0","12480.0","0.0","0.0"
"90980-12B47","18","-3913.0","7872.0","0.0","0.0"
"90980-12D65","2","2304.0","14208.0","0.0","0.0"
"90980-12D65","5","0.0","4608.0","0.0","0.0"
"90980-12D65","1","-2304.0","14208.0","0.0","0.0"
"90980-12D65","4","2304.0","9600.0","0.0","0.0"
"90980-12D65","3","-2304.0","9600.0","0.0","0.0"
"KANGO-12A59","2","2.0","11908.0","0.0","0.0"
"KANGO-12A59","1","5762.0","11908.0","0.0","0.0"
"KANGO-12A59","4","5762.0","6148.0","0.0","0.0"
"KANGO-12A59","5","2.0","6148.0","0.0","0.0"
"KANGO-12A59","6","-5757.0","6148.0","0.0","0.0"
"KANGO-12A59","3","-5757.0","11908.0","0.0","0.0"
"82675-34020","1","4800.0","9600.0","0.0","0.0"
"90980-12582","4","5760.0","9984.0","0.0","0.0"
"90980-12582","13","9600.0","5376.0","0.0","0.0"
"90980-12582","12","13440.0","5376.0","0.0","0.0"
"90980-12582","3","9600.0","9984.0","0.0","0.0"
"90980-12582","16","-1919.0","5376.0","0.0","0.0"
"90980-12582","9","-13439.0","9984.0","0.0","0.0"
"90980-12582","11","17280.0","5376.0","0.0","0.0"
"90980-12582","19","-13439.0","5376.0","0.0","0.0"
"90980-12582","18","-9599.0","5376.0","0.0","0.0"
"90980-12582","8","-9599.0","9984.0","0.0","0.0"
"90980-12582","2","13440.0","9984.0","0.0","0.0"
"90980-12582","15","1920.0","5376.0","0.0","0.0"
"90980-12582","17","-5759.0","5376.0","0.0","0.0"
"90980-12582","1","17280.0","9984.0","0.0","0.0"
"90980-12582","5","1920.0","9984.0","0.0","0.0"
"90980-12582","7","-5759.0","9984.0","0.0","0.0"
"90980-12582","10","-17279.0","9984.0","0.0","0.0"
"90980-12582","14","5760.0","5376.0","0.0","0.0"
"90980-12582","20","-17279.0","5376.0","0.0","0.0"
"90980-12582","6","-1919.0","9984.0","0.0","0.0"
"90980-11156","2","2713.0","4602.0","0.0","0.0"
"90980-11156","1","-2716.0","4602.0","0.0","0.0"
"82824-33480","9","7680.0","9984.0","0.0","0.0"
"82824-33480","2","15360.0","14592.0","0.0","0.0"
"82824-33480","5","-19199.0","14592.0","0.0","0.0"
"82824-33480","16","-19199.0","9984.0","0.0","0.0"
"82824-33480","11","0.0","9984.0","0.0","0.0"
"82824-33480","4","-15359.0","14592.0","0.0","0.0"
"82824-33480","8","11520.0","9984.0","0.0","0.0"
"82824-33480","6","19200.0","9984.0","0.0","0.0"
"82824-33480","15","-15359.0","9984.0","0.0","0.0"
"82824-33480","14","-11519.0","9984.0","0.0","0.0"
"82824-33480","3","11520.0","14592.0","0.0","0.0"
"82824-33480","1","19200.0","14592.0","0.0","0.0"
"82824-33480","10","3840.0","9984.0","0.0","0.0"
"82824-33480","12","-3839.0","9984.0","0.0","0.0"
"82824-33480","13","-7679.0","9984.0","0.0","0.0"
"82824-33480","7","15360.0","9984.0","0.0","0.0"
"99159-10628","3","-5429.0","10833.0","0.0","0.0"
"99159-10628","2","4.0","10833.0","0.0","0.0"
"99159-10628","4","5431.0","5403.0","0.0","0.0"
"99159-10628","1","5434.0","10833.0","0.0","0.0"
"99159-10628","5","1.0","5403.0","0.0","0.0"
"99159-10628","6","-5429.0","5403.0","0.0","0.0"
"90080-98237","1","1372.0","13573.0","0.0","0.0"
"90080-98237","2","-4048.0","8153.0","0.0","0.0"
"90080-98237","3","1381.0","2743.0","0.0","0.0"
"90980-10916","2","2319.0","2684.0","0.0","0.0"
"90980-10916","1","-2291.0","2703.0","0.0","0.0"
"82675-30080","1","4800.0","9600.0","0.0","0.0"
"90980-10941","1","2701.0","11190.0","0.0","0.0"
"90980-10941","4","-2728.0","5760.0","0.0","0.0"
"90980-10941","3","2701.0","5760.0","0.0","0.0"
"90980-10941","2","-2728.0","11190.0","0.0","0.0"
"90980-12572","1","-2887.0","7291.0","0.0","0.0"
"90980-12572","2","2884.0","7296.0","0.0","0.0"
"90980-12C71","6","9600.0","4224.0","0.0","0.0"
"90980-12C71","5","5760.0","4224.0","0.0","0.0"
"90980-12C71","4","1920.0","4224.0","0.0","0.0"
"90980-12C71","1","-9599.0","4224.0","0.0","0.0"
"90980-12C71","2","-5759.0","4224.0","0.0","0.0"
"90980-12C71","3","-1919.0","4224.0","0.0","0.0"
"99159-10224","2","-2687.0","3647.0","0.0","0.0"
"99159-10224","1","2688.0","3647.0","0.0","0.0"
"90980-12743","17","11512.0","4224.0","0.0","0.0"
"90980-12743","15","-7.0","4224.0","0.0","0.0"
"90980-12743","8","7672.0","8832.0","0.0","0.0"
"90980-12743","12","-22075.0","3840.0","0.0","0.0"
"90980-12743","10","16310.0","9218.0","0.0","0.0"
"90980-12743","16","7672.0","4224.0","0.0","0.0"
"90980-12743","9","11512.0","8832.0","0.0","0.0"
"90980-12743","3","-11527.0","8832.0","0.0","0.0"
"90980-12743","5","-3847.0","8832.0","0.0","0.0"
"90980-12743","7","3832.0","8832.0","0.0","0.0"
"90980-12743","14","-7687.0","4224.0","0.0","0.0"
"90980-12743","1","-22075.0","9220.0","0.0","0.0"
"90980-12743","13","-11527.0","4224.0","0.0","0.0"
"90980-12743","4","-7687.0","8832.0","0.0","0.0"
"90980-12743","18","22066.0","3840.0","0.0","0.0"
"90980-12743","2","-16323.0","9220.0","0.0","0.0"
"90980-12743","6","-7.0","8832.0","0.0","0.0"
"90980-12743","11","22066.0","9220.0","0.0","0.0"
"90980-10958","2","-2683.0","4221.0","0.0","0.0"
"90980-10958","1","1927.0","4240.0","0.0","0.0"
"90980-12709","3","38436.0","10368.0","0.0","0.0"
"90980-12709","19","44072.0","5771.0","0.0","0.0"
"90980-12709","13","-26879.0","10369.0","0.0","0.0"
"90980-12709","22","32551.0","5760.0","0.0","0.0"
"90980-12709","6","26880.0","10371.0","0.0","0.0"
"90980-12709","24","21037.0","5761.0","0.0","0.0"
"90980-12709","25","17197.0","5760.0","0.0","0.0"
"90980-12709","38","-36567.0","5760.0","0.0","0.0"
"90980-12709","39","-40407.0","5760.0","0.0","0.0"
"90980-12709","8","19196.0","10368.0","0.0","0.0"
"90980-12709","16","-38399.0","10368.0","0.0","0.0"
"90980-12709","17","-42239.0","10368.0","0.0","0.0"
"90980-12709","23","24874.0","5761.0","0.0","0.0"
"90980-12709","21","36387.0","5760.0","0.0","0.0"
"90980-12709","15","-34558.0","10368.0","0.0","0.0"
"90980-12709","18","-46079.0","10368.0","0.0","0.0"
"90980-12709","4","34596.0","10368.0","0.0","0.0"
"90980-12709","20","40230.0","5747.0","0.0","0.0"
"90980-12709","34","-17366.0","5758.0","0.0","0.0"
"90980-12709","40","-44246.0","5760.0","0.0","0.0"
"90980-12709","2","42240.0","10368.0","0.0","0.0"
"90980-12709","11","-19199.0","10366.0","0.0","0.0"
"90980-12709","31","-5846.0","5760.0","0.0","0.0"
"90980-12709","35","-21206.0","5762.0","0.0","0.0"
"90980-12709","1","46080.0","10368.0","0.0","0.0"
"90980-12709","36","-25046.0","5762.0","0.0","0.0"
"90980-12709","10","-15359.0","10366.0","0.0","0.0"
"90980-12709","9","15360.0","10368.0","0.0","0.0"
"90980-12709","32","-9686.0","5760.0","0.0","0.0"
"90980-12709","14","-30718.0","10368.0","0.0","0.0"
"90980-12709","12","-23039.0","10369.0","0.0","0.0"
"90980-12709","37","-32726.0","5760.0","0.0","0.0"
"90980-12709","7","23036.0","10368.0","0.0","0.0"
"90980-12709","30","-2005.0","5760.0","0.0","0.0"
"90980-12709","27","9511.0","5759.0","0.0","0.0"
"90980-12709","29","1834.0","5760.0","0.0","0.0"
"90980-12709","5","30720.0","10371.0","0.0","0.0"
"90980-12709","33","-13526.0","5758.0","0.0","0.0"
"90980-12709","28","5674.0","5759.0","0.0","0.0"
"90980-12709","26","13351.0","5760.0","0.0","0.0"
"90980-12D97","14","-8064.0","10751.0","0.0","0.0"
"90980-12D97","4","2688.0","4223.0","0.0","0.0"
"90980-12D97","6","-8064.0","4223.0","0.0","0.0"
"90980-12D97","10","13440.0","10751.0","0.0","0.0"
"90980-12D97","12","2688.0","10751.0","0.0","0.0"
"90980-12D97","3","8064.0","4223.0","0.0","0.0"
"90980-12D97","9","18816.0","10751.0","0.0","0.0"
"90980-12D97","16","-18816.0","10751.0","0.0","0.0"
"90980-12D97","7","-13440.0","4223.0","0.0","0.0"
"90980-12D97","15","-13440.0","10751.0","0.0","0.0"
"90980-12D97","13","-2688.0","10751.0","0.0","0.0"
"90980-12D97","1","18816.0","4223.0","0.0","0.0"
"90980-12D97","11","8064.0","10751.0","0.0","0.0"
"90980-12D97","5","-2688.0","4223.0","0.0","0.0"
"90980-12D97","2","13440.0","4223.0","0.0","0.0"
"90980-12D97","8","-18816.0","4223.0","0.0","0.0"
"82824-58100","B-5","0.0","10752.0","0.0","0.0"
"82824-58100","A-7","13440.0","10752.0","0.0","0.0"
"82824-58100","A-2","17280.0","15360.0","0.0","0.0"
"82824-58100","A-3","13440.0","15360.0","0.0","0.0"
"82824-58100","C-2","-23807.0","12672.0","0.0","0.0"
"82824-58100","A-1","21120.0","15360.0","0.0","0.0"
"82824-58100","A-5","21120.0","10752.0","0.0","0.0"
"82824-58100","B-2","0.0","15360.0","0.0","0.0"
"82824-58100","B-3","-3839.0","15360.0","0.0","0.0"
"82824-58100","B-9","-3839.0","6144.0","0.0","0.0"
"82824-58100","A-4","9600.0","15360.0","0.0","0.0"
"82824-58100","B-1","3840.0","15360.0","0.0","0.0"
"82824-58100","B-6","-3839.0","10752.0","0.0","0.0"
"82824-58100","A-6","17280.0","10752.0","0.0","0.0"
"82824-58100","A-8","9600.0","10752.0","0.0","0.0"
"82824-58100","A-9","21120.0","6144.0","0.0","0.0"
"82824-58100","A-10","9600.0","6144.0","0.0","0.0"
"82824-58100","B-4","3840.0","10752.0","0.0","0.0"
"82824-58100","C-1","-13055.0","12672.0","0.0","0.0"
"82824-58100","B-7","3840.0","6144.0","0.0","0.0"
"82824-58100","B-8","0.0","6144.0","0.0","0.0"
"90980-12737","8","-8615.0","3114.0","0.0","0.0"
"90980-12737","7","-14366.0","3114.0","0.0","0.0"
"90980-12737","1","-14373.0","8454.0","0.0","0.0"
"90980-12737","10","2892.0","3098.0","0.0","0.0"
"90980-12737","5","8677.0","8451.0","0.0","0.0"
"90980-12737","9","-2863.0","3102.0","0.0","0.0"
"90980-12737","2","-8599.0","8462.0","0.0","0.0"
"90980-12737","4","2857.0","8481.0","0.0","0.0"
"90980-12737","3","-2854.0","8476.0","0.0","0.0"
"90980-12737","6","14388.0","8447.0","0.0","0.0"
"90980-12737","11","8610.0","3064.0","0.0","0.0"
"90980-12737","12","14389.0","3117.0","0.0","0.0"
"82675-33240","1","5351.0","7872.0","0.0","0.0"
"KANGO-11667","2","0.0","3082.0","0.0","0.0"
"KANGO-11667","3","-5759.0","3840.0","0.0","0.0"
"KANGO-11667","1","5760.0","3840.0","0.0","0.0"
"82824-52380","22","-3839.0","2688.0","0.0","0.0"
"82824-52380","10","-3839.0","7296.0","0.0","0.0"
"82824-52380","19","-19200.0","2688.0","0.0","0.0"
"82824-52380","9","-7680.0","7296.0","0.0","0.0"
"82824-52380","23","3840.0","2688.0","0.0","0.0"
"82824-52380","28","26880.0","2688.0","0.0","0.0"
"82824-52380","20","-11519.0","2688.0","0.0","0.0"
"82824-52380","18","-23019.0","2688.0","0.0","0.0"
"82824-52380","12","7680.0","7296.0","0.0","0.0"
"82824-52380","4","24960.0","12292.0","0.0","0.0"
"82824-52380","1","-24959.0","12292.0","0.0","0.0"
"82824-52380","13","11520.0","7296.0","0.0","0.0"
"82824-52380","21","-7680.0","2688.0","0.0","0.0"
"82824-52380","27","23040.0","2688.0","0.0","0.0"
"82824-52380","7","-19199.0","7296.0","0.0","0.0"
"82824-52380","24","7680.0","2688.0","0.0","0.0"
"82824-52380","15","23040.0","7296.0","0.0","0.0"
"82824-52380","6","-23040.0","7296.0","0.0","0.0"
"82824-52380","25","11520.0","2688.0","0.0","0.0"
"82824-52380","11","3840.0","7296.0","0.0","0.0"
"82824-52380","5","-26880.0","7296.0","0.0","0.0"
"82824-52380","3","17280.0","12292.0","0.0","0.0"
"82824-52380","2","-17279.0","12292.0","0.0","0.0"
"82824-52380","16","26880.0","7296.0","0.0","0.0"
"82824-52380","8","-11520.0","7296.0","0.0","0.0"
"82824-52380","14","19200.0","7296.0","0.0","0.0"
"82824-52380","26","19200.0","2688.0","0.0","0.0"
"82824-52380","17","-26879.0","2688.0","0.0","0.0"
"90980-12E32","17","42240.0","7296.0","0.0","0.0"
"90980-12E32","29","21120.0","2688.0","0.0","0.0"
"90980-12E32","13","26880.0","7296.0","0.0","0.0"
"90980-12E32","3","-38400.0","7296.0","0.0","0.0"
"90980-12E32","28","17280.0","2688.0","0.0","0.0"
"90980-12E32","24","-21120.0","2688.0","0.0","0.0"
"90980-12E32","34","44160.0","2688.0","0.0","0.0"
"90980-12E32","4","-34560.0","7296.0","0.0","0.0"
"90980-12E32","11","19200.0","7295.0","0.0","0.0"
"90980-12E32","32","36480.0","2688.0","0.0","0.0"
"90980-12E32","15","34560.0","7296.0","0.0","0.0"
"90980-12E32","14","30720.0","7296.0","0.0","0.0"
"90980-12E32","26","-13440.0","2688.0","0.0","0.0"
"90980-12E32","1","-46080.0","7295.0","0.0","0.0"
"90980-12E32","25","-17280.0","2688.0","0.0","0.0"
"90980-12E32","22","-32640.0","2688.0","0.0","0.0"
"90980-12E32","10","15360.0","7295.0","0.0","0.0"
"90980-12E32","30","24960.0","2688.0","0.0","0.0"
"90980-12E32","12","23040.0","7296.0","0.0","0.0"
"90980-12E32","21","-36480.0","2688.0","0.0","0.0"
"90980-12E32","31","32640.0","2687.0","0.0","0.0"
"90980-12E32","20","-40320.0","2688.0","0.0","0.0"
"90980-12E32","9","-15359.0","7296.0","0.0","0.0"
"90980-12E32","33","40320.0","2688.0","0.0","0.0"
"90980-12E32","6","-26880.0","7296.0","0.0","0.0"
"90980-12E32","16","38400.0","7296.0","0.0","0.0"
"90980-12E32","27","13440.0","2688.0","0.0","0.0"
"90980-12E32","5","-30720.0","7296.0","0.0","0.0"
"90980-12E32","8","-19200.0","7296.0","0.0","0.0"
"90980-12E32","18","46080.0","7296.0","0.0","0.0"
"90980-12E32","2","-42240.0","7296.0","0.0","0.0"
"90980-12E32","23","-24960.0","2688.0","0.0","0.0"
"90980-12E32","7","-23040.0","7296.0","0.0","0.0"
"90980-12E32","19","-44160.0","2688.0","0.0","0.0"
"90980-10735","1","-2709.0","5375.0","0.0","0.0"
"90980-10735","2","2720.0","5375.0","0.0","0.0"
"90980-12909","6","26330.0","11898.0","0.0","0.0"
"90980-12909","18","26350.0","7300.0","0.0","0.0"
"90980-12909","26","7122.0","2676.0","0.0","0.0"
"90980-12909","3","-19766.0","11908.0","0.0","0.0"
"90980-12909","2","-23625.0","11897.0","0.0","0.0"
"90980-12909","22","-12102.0","2679.0","0.0","0.0"
"90980-12909","16","18620.0","7305.0","0.0","0.0"
"90980-12909","30","26323.0","2696.0","0.0","0.0"
"90980-12909","8","-23602.0","7300.0","0.0","0.0"
"90980-12909","19","-27431.0","2689.0","0.0","0.0"
"90980-12909","28","18627.0","2699.0","0.0","0.0"
"90980-12909","1","-27431.0","11899.0","0.0","0.0"
"90980-12909","25","3268.0","2689.0","0.0","0.0"
"90980-12909","17","22494.0","7301.0","0.0","0.0"
"90980-12909","14","7112.0","7281.0","0.0","0.0"
"90980-12909","7","-27427.0","7306.0","0.0","0.0"
"90980-12909","9","-19784.0","7294.0","0.0","0.0"
"90980-12909","23","-8280.0","2683.0","0.0","0.0"
"90980-12909","13","3206.0","7284.0","0.0","0.0"
"90980-12909","24","-4417.0","2686.0","0.0","0.0"
"90980-12909","15","10918.0","7332.0","0.0","0.0"
"90980-12909","5","22470.0","11907.0","0.0","0.0"
"90980-12909","11","-8220.0","7299.0","0.0","0.0"
"90980-12909","20","-23616.0","2695.0","0.0","0.0"
"90980-12909","10","-12046.0","7282.0","0.0","0.0"
"90980-12909","12","-4425.0","7303.0","0.0","0.0"
"90980-12909","27","10917.0","2698.0","0.0","0.0"
"90980-12909","4","18635.0","11904.0","0.0","0.0"
"90980-12909","29","22489.0","2711.0","0.0","0.0"
"90980-12909","21","-19779.0","2695.0","0.0","0.0"
"90980-10996","1","-5749.0","8441.0","0.0","0.0"
"90980-10996","4","-1920.0","3812.0","0.0","0.0"
"90980-10996","6","5757.0","3831.0","0.0","0.0"
"90980-10996","5","1928.0","3850.0","0.0","0.0"
"90980-10996","2","5757.0","8441.0","0.0","0.0"
"90980-10996","3","-5768.0","3831.0","0.0","0.0"
"G92SF-10050","4","3466.0","2932.0","0.0","0.0"
"G92SF-10050","2","3565.0","8254.0","0.0","0.0"
"G92SF-10050","1","-3564.0","8254.0","0.0","0.0"
"G92SF-10050","3","-3465.0","2932.0","0.0","0.0"
"KANGO-12747","1","2690.0","6912.0","0.0","0.0"
"KANGO-12747","2","-2685.0","6912.0","0.0","0.0"
"99159-10487","2","3840.0","4416.0","0.0","0.0"
"99159-10487","1","-3839.0","4416.0","0.0","0.0"
"99159-10487","3","0.0","13056.0","0.0","0.0"
"99159-10487","5","0.0","9216.0","0.0","0.0"
"99159-10487","4","0.0","4416.0","0.0","0.0"
"90980-11921","1","-9215.0","2304.0","0.0","0.0"
"90980-11921","3","0.0","2304.0","0.0","0.0"
"90980-11921","4","4608.0","2304.0","0.0","0.0"
"90980-11921","5","9216.0","2304.0","0.0","0.0"
"90980-11921","2","-4607.0","2304.0","0.0","0.0"
"90980-12F74","2","3054.0","4577.0","0.0","0.0"
"90980-12F74","1","-3092.0","4577.0","0.0","0.0"
"KANGO-12F86","18","-2657.0","10325.0","0.0","0.0"
"KANGO-12F86","1","13421.0","27598.0","0.0","0.0"
"KANGO-12F86","6","8066.0","21817.0","0.0","0.0"
"KANGO-12F86","7","-2685.0","21817.0","0.0","0.0"
"KANGO-12F86","9","13435.0","16078.0","0.0","0.0"
"KANGO-12F86","8","-13436.0","21817.0","0.0","0.0"
"KANGO-12F86","16","8094.0","10325.0","0.0","0.0"
"KANGO-12F86","17","2719.0","10325.0","0.0","0.0"
"KANGO-12F86","15","13470.0","10325.0","0.0","0.0"
"KANGO-12F86","3","-2706.0","27598.0","0.0","0.0"
"KANGO-12F86","5","-13457.0","27598.0","0.0","0.0"
"KANGO-12F86","2","8045.0","27598.0","0.0","0.0"
"KANGO-12F86","12","-2692.0","16078.0","0.0","0.0"
"KANGO-12F86","19","-8032.0","10325.0","0.0","0.0"
"KANGO-12F86","20","-13408.0","10325.0","0.0","0.0"
"KANGO-12F86","4","-8081.0","27598.0","0.0","0.0"
"KANGO-12F86","11","2683.0","16078.0","0.0","0.0"
"KANGO-12F86","13","-8068.0","16078.0","0.0","0.0"
"KANGO-12F86","10","8059.0","16078.0","0.0","0.0"
"KANGO-12F86","14","-13444.0","16078.0","0.0","0.0"
"K8201-0R070","1","3072.0","4991.0","0.0","0.0"
"K8201-0R070","2","-3072.0","4992.0","0.0","0.0"
"G96G1-F4010","45","4404.0","8458.0","0.0","0.0"
"G96G1-F4010","5","21684.0","27274.0","0.0","0.0"
"G96G1-F4010","52","-39935.0","11904.0","0.0","0.0"
"G96G1-F4010","35","-29202.0","18816.0","0.0","0.0"
"G96G1-F4010","2","38964.0","27274.0","0.0","0.0"
"G96G1-F4010","46","-1355.0","8458.0","0.0","0.0"
"G96G1-F4010","16","33204.0","21514.0","0.0","0.0"
"G96G1-F4010","20","10164.0","21514.0","0.0","0.0"
"G96G1-F4010","19","15924.0","21514.0","0.0","0.0"
"G96G1-F4010","33","-18450.0","18816.0","0.0","0.0"
"G96G1-F4010","15","38964.0","21514.0","0.0","0.0"
"G96G1-F4010","4","27444.0","27274.0","0.0","0.0"
"G96G1-F4010","48","-18431.0","11904.0","0.0","0.0"
"G96G1-F4010","21","4404.0","21514.0","0.0","0.0"
"G96G1-F4010","23","44724.0","14218.0","0.0","0.0"
"G96G1-F4010","3","33204.0","27274.0","0.0","0.0"
"G96G1-F4010","14","44724.0","21514.0","0.0","0.0"
"G96G1-F4010","11","-29183.0","25728.0","0.0","0.0"
"G96G1-F4010","32","-13055.0","18816.0","0.0","0.0"
"G96G1-F4010","9","-1355.0","27274.0","0.0","0.0"
"G96G1-F4010","18","21684.0","21514.0","0.0","0.0"
"G96G1-F4010","10","-23807.0","25728.0","0.0","0.0"
"G96G1-F4010","40","33204.0","8458.0","0.0","0.0"
"G96G1-F4010","29","10164.0","14218.0","0.0","0.0"
"G96G1-F4010","17","27444.0","21514.0","0.0","0.0"
"G96G1-F4010","22","-1355.0","21514.0","0.0","0.0"
"G96G1-F4010","51","-34559.0","11904.0","0.0","0.0"
"G96G1-F4010","36","-34578.0","18816.0","0.0","0.0"
"G96G1-F4010","43","15924.0","8458.0","0.0","0.0"
"G96G1-F4010","24","38964.0","14218.0","0.0","0.0"
"G96G1-F4010","1","44724.0","27274.0","0.0","0.0"
"G96G1-F4010","8","4404.0","27274.0","0.0","0.0"
"G96G1-F4010","7","10164.0","27274.0","0.0","0.0"
"G96G1-F4010","49","-23807.0","11904.0","0.0","0.0"
"G96G1-F4010","42","21684.0","8458.0","0.0","0.0"
"G96G1-F4010","31","-1355.0","14218.0","0.0","0.0"
"G96G1-F4010","37","-39935.0","18816.0","0.0","0.0"
"G96G1-F4010","39","38964.0","8458.0","0.0","0.0"
"G96G1-F4010","30","4404.0","14218.0","0.0","0.0"
"G96G1-F4010","28","15924.0","14218.0","0.0","0.0"
"G96G1-F4010","50","-29183.0","11904.0","0.0","0.0"
"G96G1-F4010","13","-39935.0","25728.0","0.0","0.0"
"G96G1-F4010","26","27442.0","14218.0","0.0","0.0"
"G96G1-F4010","38","44724.0","8458.0","0.0","0.0"
"G96G1-F4010","34","-23807.0","18816.0","0.0","0.0"
"G96G1-F4010","25","33204.0","14218.0","0.0","0.0"
"G96G1-F4010","44","10164.0","8458.0","0.0","0.0"
"G96G1-F4010","47","-13055.0","11904.0","0.0","0.0"
"G96G1-F4010","27","21684.0","14218.0","0.0","0.0"
"G96G1-F4010","41","27444.0","8458.0","0.0","0.0"
"G96G1-F4010","12","-34540.0","25728.0","0.0","0.0"
"G96G1-F4010","6","15924.0","27274.0","0.0","0.0"
"90980-11016","1","-2713.0","8188.0","0.0","0.0"
"90980-11016","3","-6.0","3484.0","0.0","0.0"
"90980-11016","2","2716.0","8188.0","0.0","0.0"
"90980-12559","10","1920.0","4224.0","0.0","0.0"
"90980-12559","3","-1919.0","8832.0","0.0","0.0"
"90980-12559","12","9600.0","4224.0","0.0","0.0"
"90980-12559","9","-1919.0","4224.0","0.0","0.0"
"90980-12559","2","-5759.0","8832.0","0.0","0.0"
"90980-12559","4","1920.0","8832.0","0.0","0.0"
"90980-12559","1","-9599.0","8832.0","0.0","0.0"
"90980-12559","6","9600.0","8832.0","0.0","0.0"
"90980-12559","8","-5759.0","4224.0","0.0","0.0"
"90980-12559","7","-9599.0","4224.0","0.0","0.0"
"90980-12559","5","5760.0","8832.0","0.0","0.0"
"90980-12559","11","5760.0","4224.0","0.0","0.0"
"90980-12898","1","-5749.0","13448.0","0.0","0.0"
"90980-12898","8","5771.0","8830.0","0.0","0.0"
"90980-12898","9","-5745.0","4235.0","0.0","0.0"
"90980-12898","2","-1926.0","13436.0","0.0","0.0"
"90980-12898","6","-1923.0","8830.0","0.0","0.0"
"90980-12898","3","1921.0","13447.0","0.0","0.0"
"90980-12898","10","5763.0","4224.0","0.0","0.0"
"90980-12898","5","-5750.0","8839.0","0.0","0.0"
"90980-12898","7","1933.0","8843.0","0.0","0.0"
"90980-12898","4","5772.0","13449.0","0.0","0.0"
"90980-12D22","1","-6332.0","8454.0","0.0","0.0"
"90980-12D22","2","189.0","8454.0","0.0","0.0"
"90980-12D22","3","6719.0","8454.0","0.0","0.0"
"90980-12D22","4","-6334.0","3075.0","0.0","0.0"
"90980-12D22","5","193.0","3074.0","0.0","0.0"
"90980-12D22","6","6720.0","3074.0","0.0","0.0"
"90980-12937","2","1902.0","4224.0","0.0","0.0"
"90980-12937","1","-1917.0","4221.0","0.0","0.0"
"90980-12D15","1","-4851.0","8913.0","0.0","0.0"
"90980-12D15","6","6008.0","3482.0","0.0","0.0"
"90980-12D15","4","-4851.0","3483.0","0.0","0.0"
"90980-12D15","2","578.0","8913.0","0.0","0.0"
"90980-12D15","5","578.0","3482.0","0.0","0.0"
"90980-12D15","3","6008.0","8913.0","0.0","0.0"
"90980-12323","2","6912.0","2304.0","0.0","0.0"
"90980-12323","1","-6911.0","2304.0","0.0","0.0"
"90980-12F32","1","-5759.0","8832.0","0.0","0.0"
"90980-12F32","7","1920.0","4224.0","0.0","0.0"
"90980-12F32","2","-1919.0","8832.0","0.0","0.0"
"90980-12F32","3","1920.0","8832.0","0.0","0.0"
"90980-12F32","4","5760.0","8832.0","0.0","0.0"
"90980-12F32","5","-5759.0","4224.0","0.0","0.0"
"90980-12F32","6","-1919.0","4224.0","0.0","0.0"
"90980-12F32","8","5760.0","4224.0","0.0","0.0"
"90980-12736","5","-8637.0","11520.0","0.0","0.0"
"90980-12736","9","2880.0","6140.0","0.0","0.0"
"90980-12736","4","-2877.0","11520.0","0.0","0.0"
"90980-12736","10","-2875.0","6140.0","0.0","0.0"
"90980-12736","12","-14387.0","6140.0","0.0","0.0"
"90980-12736","1","14396.0","11521.0","0.0","0.0"
"90980-12736","3","2878.0","11520.0","0.0","0.0"
"90980-12736","11","-8631.0","6140.0","0.0","0.0"
"90980-12736","7","14394.0","6140.0","0.0","0.0"
"90980-12736","8","8636.0","6140.0","0.0","0.0"
"90980-12736","6","-14391.0","11520.0","0.0","0.0"
"90980-12736","2","8638.0","11521.0","0.0","0.0"
"KANGO-12D16","1","2882.0","6144.0","0.0","0.0"
"KANGO-12D16","2","-2878.0","6144.0","0.0","0.0"
"KANGO-12D17","3","-5566.0","6144.0","0.0","0.0"
"KANGO-12D17","2","194.0","6144.0","0.0","0.0"
"KANGO-12D17","1","5953.0","6144.0","0.0","0.0"
"SPLCE-00001","1","1.0","2711.0","0.0","0.0"
"90980-12F87","24","-22660.0","17998.0","0.0","0.0"
"90980-12F87","1","14957.0","29518.0","0.0","0.0"
"90980-12F87","3","4205.0","29518.0","0.0","0.0"
"90980-12F87","19","4219.0","17998.0","0.0","0.0"
"90980-12F87","12","-1149.0","23737.0","0.0","0.0"
"90980-12F87","31","-17248.0","12245.0","0.0","0.0"
"90980-12F87","7","-17297.0","29518.0","0.0","0.0"
"90980-12F87","27","4254.0","12245.0","0.0","0.0"
"90980-12F87","22","-11908.0","17998.0","0.0","0.0"
"90980-12F87","30","-11872.0","12245.0","0.0","0.0"
"90980-12F87","28","-1121.0","12245.0","0.0","0.0"
"90980-12F87","14","-11900.0","23737.0","0.0","0.0"
"90980-12F87","32","-22624.0","12245.0","0.0","0.0"
"90980-12F87","13","-6524.0","23737.0","0.0","0.0"
"90980-12F87","20","-1156.0","17998.0","0.0","0.0"
"90980-12F87","23","-17284.0","17998.0","0.0","0.0"
"90980-12F87","10","9602.0","23737.0","0.0","0.0"
"90980-12F87","5","-6545.0","29518.0","0.0","0.0"
"90980-12F87","11","4226.0","23737.0","0.0","0.0"
"90980-12F87","8","-22673.0","29518.0","0.0","0.0"
"90980-12F87","25","15006.0","12245.0","0.0","0.0"
"90980-12F87","6","-11921.0","29518.0","0.0","0.0"
"90980-12F87","4","-1170.0","29518.0","0.0","0.0"
"90980-12F87","17","14971.0","17998.0","0.0","0.0"
"90980-12F87","18","9595.0","17998.0","0.0","0.0"
"90980-12F87","26","9630.0","12245.0","0.0","0.0"
"90980-12F87","9","14978.0","23737.0","0.0","0.0"
"90980-12F87","16","-22652.0","23737.0","0.0","0.0"
"90980-12F87","21","-6532.0","17998.0","0.0","0.0"
"90980-12F87","29","-6496.0","12245.0","0.0","0.0"
"90980-12F87","2","9581.0","29518.0","0.0","0.0"
"90980-12F87","15","-17276.0","23737.0","0.0","0.0"
"90980-12C38","10","-12859.0","7680.0","0.0","0.0"
"90980-12C38","4","-6331.0","13056.0","0.0","0.0"
"90980-12C38","6","13248.0","7682.0","0.0","0.0"
"90980-12C38","1","13248.0","13062.0","0.0","0.0"
"90980-12C38","3","196.0","13056.0","0.0","0.0"
"90980-12C38","5","-12859.0","13056.0","0.0","0.0"
"90980-12C38","8","193.0","7682.0","0.0","0.0"
"90980-12C38","2","6724.0","13056.0","0.0","0.0"
"90980-12C38","7","6721.0","7682.0","0.0","0.0"
"90980-12C38","9","-6334.0","7682.0","0.0","0.0"
"90980-12E36","25","-17280.0","3456.0","0.0","0.0"
"90980-12E36","26","-13440.0","3455.0","0.0","0.0"
"90980-12E36","31","32640.0","3455.0","0.0","0.0"
"90980-12E36","22","-32640.0","3455.0","0.0","0.0"
"90980-12E36","35","-1920.0","3456.0","0.0","0.0"
"90980-12E36","2","-42240.0","8064.0","0.0","0.0"
"90980-12E36","5","-30720.0","8064.0","0.0","0.0"
"90980-12E36","28","17280.0","3456.0","0.0","0.0"
"90980-12E36","23","-24960.0","3456.0","0.0","0.0"
"90980-12E36","1","-46080.0","8064.0","0.0","0.0"
"90980-12E36","15","34560.0","8064.0","0.0","0.0"
"90980-12E36","24","-21120.0","3456.0","0.0","0.0"
"90980-12E36","30","24960.0","3455.0","0.0","0.0"
"90980-12E36","6","-26880.0","8064.0","0.0","0.0"
"90980-12E36","21","-36480.0","3455.0","0.0","0.0"
"90980-12E36","36","1920.0","3456.0","0.0","0.0"
"90980-12E36","18","46080.0","8064.0","0.0","0.0"
"90980-12E36","17","42240.0","8064.0","0.0","0.0"
"90980-12E36","3","-38400.0","8064.0","0.0","0.0"
"90980-12E36","16","38400.0","8064.0","0.0","0.0"
"90980-12E36","10","15360.0","8064.0","0.0","0.0"
"90980-12E36","32","36480.0","3456.0","0.0","0.0"
"90980-12E36","11","19200.0","8064.0","0.0","0.0"
"90980-12E36","9","-15360.0","8064.0","0.0","0.0"
"90980-12E36","29","21120.0","3455.0","0.0","0.0"
"90980-12E36","14","30720.0","8064.0","0.0","0.0"
"90980-12E36","4","-34560.0","8064.0","0.0","0.0"
"90980-12E36","20","-40320.0","3456.0","0.0","0.0"
"90980-12E36","27","13440.0","3455.0","0.0","0.0"
"90980-12E36","12","23040.0","8064.0","0.0","0.0"
"90980-12E36","13","26880.0","8064.0","0.0","0.0"
"90980-12E36","34","44160.0","3455.0","0.0","0.0"
"90980-12E36","7","-23040.0","8064.0","0.0","0.0"
"90980-12E36","33","40320.0","3456.0","0.0","0.0"
"90980-12E36","8","-19200.0","8064.0","0.0","0.0"
"90980-12E36","19","-44160.0","3456.0","0.0","0.0"
"90980-12D16","1","-2880.0","5376.0","0.0","0.0"
"90980-12D16","2","2879.0","5376.0","0.0","0.0"
"90980-12F31","3","-1920.0","10768.0","0.0","0.0"
"90980-12F31","8","-5760.0","6160.0","0.0","0.0"
"90980-12F31","1","5760.0","10768.0","0.0","0.0"
"90980-12F31","4","-5760.0","10768.0","0.0","0.0"
"90980-12F31","6","1920.0","6160.0","0.0","0.0"
"90980-12F31","5","5760.0","6160.0","0.0","0.0"
"90980-12F31","7","-1920.0","6160.0","0.0","0.0"
"90980-12F31","2","1920.0","10768.0","0.0","0.0"
"82675-50180","1","4582.0","9408.0","0.0","0.0"
"KANGO-11909","2","4608.0","3072.0","0.0","0.0"
"KANGO-11909","1","9216.0","3072.0","0.0","0.0"
"KANGO-11909","4","-4607.0","3072.0","0.0","0.0"
"KANGO-11909","3","0.0","3072.0","0.0","0.0"
"KANGO-11909","5","-9215.0","3072.0","0.0","0.0"
"82824-75030","10","-2880.0","6144.0","0.0","0.0"
"82824-75030","12","-14400.0","6144.0","0.0","0.0"
"82824-75030","1","14400.0","11520.0","0.0","0.0"
"82824-75030","4","-2880.0","11520.0","0.0","0.0"
"82824-75030","2","8640.0","11520.0","0.0","0.0"
"82824-75030","9","2880.0","6144.0","0.0","0.0"
"82824-75030","6","-14400.0","11519.0","0.0","0.0"
"82824-75030","7","14400.0","6144.0","0.0","0.0"
"82824-75030","8","8640.0","6144.0","0.0","0.0"
"82824-75030","5","-8640.0","11519.0","0.0","0.0"
"82824-75030","11","-8640.0","6144.0","0.0","0.0"
"82824-75030","3","2880.0","11520.0","0.0","0.0"
"82675-16080","1","4800.0","9600.0","0.0","0.0"
"90980-12908","5","-26865.0","7313.0","0.0","0.0"
"90980-12908","26","19218.0","2712.0","0.0","0.0"
"90980-12908","17","-26888.0","2690.0","0.0","0.0"
"90980-12908","11","3870.0","7325.0","0.0","0.0"
"90980-12908","18","-23043.0","2700.0","0.0","0.0"
"90980-12908","15","23057.0","7296.0","0.0","0.0"
"90980-12908","7","-19212.0","7281.0","0.0","0.0"
"90980-12908","1","-24948.0","12274.0","0.0","0.0"
"90980-12908","13","11532.0","7311.0","0.0","0.0"
"90980-12908","14","19180.0","7282.0","0.0","0.0"
"90980-12908","10","-3813.0","7328.0","0.0","0.0"
"90980-12908","4","24953.0","12304.0","0.0","0.0"
"90980-12908","21","-7685.0","2733.0","0.0","0.0"
"90980-12908","27","23049.0","2720.0","0.0","0.0"
"90980-12908","23","3858.0","2694.0","0.0","0.0"
"90980-12908","6","-23056.0","7315.0","0.0","0.0"
"90980-12908","25","11521.0","2693.0","0.0","0.0"
"90980-12908","8","-11494.0","7312.0","0.0","0.0"
"90980-12908","19","-19195.0","2694.0","0.0","0.0"
"90980-12908","20","-11520.0","2735.0","0.0","0.0"
"90980-12908","16","26919.0","7320.0","0.0","0.0"
"90980-12908","24","7684.0","2691.0","0.0","0.0"
"90980-12908","3","17285.0","12309.0","0.0","0.0"
"90980-12908","12","7689.0","7291.0","0.0","0.0"
"90980-12908","28","26908.0","2676.0","0.0","0.0"
"90980-12908","9","-7671.0","7301.0","0.0","0.0"
"90980-12908","2","-17260.0","12309.0","0.0","0.0"
"90980-12908","22","-3861.0","2715.0","0.0","0.0"
"90980-12C82","3","0.0","4224.0","0.0","0.0"
"90980-12C82","1","-2495.0","8064.0","0.0","0.0"
"90980-12C82","2","2496.0","8064.0","0.0","0.0"
"90980-12C80","1","-2495.0","8064.0","0.0","0.0"
"90980-12C80","2","2496.0","8064.0","0.0","0.0"
"90980-12C80","3","0.0","4224.0","0.0","0.0"
"K8201-47720","1","0.0","3840.0","0.0","0.0"
"90980-11930","2","2689.0","9983.0","0.0","0.0"
"90980-11930","3","-2683.0","4611.0","0.0","0.0"
"90980-11930","4","2695.0","4591.0","0.0","0.0"
"90980-11930","1","-2683.0","9983.0","0.0","0.0"
"90980-10915","1","2309.0","3479.0","0.0","0.0"
"90980-10915","2","-2301.0","3460.0","0.0","0.0"
"90980-12624","16","21120.0","5760.0","0.0","0.0"
"90980-12624","13","-21119.0","10368.0","0.0","0.0"
"90980-12624","8","-1919.0","10368.0","0.0","0.0"
"90980-12624","19","9600.0","5760.0","0.0","0.0"
"90980-12624","4","13440.0","10368.0","0.0","0.0"
"90980-12624","20","5760.0","5760.0","0.0","0.0"
"90980-12624","21","1920.0","5760.0","0.0","0.0"
"90980-12624","28","-24959.0","5760.0","0.0","0.0"
"90980-12624","9","-5759.0","10361.0","0.0","0.0"
"90980-12624","15","24960.0","5760.0","0.0","0.0"
"90980-12624","18","13440.0","5760.0","0.0","0.0"
"90980-12624","3","17280.0","10368.0","0.0","0.0"
"90980-12624","7","1920.0","10368.0","0.0","0.0"
"90980-12624","27","-21119.0","5760.0","0.0","0.0"
"90980-12624","22","-1919.0","5760.0","0.0","0.0"
"90980-12624","6","5760.0","10370.0","0.0","0.0"
"90980-12624","2","21120.0","10368.0","0.0","0.0"
"90980-12624","1","24960.0","10368.0","0.0","0.0"
"90980-12624","11","-13439.0","10368.0","0.0","0.0"
"90980-12624","26","-17279.0","5760.0","0.0","0.0"
"90980-12624","25","-13439.0","5760.0","0.0","0.0"
"90980-12624","12","-17279.0","10368.0","0.0","0.0"
"90980-12624","17","17280.0","5760.0","0.0","0.0"
"90980-12624","23","-5759.0","5760.0","0.0","0.0"
"90980-12624","24","-9599.0","5760.0","0.0","0.0"
"90980-12624","5","9600.0","10370.0","0.0","0.0"
"90980-12624","14","-24959.0","10368.0","0.0","0.0"
"90980-12624","10","-9599.0","10361.0","0.0","0.0"
"90980-12F90","3","3456.0","12480.0","0.0","0.0"
"90980-12F90","4","-3455.0","12480.0","0.0","0.0"
"90980-12F90","1","3456.0","17286.0","0.0","0.0"
"90980-12F90","2","-3455.0","17280.0","0.0","0.0"
"90980-12F64","1","378.0","3855.0","0.0","0.0"
"KANGO-12366","1","7680.0","5376.0","0.0","0.0"
"KANGO-12366","5","-7679.0","5376.0","0.0","0.0"
"KANGO-12366","4","-3839.0","5376.0","0.0","0.0"
"KANGO-12366","3","0.0","5376.0","0.0","0.0"
"KANGO-12366","2","3840.0","5376.0","0.0","0.0"
"90980-10794","3","1920.0","4224.0","0.0","0.0"
"90980-10794","4","-1919.0","4224.0","0.0","0.0"
"90980-10794","2","-1919.0","8832.0","0.0","0.0"
"90980-10794","1","1920.0","8832.0","0.0","0.0"
"82824-73030","5","-8640.0","11519.0","0.0","0.0"
"82824-73030","3","2880.0","11520.0","0.0","0.0"
"82824-73030","11","-8640.0","6144.0","0.0","0.0"
"82824-73030","4","-2880.0","11520.0","0.0","0.0"
"82824-73030","6","-14400.0","11519.0","0.0","0.0"
"82824-73030","9","2880.0","6144.0","0.0","0.0"
"82824-73030","7","14400.0","6144.0","0.0","0.0"
"82824-73030","10","-2880.0","6144.0","0.0","0.0"
"82824-73030","8","8640.0","6144.0","0.0","0.0"
"82824-73030","12","-14400.0","6144.0","0.0","0.0"
"82824-73030","1","14400.0","11520.0","0.0","0.0"
"82824-73030","2","8640.0","11520.0","0.0","0.0"
"90980-11663","1","-4855.0","8913.0","0.0","0.0"
"90980-11663","2","574.0","8913.0","0.0","0.0"
"90980-11663","6","6004.0","3482.0","0.0","0.0"
"90980-11663","5","574.0","3483.0","0.0","0.0"
"90980-11663","3","6004.0","8913.0","0.0","0.0"
"90980-11663","4","-4855.0","3482.0","0.0","0.0"
"KANGO-12550","3","5760.0","5376.0","0.0","0.0"
"KANGO-12550","6","-5759.0","5376.0","0.0","0.0"
"KANGO-12550","5","-1919.0","5376.0","0.0","0.0"
"KANGO-12550","2","9600.0","5376.0","0.0","0.0"
"KANGO-12550","8","-13439.0","5376.0","0.0","0.0"
"KANGO-12550","4","1920.0","5376.0","0.0","0.0"
"KANGO-12550","7","-9599.0","5376.0","0.0","0.0"
"KANGO-12550","1","13440.0","5376.0","0.0","0.0"
"90980-09A42","1","-6066.0","2688.0","0.0","0.0"
"90980-09A42","2","5453.0","2688.0","0.0","0.0"
"90980-12423","16","19227.0","6976.0","0.0","0.0"
"90980-12423","1","-19224.0","11556.0","0.0","0.0"
"90980-12423","2","-15375.0","11541.0","0.0","0.0"
"90980-12423","12","3835.0","6932.0","0.0","0.0"
"90980-12423","6","-19191.0","6902.0","0.0","0.0"
"90980-12423","7","-15368.0","6939.0","0.0","0.0"
"90980-12423","10","-3855.0","6913.0","0.0","0.0"
"90980-12423","15","15341.0","6961.0","0.0","0.0"
"90980-12423","9","-7659.0","6924.0","0.0","0.0"
"90980-12423","11","26.0","6940.0","0.0","0.0"
"90980-12423","8","-11485.0","6925.0","0.0","0.0"
"90980-12423","14","11534.0","6951.0","0.0","0.0"
"90980-12423","4","15362.0","11546.0","0.0","0.0"
"90980-12423","5","19211.0","11551.0","0.0","0.0"
"90980-12423","3","-11513.0","11547.0","0.0","0.0"
"90980-12423","13","7695.0","6920.0","0.0","0.0"
"90980-12A29","3","2721.0","3487.0","0.0","0.0"
"90980-12A29","4","8151.0","3490.0","0.0","0.0"
"90980-12A29","1","-8154.0","3477.0","0.0","0.0"
"90980-12A29","2","-2706.0","3493.0","0.0","0.0"
"99141-13006","1","4800.0","9600.0","0.0","0.0"
"90980-12063","1","-2303.0","2280.0","0.0","0.0"
"90980-12063","2","2288.0","2318.0","0.0","0.0"
"90980-12C56","33","3782.0","9984.0","0.0","0.0"
"90980-12C56","14","-98.0","25334.0","0.0","0.0"
"90980-12C56","2","-11634.0","33024.0","0.0","0.0"
"90980-12C56","4","-3954.0","33024.0","0.0","0.0"
"90980-12C56","27","15251.0","17675.0","0.0","0.0"
"90980-12C56","9","15242.0","33024.0","0.0","0.0"
"90980-12C56","30","-7736.0","9984.0","0.0","0.0"
"90980-12C56","19","-15477.0","17656.0","0.0","0.0"
"90980-12C56","22","-3958.0","17637.0","0.0","0.0"
"90980-12C56","29","-11640.0","9971.0","0.0","0.0"
"90980-12C56","35","11408.0","9971.0","0.0","0.0"
"90980-12C56","7","7565.0","33024.0","0.0","0.0"
"90980-12C56","1","-15474.0","33024.0","0.0","0.0"
"90980-12C56","32","-118.0","9977.0","0.0","0.0"
"90980-12C56","24","3737.0","17664.0","0.0","0.0"
"90980-12C56","8","11405.0","33024.0","0.0","0.0"
"90980-12C56","12","-7799.0","25338.0","0.0","0.0"
"90980-12C56","6","3743.0","32991.0","0.0","0.0"
"90980-12C56","3","-7794.0","33024.0","0.0","0.0"
"90980-12C56","21","-7807.0","17642.0","0.0","0.0"
"90980-12C56","23","-104.0","17651.0","0.0","0.0"
"90980-12C56","26","11404.0","17661.0","0.0","0.0"
"90980-12C56","17","11411.0","25352.0","0.0","0.0"
"90980-12C56","20","-11659.0","17660.0","0.0","0.0"
"90980-12C56","34","7622.0","9984.0","0.0","0.0"
"90980-12C56","13","-3959.0","25357.0","0.0","0.0"
"90980-12C56","15","3712.0","25342.0","0.0","0.0"
"90980-12C56","5","-96.0","32991.0","0.0","0.0"
"90980-12C56","18","15242.0","25344.0","0.0","0.0"
"90980-12C56","16","7582.0","25350.0","0.0","0.0"
"90980-12C56","28","-15480.0","9971.0","0.0","0.0"
"90980-12C56","10","-15455.0","25353.0","0.0","0.0"
"90980-12C56","25","7554.0","17669.0","0.0","0.0"
"90980-12C56","31","-3896.0","9984.0","0.0","0.0"
"90980-12C56","36","15248.0","9971.0","0.0","0.0"
"90980-12C56","11","-11624.0","25328.0","0.0","0.0"
"99159-10266","2","-2716.0","5376.0","0.0","0.0"
"99159-10266","1","2715.0","5376.0","0.0","0.0"
"KANGO-12416","1","2878.0","8452.0","0.0","0.0"
"KANGO-12416","2","-2883.0","8452.0","0.0","0.0"
"82675-16010","1","4772.0","9600.0","0.0","0.0"
"KANGO-12F77","6","-4992.0","8441.0","0.0","0.0"
"KANGO-12F77","7","-2687.0","3456.0","0.0","0.0"
"KANGO-12F77","3","-383.0","13056.0","0.0","0.0"
"KANGO-12F77","5","-384.0","8446.0","0.0","0.0"
"KANGO-12F77","2","6528.0","5743.0","0.0","0.0"
"KANGO-12F77","1","6528.0","12672.0","0.0","0.0"
"KANGO-12F77","4","-4997.0","13064.0","0.0","0.0"
"90980-12062","2","-959.0","3072.0","0.0","0.0"
"90980-12062","1","3648.0","3072.0","0.0","0.0"
"90980-12C74","1","-9599.0","4224.0","0.0","0.0"
"90980-12C74","6","9600.0","4224.0","0.0","0.0"
"90980-12C74","2","-5759.0","4224.0","0.0","0.0"
"90980-12C74","5","5760.0","4224.0","0.0","0.0"
"90980-12C74","3","-1919.0","4224.0","0.0","0.0"
"90980-12C74","4","1920.0","4224.0","0.0","0.0"
"90980-12C88","3","4608.0","7680.0","0.0","0.0"
"90980-12C88","2","2304.0","11904.0","0.0","0.0"
"90980-12C88","1","6912.0","11904.0","0.0","0.0"
"90980-12C88","4","-2303.0","11904.0","0.0","0.0"
"90980-12C88","5","-6911.0","11904.0","0.0","0.0"
"90980-12C88","6","-4607.0","7680.0","0.0","0.0"
"KANGO-12F55","3","-1032.0","14688.0","0.0","0.0"
"KANGO-12F55","8","-1030.0","7769.0","0.0","0.0"
"KANGO-12F55","9","-6790.0","7769.0","0.0","0.0"
"KANGO-12F55","2","5301.0","14687.0","0.0","0.0"
"KANGO-12F55","4","-6790.0","14687.0","0.0","0.0"
"KANGO-12F55","7","5298.0","7776.0","0.0","0.0"
"KANGO-12F55","6","12209.0","7769.0","0.0","0.0"
"KANGO-12F55","10","-12544.0","7776.0","0.0","0.0"
"KANGO-12F55","1","12209.0","14657.0","0.0","0.0"
"KANGO-12F55","5","-12550.0","14677.0","0.0","0.0"
"90980-12667","4","-1919.0","8448.0","0.0","0.0"
"90980-12667","11","-5759.0","3840.0","0.0","0.0"
"90980-12667","3","1920.0","8448.0","0.0","0.0"
"90980-12667","7","9600.0","3822.0","0.0","0.0"
"90980-12667","6","-9599.0","8448.0","0.0","0.0"
"90980-12667","1","9600.0","8448.0","0.0","0.0"
"90980-12667","10","-1919.0","3840.0","0.0","0.0"
"90980-12667","12","-9599.0","3840.0","0.0","0.0"
"90980-12667","8","5760.0","3822.0","0.0","0.0"
"90980-12667","5","-5759.0","8448.0","0.0","0.0"
"90980-12667","9","1920.0","3840.0","0.0","0.0"
"90980-12667","2","5760.0","8448.0","0.0","0.0"
"KANGO-12C72","5","-5760.0","5760.0","0.0","0.0"
"KANGO-12C72","2","5760.0","5760.0","0.0","0.0"
"KANGO-12C72","4","-1920.0","5760.0","0.0","0.0"
"KANGO-12C72","6","-9600.0","5760.0","0.0","0.0"
"KANGO-12C72","3","1920.0","5760.0","0.0","0.0"
"KANGO-12C72","1","9600.0","5760.0","0.0","0.0"
"99141-14008","1","4800.0","9600.0","0.0","0.0"
"90980-12740","20","-20170.0","6908.0","0.0","0.0"
"90980-12740","19","-15363.0","7321.0","0.0","0.0"
"90980-12740","16","29.0","7293.0","0.0","0.0"
"90980-12740","8","-7658.0","11907.0","0.0","0.0"
"90980-12740","12","20175.0","6922.0","0.0","0.0"
"90980-12740","18","-11522.0","7307.0","0.0","0.0"
"90980-12740","14","11528.0","7319.0","0.0","0.0"
"90980-12740","10","-15338.0","11892.0","0.0","0.0"
"90980-12740","3","11539.0","11912.0","0.0","0.0"
"90980-12740","5","3834.0","11906.0","0.0","0.0"
"90980-12740","2","15392.0","11923.0","0.0","0.0"
"90980-12740","7","-3834.0","11914.0","0.0","0.0"
"90980-12740","9","-11509.0","11924.0","0.0","0.0"
"90980-12740","13","15363.0","7315.0","0.0","0.0"
"90980-12740","17","-3833.0","7309.0","0.0","0.0"
"90980-12740","1","20167.0","12278.0","0.0","0.0"
"90980-12740","4","7697.0","11882.0","0.0","0.0"
"90980-12740","11","-20164.0","12284.0","0.0","0.0"
"90980-12740","6","0.0","11911.0","0.0","0.0"
"90980-12740","15","3853.0","7304.0","0.0","0.0"
"90980-12G10","11","8820.0","3075.0","0.0","0.0"
"90980-12G10","12","14587.0","3074.0","0.0","0.0"
"90980-12G10","3","-2694.0","8454.0","0.0","0.0"
"90980-12G10","1","-14211.0","8454.0","0.0","0.0"
"90980-12G10","4","3062.0","8454.0","0.0","0.0"
"90980-12G10","6","14587.0","8454.0","0.0","0.0"
"90980-12G10","9","-2695.0","3074.0","0.0","0.0"
"90980-12G10","2","-8454.0","8454.0","0.0","0.0"
"90980-12G10","5","8820.0","8454.0","0.0","0.0"
"90980-12G10","7","-14211.0","3075.0","0.0","0.0"
"90980-12G10","10","3062.0","3075.0","0.0","0.0"
"90980-12G10","8","-8454.0","3075.0","0.0","0.0"
"90980-12G10","13","21485.0","7872.0","0.0","0.0"
"KANGO-50130","1","5760.0","3840.0","0.0","0.0"
"KANGO-50130","3","-1919.0","3840.0","0.0","0.0"
"KANGO-50130","2","1920.0","3840.0","0.0","0.0"
"KANGO-50130","4","-5759.0","3840.0","0.0","0.0"
"90980-11950","1","-6898.0","2302.0","0.0","0.0"
"90980-11950","4","6913.0","2321.0","0.0","0.0"
"90980-11950","3","2303.0","2302.0","0.0","0.0"
"90980-11950","2","-2307.0","2321.0","0.0","0.0"
"90980-04200","1","2937.0","2210.0","0.0","0.0"
"KANGO-12568","2","-3610.0","9793.0","0.0","0.0"
"KANGO-12568","3","3456.0","4468.0","0.0","0.0"
"KANGO-12568","1","3610.0","9793.0","0.0","0.0"
"KANGO-12568","4","-3456.0","4468.0","0.0","0.0"
"90980-10869","3","-2708.0","4251.0","0.0","0.0"
"90980-10869","2","2721.0","9680.0","0.0","0.0"
"90980-10869","1","-2708.0","9680.0","0.0","0.0"
"90980-10869","4","2721.0","4251.0","0.0","0.0"
"90980-12A60","1","0.0","2769.0","0.0","0.0"
"90980-12365","1","7680.0","7296.0","0.0","0.0"
"90980-12365","4","-3839.0","7296.0","0.0","0.0"
"90980-12365","3","0.0","7296.0","0.0","0.0"
"90980-12365","2","3840.0","7296.0","0.0","0.0"
"90980-12365","5","-7679.0","7296.0","0.0","0.0"
"90980-12744","9","5752.0","11908.0","0.0","0.0"
"90980-12744","16","-5751.0","7300.0","0.0","0.0"
"90980-12744","18","-14395.0","6912.0","0.0","0.0"
"90980-12744","11","-9595.0","11908.0","0.0","0.0"
"90980-12744","15","5752.0","7312.0","0.0","0.0"
"90980-12744","10","-5751.0","11908.0","0.0","0.0"
"90980-12744","17","-9595.0","7298.0","0.0","0.0"
"90980-12744","5","-8631.0","17658.0","0.0","0.0"
"90980-12744","6","-14389.0","17659.0","0.0","0.0"
"90980-12744","12","-14393.0","12275.0","0.0","0.0"
"90980-12744","4","-2907.0","17672.0","0.0","0.0"
"90980-12744","2","8634.0","17640.0","0.0","0.0"
"90980-12744","8","9592.0","11908.0","0.0","0.0"
"90980-12744","3","2880.0","17672.0","0.0","0.0"
"90980-12744","13","14390.0","6884.0","0.0","0.0"
"90980-12744","1","14374.0","17672.0","0.0","0.0"
"90980-12744","7","14390.0","12274.0","0.0","0.0"
"90980-12744","14","9596.0","7296.0","0.0","0.0"
"KANGO-12226","2","3840.0","8832.0","0.0","0.0"
"KANGO-12226","5","11520.0","3456.0","0.0","0.0"
"KANGO-12226","4","-11519.0","8832.0","0.0","0.0"
"KANGO-12226","6","6912.0","3456.0","0.0","0.0"
"KANGO-12226","9","-6911.0","3456.0","0.0","0.0"
"KANGO-12226","10","-11519.0","3456.0","0.0","0.0"
"KANGO-12226","8","-2303.0","3456.0","0.0","0.0"
"KANGO-12226","1","11520.0","8832.0","0.0","0.0"
"KANGO-12226","3","-3848.0","8832.0","0.0","0.0"
"KANGO-12226","7","2304.0","3456.0","0.0","0.0"
"90980-09A92","1","5351.0","7872.0","0.0","0.0"
"90980-12495","1","-2881.0","13060.0","0.0","0.0"
"90980-12495","2","2878.0","13060.0","0.0","0.0"
"90980-12495","4","2859.0","7300.0","0.0","0.0"
"90980-12495","3","-2900.0","7300.0","0.0","0.0"
"90980-12735","8","8634.0","3076.0","0.0","0.0"
"90980-12735","4","8630.0","8460.0","0.0","0.0"
"90980-12735","5","-8633.0","3076.0","0.0","0.0"
"90980-12735","1","-8637.0","8460.0","0.0","0.0"
"90980-12735","6","-2877.0","3076.0","0.0","0.0"
"90980-12735","3","2874.0","8460.0","0.0","0.0"
"90980-12735","7","2878.0","3076.0","0.0","0.0"
"90980-12735","2","-2881.0","8460.0","0.0","0.0"
"90980-11988","2","-2303.0","2304.0","0.0","0.0"
"90980-11988","4","6912.0","2304.0","0.0","0.0"
"90980-11988","1","-6911.0","2304.0","0.0","0.0"
"90980-11988","3","2304.0","2304.0","0.0","0.0"
"90980-11399","4","-4031.0","4608.0","0.0","0.0"
"90980-11399","1","-191.0","9216.0","0.0","0.0"
"90980-11399","2","-4031.0","9216.0","0.0","0.0"
"90980-11399","3","-191.0","4608.0","0.0","0.0"
"90980-12328","1","-3833.0","14980.0","0.0","0.0"
"90980-12328","2","3842.0","14974.0","0.0","0.0"
"90980-12328","3","-5751.0","9962.0","0.0","0.0"
"90980-12328","6","5750.0","10000.0","0.0","0.0"
"90980-12328","7","-5759.0","5392.0","0.0","0.0"
"90980-12328","4","-1913.0","9978.0","0.0","0.0"
"90980-12328","5","1912.0","10000.0","0.0","0.0"
"90980-12328","9","1917.0","5393.0","0.0","0.0"
"90980-12328","10","5752.0","5379.0","0.0","0.0"
"90980-12328","8","-1921.0","5390.0","0.0","0.0"
"90980-12D18","2","2729.0","16896.0","0.0","0.0"
"90980-12D18","3","-2702.0","16896.0","0.0","0.0"
"90980-12D18","6","2729.0","11466.0","0.0","0.0"
"90980-12D18","5","8160.0","11466.0","0.0","0.0"
"90980-12D18","1","8160.0","16896.0","0.0","0.0"
"90980-12D18","4","-8132.0","16896.0","0.0","0.0"
"90980-12D18","8","-8132.0","11466.0","0.0","0.0"
"90980-12D18","7","-2702.0","11466.0","0.0","0.0"
"90980-10994","1","9.0","3460.0","0.0","0.0"
"90980-12904","5","-7871.0","7296.0","0.0","0.0"
"90980-12904","2","3648.0","7296.0","0.0","0.0"
"90980-12904","1","7488.0","7296.0","0.0","0.0"
"90980-12904","3","-191.0","7296.0","0.0","0.0"
"90980-12904","4","-4031.0","7296.0","0.0","0.0"
"90980-12550","4","-1906.0","4195.0","0.0","0.0"
"90980-12550","6","5788.0","4250.0","0.0","0.0"
"90980-12550","5","1941.0","4233.0","0.0","0.0"
"90980-12550","7","9615.0","4257.0","0.0","0.0"
"90980-12550","2","-9576.0","4211.0","0.0","0.0"
"90980-12550","1","-13403.0","4250.0","0.0","0.0"
"90980-12550","3","-5719.0","4233.0","0.0","0.0"
"90980-12550","8","13430.0","4203.0","0.0","0.0"
"90980-12C70","1","-9599.0","4224.0","0.0","0.0"
"90980-12C70","5","5760.0","4224.0","0.0","0.0"
"90980-12C70","4","1920.0","4224.0","0.0","0.0"
"90980-12C70","6","9600.0","4224.0","0.0","0.0"
"90980-12C70","3","-1919.0","4224.0","0.0","0.0"
"90980-12C70","2","-5759.0","4224.0","0.0","0.0"
"90980-12E85","3","0.0","6528.0","0.0","0.0"
"90980-12E85","2","-2496.0","10368.0","0.0","0.0"
"90980-12E85","1","2495.0","10368.0","0.0","0.0"
"90980-12353","3","5562.0","7386.0","0.0","0.0"
"90980-12353","2","-197.0","7389.0","0.0","0.0"
"90980-12353","1","-5950.0","7393.0","0.0","0.0"
"90980-12627","1","2898.0","11309.0","0.0","0.0"
"90980-12627","2","-2881.0","11310.0","0.0","0.0"
"90980-12218","2","-1919.0","9577.0","0.0","0.0"
"90980-12218","1","1920.0","9577.0","0.0","0.0"
"90980-12D33","3","5376.0","3897.0","0.0","0.0"
"90980-12D33","1","-5375.0","3897.0","0.0","0.0"
"90980-12D33","2","0.0","3897.0","0.0","0.0"
"90980-10870","1","0.0","4608.0","0.0","0.0"
"90980-12989","1","-1913.0","8821.0","0.0","0.0"
"90980-12989","4","1931.0","4210.0","0.0","0.0"
"90980-12989","3","-1921.0","4215.0","0.0","0.0"
"90980-12989","2","1920.0","8832.0","0.0","0.0"
"90980-12625","2","5760.0","10368.0","0.0","0.0"
"90980-12625","10","-1919.0","5760.0","0.0","0.0"
"90980-12625","7","9600.0","5760.0","0.0","0.0"
"90980-12625","12","-9599.0","5760.0","0.0","0.0"
"90980-12625","1","9600.0","10368.0","0.0","0.0"
"90980-12625","3","1920.0","10368.0","0.0","0.0"
"90980-12625","4","-1919.0","10368.0","0.0","0.0"
"90980-12625","11","-5759.0","5760.0","0.0","0.0"
"90980-12625","9","1920.0","5760.0","0.0","0.0"
"90980-12625","6","-9599.0","10368.0","0.0","0.0"
"90980-12625","8","5760.0","5760.0","0.0","0.0"
"90980-12625","5","-5759.0","10368.0","0.0","0.0"
"DUMMY-BLTM8","1","0.0","2688.0","0.0","0.0"
"82824-0R330","3","-3456.0","3315.0","0.0","0.0"
"82824-0R330","2","3610.0","8640.0","0.0","0.0"
"82824-0R330","4","3456.0","3315.0","0.0","0.0"
"82824-0R330","1","-3610.0","8640.0","0.0","0.0"
"90980-12924","23","-24959.0","2687.0","0.0","0.0"
"90980-12924","6","-26876.0","7296.0","0.0","0.0"
"90980-12924","21","-36479.0","2688.0","0.0","0.0"
"90980-12924","38","36477.0","2688.0","0.0","0.0"
"90980-12924","7","-23041.0","7296.0","0.0","0.0"
"90980-12924","14","30720.0","7297.0","0.0","0.0"
"90980-12924","19","-44159.0","2688.0","0.0","0.0"
"90980-12924","24","-21119.0","2687.0","0.0","0.0"
"90980-12924","4","-34562.0","7296.0","0.0","0.0"
"90980-12924","11","19204.0","7296.0","0.0","0.0"
"90980-12924","17","42240.0","7296.0","0.0","0.0"
"90980-12924","36","24960.0","2691.0","0.0","0.0"
"90980-12924","40","44160.0","2688.0","0.0","0.0"
"90980-12924","28","-5759.0","2683.0","0.0","0.0"
"90980-12924","18","46080.0","7296.0","0.0","0.0"
"90980-12924","39","40320.0","2688.0","0.0","0.0"
"90980-12924","16","38402.0","7296.0","0.0","0.0"
"90980-12924","1","-46079.0","7296.0","0.0","0.0"
"90980-12924","22","-32639.0","2688.0","0.0","0.0"
"90980-12924","20","-40319.0","2688.0","0.0","0.0"
"90980-12924","27","-9599.0","2683.0","0.0","0.0"
"90980-12924","33","13421.0","2692.0","0.0","0.0"
"90980-12924","5","-30716.0","7296.0","0.0","0.0"
"90980-12924","9","-15359.0","7296.0","0.0","0.0"
"90980-12924","12","23044.0","7296.0","0.0","0.0"
"90980-12924","25","-17279.0","2689.0","0.0","0.0"
"90980-12924","8","-19201.0","7296.0","0.0","0.0"
"90980-12924","34","17280.0","2692.0","0.0","0.0"
"90980-12924","3","-38402.0","7296.0","0.0","0.0"
"90980-12924","10","15360.0","7296.0","0.0","0.0"
"90980-12924","31","5760.0","2681.0","0.0","0.0"
"90980-12924","29","-1919.0","2688.0","0.0","0.0"
"90980-12924","37","32637.0","2688.0","0.0","0.0"
"90980-12924","35","21120.0","2691.0","0.0","0.0"
"90980-12924","26","-13439.0","2689.0","0.0","0.0"
"90980-12924","2","-42239.0","7296.0","0.0","0.0"
"90980-12924","30","1920.0","2688.0","0.0","0.0"
"90980-12924","32","9581.0","2681.0","0.0","0.0"
"90980-12924","15","34562.0","7296.0","0.0","0.0"
"90980-12924","13","26880.0","7297.0","0.0","0.0"
"90980-12C73","5","5760.0","4224.0","0.0","0.0"
"90980-12C73","1","-9599.0","4224.0","0.0","0.0"
"90980-12C73","3","-1919.0","4224.0","0.0","0.0"
"90980-12C73","2","-5759.0","4224.0","0.0","0.0"
"90980-12C73","4","1920.0","4224.0","0.0","0.0"
"90980-12C73","6","9600.0","4224.0","0.0","0.0"
"82824-48460","2","4278.0","12246.0","0.0","0.0"
"82824-48460","1","-4281.0","12246.0","0.0","0.0"
"82824-48460","3","-4281.0","3866.0","0.0","0.0"
"82824-48460","4","4278.0","3867.0","0.0","0.0"
"KANGO-12790","2","-1.0","12292.0","0.0","0.0"
"KANGO-12790","5","-1.0","6532.0","0.0","0.0"
"KANGO-12790","6","-5761.0","6532.0","0.0","0.0"
"KANGO-12790","4","5758.0","6532.0","0.0","0.0"
"KANGO-12790","1","5758.0","12292.0","0.0","0.0"
"KANGO-12790","3","-5761.0","12292.0","0.0","0.0"
"90980-12A40","A-133","-103998.0","7315.0","0.0","0.0"
"90980-12A40","B-46","52318.0","13087.0","0.0","0.0"
"90980-12A40","A-85","-10244.0","13087.0","0.0","0.0"
"90980-12A40","A-3","31757.0","30336.0","0.0","0.0"
"90980-12A40","A-88","-26589.0","13087.0","0.0","0.0"
"90980-12A40","A-71","-15694.0","18958.0","0.0","0.0"
"90980-12A40","A-112","20865.0","7315.0","0.0","0.0"
"90980-12A40","A-135","-114899.0","7315.0","0.0","0.0"
"90980-12A40","B-15","125002.0","21014.0","0.0","0.0"
"90980-12A40","A-65","20867.0","18958.0","0.0","0.0"
"90980-12A40","A-15","-37477.0","30336.0","0.0","0.0"
"90980-12A40","B-33","127467.0","13087.0","0.0","0.0"
"90980-12A40","A-72","-21143.0","18958.0","0.0","0.0"
"90980-12A40","B-50","116565.0","7315.0","0.0","0.0"
"90980-12A40","B-18","104842.0","21014.0","0.0","0.0"
"90980-12A40","A-136","-120349.0","7315.0","0.0","0.0"
"90980-12A40","A-111","26316.0","7315.0","0.0","0.0"
"90980-12A40","A-54","-103103.0","20938.0","0.0","0.0"
"90980-12A40","A-114","9967.0","7315.0","0.0","0.0"
"90980-12A40","B-21","84682.0","21014.0","0.0","0.0"
"90980-12A40","B-55","89316.0","7315.0","0.0","0.0"
"90980-12A40","A-29","-136754.0","27542.0","0.0","0.0"
"90980-12A40","B-14","131722.0","21014.0","0.0","0.0"
"90980-12A40","A-42","-21143.0","24637.0","0.0","0.0"
"90980-12A40","A-66","15419.0","18958.0","0.0","0.0"
"90980-12A40","A-119","-21143.0","7315.0","0.0","0.0"
"90980-12A40","B-59","63218.0","7315.0","0.0","0.0"
"90980-12A40","A-34","26317.0","24637.0","0.0","0.0"
"90980-12A40","A-32","37215.0","24637.0","0.0","0.0"
"90980-12A40","A-73","-26592.0","18958.0","0.0","0.0"
"90980-12A40","A-70","-10243.0","18958.0","0.0","0.0"
"90980-12A40","B-9","74121.0","30317.0","0.0","0.0"
"90980-12A40","B-36","111116.0","13087.0","0.0","0.0"
"90980-12A40","A-139","-136699.0","7315.0","0.0","0.0"
"90980-12A40","B-3","118282.0","27542.0","0.0","0.0"
"90980-12A40","A-7","9945.0","30336.0","0.0","0.0"
"90980-12A40","A-12","-21119.0","30336.0","0.0","0.0"
"90980-12A40","A-1","42662.0","30336.0","0.0","0.0"
"90980-12A40","A-98","-84243.0","13087.0","0.0","0.0"
"90980-12A40","B-7","91402.0","27542.0","0.0","0.0"
"90980-12A40","A-81","15416.0","13087.0","0.0","0.0"
"90980-12A40","A-102","-109450.0","13087.0","0.0","0.0"
"90980-12A40","A-99","-89692.0","13087.0","0.0","0.0"
"90980-12A40","A-128","-73343.0","7315.0","0.0","0.0"
"90980-12A40","A-115","657.0","7315.0","0.0","0.0"
"90980-12A40","A-134","-109448.0","7315.0","0.0","0.0"
"90980-12A40","B-38","100216.0","13087.0","0.0","0.0"
"90980-12A40","A-94","-62443.0","13087.0","0.0","0.0"
"90980-12A40","A-46","-45089.0","20992.0","0.0","0.0"
"90980-12A40","A-82","9967.0","13087.0","0.0","0.0"
"90980-12A40","A-26","-116594.0","27542.0","0.0","0.0"
"90980-12A40","A-31","42666.0","24637.0","0.0","0.0"
"90980-12A40","A-41","-15693.0","24637.0","0.0","0.0"
"90980-12A40","A-63","31766.0","18958.0","0.0","0.0"
"90980-12A40","A-124","-51541.0","7315.0","0.0","0.0"
"90980-12A40","A-126","-62445.0","7315.0","0.0","0.0"
"90980-12A40","A-113","15416.0","7315.0","0.0","0.0"
"90980-12A40","A-83","657.0","13087.0","0.0","0.0"
"90980-12A40","B-27","74120.0","18958.0","0.0","0.0"
"90980-12A40","A-8","672.0","30278.0","0.0","0.0"
"90980-12A40","A-39","-4793.0","24637.0","0.0","0.0"
"90980-12A40","B-48","127467.0","7315.0","0.0","0.0"
"90980-12A40","B-23","68669.0","24637.0","0.0","0.0"
"90980-12A40","A-18","-58483.0","27581.0","0.0","0.0"
"90980-12A40","B-47","132918.0","7315.0","0.0","0.0"
"90980-12A40","A-37","9967.0","24637.0","0.0","0.0"
"90980-12A40","B-19","98122.0","21014.0","0.0","0.0"
"90980-12A40","A-95","-67892.0","13087.0","0.0","0.0"
"90980-12A40","A-103","-114901.0","13087.0","0.0","0.0"
"90980-12A40","B-35","116565.0","13087.0","0.0","0.0"
"90980-12A40","A-13","-26629.0","30278.0","0.0","0.0"
"90980-12A40","B-2","125002.0","27542.0","0.0","0.0"
"90980-12A40","A-108","-142148.0","13087.0","0.0","0.0"
"90980-12A40","B-49","122016.0","7315.0","0.0","0.0"
"90980-12A40","A-75","-37492.0","18958.0","0.0","0.0"
"90980-12A40","B-20","91402.0","21014.0","0.0","0.0"
"90980-12A40","A-62","37217.0","18958.0","0.0","0.0"
"90980-12A40","A-27","-123314.0","27542.0","0.0","0.0"
"90980-12A40","A-40","-10242.0","24637.0","0.0","0.0"
"90980-12A40","A-104","-120349.0","13087.0","0.0","0.0"
"90980-12A40","A-137","-125798.0","7315.0","0.0","0.0"
"90980-12A40","A-68","657.0","18958.0","0.0","0.0"
"90980-12A40","B-44","63218.0","13087.0","0.0","0.0"
"90980-12A40","A-25","-109907.0","27527.0","0.0","0.0"
"90980-12A40","A-61","42667.0","18958.0","0.0","0.0"
"90980-12A40","A-110","31766.0","7315.0","0.0","0.0"
"90980-12A40","B-4","111562.0","27542.0","0.0","0.0"
"90980-12A40","A-116","-4793.0","7315.0","0.0","0.0"
"90980-12A40","B-45","57767.0","13087.0","0.0","0.0"
"90980-12A40","B-25","57769.0","24637.0","0.0","0.0"
"90980-12A40","A-79","26316.0","13087.0","0.0","0.0"
"90980-12A40","A-55","-109868.0","21007.0","0.0","0.0"
"90980-12A40","B-60","57767.0","7315.0","0.0","0.0"
"90980-12A40","A-87","-21142.0","13087.0","0.0","0.0"
"90980-12A40","B-42","74120.0","13087.0","0.0","0.0"
"90980-12A40","A-130","-84244.0","7315.0","0.0","0.0"
"90980-12A40","A-67","9969.0","18958.0","0.0","0.0"
"90980-12A40","A-118","-15694.0","7315.0","0.0","0.0"
"90980-12A40","B-41","83867.0","13087.0","0.0","0.0"
"90980-12A40","A-96","-73341.0","13087.0","0.0","0.0"
"90980-12A40","A-6","15341.0","30278.0","0.0","0.0"
"90980-12A40","A-78","31768.0","13087.0","0.0","0.0"
"90980-12A40","A-92","-51544.0","13087.0","0.0","0.0"
"90980-12A40","A-59","-136754.0","21014.0","0.0","0.0"
"90980-12A40","A-58","-130034.0","21014.0","0.0","0.0"
"90980-12A40","A-28","-130034.0","27542.0","0.0","0.0"
"90980-12A40","A-36","15418.0","24637.0","0.0","0.0"
"90980-12A40","B-32","132918.0","13087.0","0.0","0.0"
"90980-12A40","A-86","-15694.0","13087.0","0.0","0.0"
"90980-12A40","A-5","20832.0","30278.0","0.0","0.0"
"90980-12A40","A-20","-71931.0","27554.0","0.0","0.0"
"90980-12A40","A-33","31766.0","24637.0","0.0","0.0"
"90980-12A40","A-57","-123314.0","21014.0","0.0","0.0"
"90980-12A40","A-23","-92130.0","27527.0","0.0","0.0"
"90980-12A40","A-122","-37492.0","7315.0","0.0","0.0"
"90980-12A40","A-47","-51813.0","20938.0","0.0","0.0"
"90980-12A40","A-64","26316.0","18958.0","0.0","0.0"
"90980-12A40","A-14","-32044.0","30278.0","0.0","0.0"
"90980-12A40","A-77","37217.0","13087.0","0.0","0.0"
"90980-12A40","A-16","-45116.0","27554.0","0.0","0.0"
"90980-12A40","B-28","68669.0","18958.0","0.0","0.0"
"90980-12A40","B-13","52318.0","30317.0","0.0","0.0"
"90980-12A40","A-50","-72012.0","20992.0","0.0","0.0"
"90980-12A40","B-31","52318.0","18958.0","0.0","0.0"
"90980-12A40","B-16","118282.0","21014.0","0.0","0.0"
"90980-12A40","B-57","74121.0","7315.0","0.0","0.0"
"90980-12A40","A-45","-37492.0","24637.0","0.0","0.0"
"90980-12A40","B-51","111118.0","7315.0","0.0","0.0"
"90980-12A40","B-1","131722.0","27542.0","0.0","0.0"
"90980-12A40","A-52","-85420.0","21061.0","0.0","0.0"
"90980-12A40","A-138","-131249.0","7315.0","0.0","0.0"
"90980-12A40","A-105","-125798.0","13087.0","0.0","0.0"
"90980-12A40","B-54","94765.0","7315.0","0.0","0.0"
"90980-12A40","A-10","-10271.0","30316.0","0.0","0.0"
"90980-12A40","A-24","-103103.0","27527.0","0.0","0.0"
"90980-12A40","A-80","20865.0","13087.0","0.0","0.0"
"90980-12A40","A-129","-78793.0","7315.0","0.0","0.0"
"90980-12A40","B-30","57767.0","18958.0","0.0","0.0"
"90980-12A40","A-60","-143474.0","21014.0","0.0","0.0"
"90980-12A40","B-10","68671.0","30317.0","0.0","0.0"
"90980-12A40","B-8","84682.0","27542.0","0.0","0.0"
"90980-12A40","B-34","122016.0","13087.0","0.0","0.0"
"90980-12A40","A-11","-15704.0","30374.0","0.0","0.0"
"90980-12A40","A-4","26304.0","30336.0","0.0","0.0"
"90980-12A40","A-117","-10243.0","7315.0","0.0","0.0"
"90980-12A40","A-19","-65248.0","27570.0","0.0","0.0"
"90980-12A40","A-131","-89695.0","7315.0","0.0","0.0"
"90980-12A40","A-107","-136699.0","13087.0","0.0","0.0"
"90980-12A40","A-49","-65234.0","20992.0","0.0","0.0"
"90980-12A40","A-93","-56994.0","13087.0","0.0","0.0"
"90980-12A40","A-91","-46094.0","13087.0","0.0","0.0"
"90980-12A40","A-35","20868.0","24637.0","0.0","0.0"
"90980-12A40","B-5","104842.0","27542.0","0.0","0.0"
"90980-12A40","B-22","74120.0","24637.0","0.0","0.0"
"90980-12A40","A-97","-78792.0","13087.0","0.0","0.0"
"90980-12A40","A-51","-78709.0","21072.0","0.0","0.0"
"90980-12A40","A-125","-56992.0","7315.0","0.0","0.0"
"90980-12A40","A-30","-143474.0","27542.0","0.0","0.0"
"90980-12A40","B-39","94765.0","13087.0","0.0","0.0"
"90980-12A40","A-101","-103998.0","13087.0","0.0","0.0"
"90980-12A40","A-132","-95144.0","7315.0","0.0","0.0"
"90980-12A40","A-140","-142148.0","7315.0","0.0","0.0"
"90980-12A40","A-74","-32041.0","18958.0","0.0","0.0"
"90980-12A40","B-11","63218.0","30317.0","0.0","0.0"
"90980-12A40","A-121","-32040.0","7315.0","0.0","0.0"
"90980-12A40","A-2","37209.0","30336.0","0.0","0.0"
"90980-12A40","A-123","-46092.0","7315.0","0.0","0.0"
"90980-12A40","B-37","105667.0","13087.0","0.0","0.0"
"90980-12A40","B-12","57767.0","30317.0","0.0","0.0"
"90980-12A40","B-26","52318.0","24637.0","0.0","0.0"
"90980-12A40","A-76","42666.0","13087.0","0.0","0.0"
"90980-12A40","A-109","37217.0","7315.0","0.0","0.0"
"90980-12A40","B-58","68671.0","7315.0","0.0","0.0"
"90980-12A40","A-53","-92198.0","21034.0","0.0","0.0"
"90980-12A40","A-69","-4793.0","18958.0","0.0","0.0"
"90980-12A40","A-90","-37493.0","13087.0","0.0","0.0"
"90980-12A40","A-127","-67894.0","7315.0","0.0","0.0"
"90980-12A40","A-43","-26592.0","24637.0","0.0","0.0"
"90980-12A40","A-100","-95143.0","13087.0","0.0","0.0"
"90980-12A40","B-43","68669.0","13087.0","0.0","0.0"
"90980-12A40","A-21","-78655.0","27554.0","0.0","0.0"
"90980-12A40","B-24","63219.0","24637.0","0.0","0.0"
"90980-12A40","A-9","-4818.0","30316.0","0.0","0.0"
"90980-12A40","A-22","-85420.0","27597.0","0.0","0.0"
"90980-12A40","A-48","-58510.0","21018.0","0.0","0.0"
"90980-12A40","A-106","-131249.0","13087.0","0.0","0.0"
"90980-12A40","B-40","89316.0","13087.0","0.0","0.0"
"90980-12A40","B-17","111562.0","21014.0","0.0","0.0"
"90980-12A40","A-38","657.0","24637.0","0.0","0.0"
"90980-12A40","A-120","-26591.0","7315.0","0.0","0.0"
"90980-12A40","B-6","98122.0","27542.0","0.0","0.0"
"90980-12A40","A-44","-32041.0","24637.0","0.0","0.0"
"90980-12A40","B-53","100216.0","7315.0","0.0","0.0"
"90980-12A40","B-56","83867.0","7315.0","0.0","0.0"
"90980-12A40","A-84","-4793.0","13087.0","0.0","0.0"
"90980-12A40","A-89","-32040.0","13087.0","0.0","0.0"
"90980-12A40","B-52","105669.0","7315.0","0.0","0.0"
"90980-12A40","A-17","-51881.0","27543.0","0.0","0.0"
"90980-12A40","A-56","-116594.0","21014.0","0.0","0.0"
"90980-12A40","B-29","63218.0","18958.0","0.0","0.0"
"KANGO-12D92","1","11520.0","4992.0","0.0","0.0"
"KANGO-12D92","3","3840.0","4992.0","0.0","0.0"
"KANGO-12D92","5","-3839.0","4992.0","0.0","0.0"
"KANGO-12D92","4","0.0","4992.0","0.0","0.0"
"KANGO-12D92","6","-7679.0","4992.0","0.0","0.0"
"KANGO-12D92","2","7680.0","4992.0","0.0","0.0"
"KANGO-12D92","7","-11519.0","4992.0","0.0","0.0"
"90980-11667","1","-5746.0","3075.0","0.0","0.0"
"90980-11667","3","5762.0","3093.0","0.0","0.0"
"90980-11667","2","26.0","2590.0","0.0","0.0"
"90980-12134","1","9216.0","9984.0","0.0","0.0"
"90980-12134","2","4608.0","9984.0","0.0","0.0"
"90980-12134","6","9216.0","4608.0","0.0","0.0"
"90980-12134","9","-4607.0","4608.0","0.0","0.0"
"90980-12134","3","0.0","9984.0","0.0","0.0"
"90980-12134","8","0.0","4608.0","0.0","0.0"
"90980-12134","7","4608.0","4608.0","0.0","0.0"
"90980-12134","10","-9215.0","4608.0","0.0","0.0"
"90980-12134","4","-4607.0","9984.0","0.0","0.0"
"90980-12134","5","-9215.0","9984.0","0.0","0.0"
"KANGO-12E84","1","5369.0","9925.0","0.0","0.0"
"KANGO-12E84","3","-5382.0","9927.0","0.0","0.0"
"KANGO-12E84","6","-5375.0","4552.0","0.0","0.0"
"KANGO-12E84","2","-5.0","9927.0","0.0","0.0"
"KANGO-12E84","4","5376.0","4552.0","0.0","0.0"
"KANGO-12E84","5","-1.0","4549.0","0.0","0.0"
"99159-10544","5","-3098.0","4251.0","0.0","0.0"
"99159-10544","2","0.0","10038.0","0.0","0.0"
"99159-10544","3","-5429.0","10038.0","0.0","0.0"
"99159-10544","1","5430.0","10038.0","0.0","0.0"
"99159-10544","4","3098.0","4251.0","0.0","0.0"
"90980-11194","1","-4855.0","8901.0","0.0","0.0"
"90980-11194","6","6022.0","3472.0","0.0","0.0"
"90980-11194","5","593.0","3472.0","0.0","0.0"
"90980-11194","4","-4855.0","3472.0","0.0","0.0"
"90980-11194","2","593.0","8901.0","0.0","0.0"
"90980-11194","3","6022.0","8901.0","0.0","0.0"
"DZH24-10019","21","-30066.0","12850.0","0.0","0.0"
"DZH24-10019","22","-20434.0","12682.0","0.0","0.0"
"DZH24-10019","24","-9592.0","12621.0","0.0","0.0"
"DZH24-10019","28","12220.0","12617.0","0.0","0.0"
"DZH24-10019","25","-4163.0","12575.0","0.0","0.0"
"DZH24-10019","42","28556.0","6425.0","0.0","0.0"
"DZH24-10019","5","1325.0","26015.0","0.0","0.0"
"DZH24-10019","7","12206.0","26075.0","0.0","0.0"
"DZH24-10019","33","-20434.0","6546.0","0.0","0.0"
"DZH24-10019","10","28543.0","26018.0","0.0","0.0"
"DZH24-10019","36","-4163.0","6439.0","0.0","0.0"
"DZH24-10019","18","23097.0","19844.0","0.0","0.0"
"DZH24-10019","17","17619.0","19808.0","0.0","0.0"
"DZH24-10019","6","6753.0","25969.0","0.0","0.0"
"DZH24-10019","14","1308.0","19795.0","0.0","0.0"
"DZH24-10019","32","34944.0","9984.0","0.0","0.0"
"DZH24-10019","26","1308.0","12617.0","0.0","0.0"
"DZH24-10019","23","-15005.0","12636.0","0.0","0.0"
"DZH24-10019","38","6737.0","6435.0","0.0","0.0"
"DZH24-10019","9","23114.0","26064.0","0.0","0.0"
"DZH24-10019","1","-30006.0","24124.0","0.0","0.0"
"DZH24-10019","35","-9592.0","6485.0","0.0","0.0"
"DZH24-10019","3","-9606.0","26079.0","0.0","0.0"
"DZH24-10019","8","17635.0","26029.0","0.0","0.0"
"DZH24-10019","11","34994.0","22257.0","0.0","0.0"
"DZH24-10019","40","17649.0","6435.0","0.0","0.0"
"DZH24-10019","4","-4177.0","26033.0","0.0","0.0"
"DZH24-10019","19","28526.0","19798.0","0.0","0.0"
"DZH24-10019","30","23127.0","12606.0","0.0","0.0"
"DZH24-10019","15","6737.0","19749.0","0.0","0.0"
"DZH24-10019","12","-9622.0","19859.0","0.0","0.0"
"DZH24-10019","13","-4193.0","19812.0","0.0","0.0"
"DZH24-10019","29","17649.0","12571.0","0.0","0.0"
"DZH24-10019","2","-18234.0","21816.0","0.0","0.0"
"DZH24-10019","31","28556.0","12560.0","0.0","0.0"
"DZH24-10019","39","12220.0","6481.0","0.0","0.0"
"DZH24-10019","16","12190.0","19854.0","0.0","0.0"
"DZH24-10019","20","34944.0","16128.0","0.0","0.0"
"DZH24-10019","27","6737.0","12571.0","0.0","0.0"
"DZH24-10019","41","23127.0","6471.0","0.0","0.0"
"DZH24-10019","34","-15005.0","6500.0","0.0","0.0"
"DZH24-10019","37","1308.0","6481.0","0.0","0.0"
"90980-11985","2","2304.0","3072.0","0.0","0.0"
"90980-11985","3","-2303.0","3072.0","0.0","0.0"
"90980-11985","1","6912.0","3072.0","0.0","0.0"
"90980-11985","4","-6911.0","3072.0","0.0","0.0"
"90980-11094","1","-2680.0","2689.0","0.0","0.0"
"90980-11094","2","2692.0","2689.0","0.0","0.0"
"90980-12F57","4","-2303.0","11904.0","0.0","0.0"
"90980-12F57","1","2304.0","16512.0","0.0","0.0"
"90980-12F57","2","-2303.0","16512.0","0.0","0.0"
"90980-12F57","3","2304.0","11904.0","0.0","0.0"
"90980-12F57","5","0.0","6912.0","0.0","0.0"
"KANGO-12A92","18","-2134.0","7555.0","0.0","0.0"
"KANGO-12A92","20","-13646.0","7555.0","0.0","0.0"
"KANGO-12A92","12","35871.0","10428.0","0.0","0.0"
"KANGO-12A92","11","-36690.0","13309.0","0.0","0.0"
"KANGO-12A92","8","-19406.0","13315.0","0.0","0.0"
"KANGO-12A92","16","9383.0","7555.0","0.0","0.0"
"KANGO-12A92","23","-30925.0","7552.0","0.0","0.0"
"KANGO-12A92","6","-7890.0","13315.0","0.0","0.0"
"KANGO-12A92","24","-36690.0","7549.0","0.0","0.0"
"KANGO-12A92","3","9381.0","13315.0","0.0","0.0"
"KANGO-12A92","4","3625.0","13315.0","0.0","0.0"
"KANGO-12A92","15","15141.0","7555.0","0.0","0.0"
"KANGO-12A92","22","-25162.0","7555.0","0.0","0.0"
"KANGO-12A92","1","20895.0","13315.0","0.0","0.0"
"KANGO-12A92","9","-25162.0","13315.0","0.0","0.0"
"KANGO-12A92","7","-13648.0","13315.0","0.0","0.0"
"KANGO-12A92","19","-7890.0","7555.0","0.0","0.0"
"KANGO-12A92","2","15137.0","13315.0","0.0","0.0"
"KANGO-12A92","5","-2132.0","13315.0","0.0","0.0"
"KANGO-12A92","17","3623.0","7555.0","0.0","0.0"
"KANGO-12A92","10","-30925.0","13312.0","0.0","0.0"
"KANGO-12A92","13","27419.0","10428.0","0.0","0.0"
"KANGO-12A92","14","20897.0","7555.0","0.0","0.0"
"KANGO-12A92","21","-19404.0","7555.0","0.0","0.0"
"90980-12B39","B-10","11520.0","10751.0","0.0","0.0"
"90980-12B39","C-3","43776.0","15751.0","0.0","0.0"
"90980-12B39","C-27","38016.0","6143.0","0.0","0.0"
"90980-12B39","B-23","7680.0","6143.0","0.0","0.0"
"90980-12B39","A-18","-38012.0","6144.0","0.0","0.0"
"90980-12B39","B-13","-3839.0","10751.0","0.0","0.0"
"90980-12B39","A-17","-34175.0","6143.0","0.0","0.0"
"90980-12B39","A-21","-53375.0","6143.0","0.0","0.0"
"90980-12B39","A-5","-34175.0","10757.0","0.0","0.0"
"90980-12B39","B-1","26880.0","15359.0","0.0","0.0"
"90980-12B39","C-15","38019.0","10749.0","0.0","0.0"
"90980-12B39","A-2","-43775.0","15747.0","0.0","0.0"
"90980-12B39","C-19","80256.0","6143.0","0.0","0.0"
"90980-12B39","B-5","-23035.0","15361.0","0.0","0.0"
"90980-12B39","B-12","3840.0","10751.0","0.0","0.0"
"90980-12B39","C-9","68738.0","10748.0","0.0","0.0"
"90980-12B39","C-28","34176.0","6143.0","0.0","0.0"
"90980-12B39","C-18","84096.0","6142.0","0.0","0.0"
"90980-12B39","C-23","57216.0","6143.0","0.0","0.0"
"90980-12B39","C-5","87936.0","10751.0","0.0","0.0"
"90980-12B39","A-13","-72575.0","10756.0","0.0","0.0"
"90980-12B39","B-24","3840.0","6143.0","0.0","0.0"
"90980-12B39","B-19","26880.0","6143.0","0.0","0.0"
"90980-12B39","A-8","-49535.0","10751.0","0.0","0.0"
"90980-12B39","B-11","7680.0","10751.0","0.0","0.0"
"90980-12B39","A-15","-84095.0","10751.0","0.0","0.0"
"90980-12B39","C-12","53376.0","10751.0","0.0","0.0"
"90980-12B39","B-26","-7679.0","6143.0","0.0","0.0"
"90980-12B39","A-24","-68735.0","6143.0","0.0","0.0"
"90980-12B39","B-21","19200.0","6143.0","0.0","0.0"
"90980-12B39","B-4","-19199.0","15359.0","0.0","0.0"
"90980-12B39","A-10","-57215.0","10751.0","0.0","0.0"
"90980-12B39","A-27","-84095.0","6143.0","0.0","0.0"
"90980-12B39","B-25","-3839.0","6143.0","0.0","0.0"
"90980-12B39","C-10","64896.0","10751.0","0.0","0.0"
"90980-12B39","C-26","41856.0","6143.0","0.0","0.0"
"90980-12B39","A-22","-57215.0","6143.0","0.0","0.0"
"90980-12B39","C-4","36096.0","15751.0","0.0","0.0"
"90980-12B39","A-14","-80255.0","10751.0","0.0","0.0"
"90980-12B39","C-16","34176.0","10751.0","0.0","0.0"
"90980-12B39","B-2","23040.0","15359.0","0.0","0.0"
"90980-12B39","A-20","-49535.0","6143.0","0.0","0.0"
"90980-12B39","B-17","-23039.0","10751.0","0.0","0.0"
"90980-12B39","A-7","-41855.0","10751.0","0.0","0.0"
"90980-12B39","A-25","-72575.0","6143.0","0.0","0.0"
"90980-12B39","A-12","-68735.0","10751.0","0.0","0.0"
"90980-12B39","A-28","-87935.0","6143.0","0.0","0.0"
"90980-12B39","B-18","-26879.0","10751.0","0.0","0.0"
"90980-12B39","C-14","41856.0","10751.0","0.0","0.0"
"90980-12B39","C-24","53376.0","6143.0","0.0","0.0"
"90980-12B39","C-13","49536.0","10737.0","0.0","0.0"
"90980-12B39","C-20","72576.0","6143.0","0.0","0.0"
"90980-12B39","C-2","78336.0","15751.0","0.0","0.0"
"90980-12B39","C-6","84096.0","10751.0","0.0","0.0"
"90980-12B39","C-1","86016.0","15751.0","0.0","0.0"
"90980-12B39","A-6","-38015.0","10751.0","0.0","0.0"
"90980-12B39","B-7","26880.0","10751.0","0.0","0.0"
"90980-12B39","B-16","-19199.0","10751.0","0.0","0.0"
"90980-12B39","A-4","-86015.0","15747.0","0.0","0.0"
"90980-12B39","C-25","49536.0","6143.0","0.0","0.0"
"90980-12B39","B-9","19200.0","10751.0","0.0","0.0"
"90980-12B39","B-15","-11519.0","10751.0","0.0","0.0"
"90980-12B39","A-3","-78335.0","15747.0","0.0","0.0"
"90980-12B39","B-14","-7679.0","10751.0","0.0","0.0"
"90980-12B39","C-22","64896.0","6143.0","0.0","0.0"
"90980-12B39","C-11","57216.0","10751.0","0.0","0.0"
"90980-12B39","B-29","-23039.0","6143.0","0.0","0.0"
"90980-12B39","A-23","-64895.0","6143.0","0.0","0.0"
"90980-12B39","B-8","23040.0","10751.0","0.0","0.0"
"90980-12B39","A-1","-36095.0","15747.0","0.0","0.0"
"90980-12B39","B-28","-19199.0","6143.0","0.0","0.0"
"90980-12B39","A-9","-53375.0","10751.0","0.0","0.0"
"90980-12B39","A-16","-87935.0","10751.0","0.0","0.0"
"90980-12B39","A-19","-41855.0","6143.0","0.0","0.0"
"90980-12B39","C-17","87936.0","6143.0","0.0","0.0"
"90980-12B39","A-26","-80255.0","6143.0","0.0","0.0"
"90980-12B39","C-21","68736.0","6143.0","0.0","0.0"
"90980-12B39","B-6","-26879.0","15359.0","0.0","0.0"
"90980-12B39","B-20","23040.0","6143.0","0.0","0.0"
"90980-12B39","C-7","80256.0","10751.0","0.0","0.0"
"90980-12B39","B-27","-11519.0","6143.0","0.0","0.0"
"90980-12B39","A-11","-64895.0","10751.0","0.0","0.0"
"90980-12B39","B-30","-26879.0","6143.0","0.0","0.0"
"90980-12B39","C-8","72578.0","10748.0","0.0","0.0"
"90980-12B39","B-3","19200.0","15359.0","0.0","0.0"
"90980-12B39","B-22","11520.0","6143.0","0.0","0.0"
"90980-12E50","112","-38148.0","10329.0","0.0","0.0"
"90980-12E50","56","36927.0","28537.0","0.0","0.0"
"90980-12E50","78","31463.0","21196.0","0.0","0.0"
"90980-12E50","75","15103.0","21199.0","0.0","0.0"
"90980-12E50","55","31477.0","28537.0","0.0","0.0"
"90980-12E50","123","26046.0","10357.0","0.0","0.0"
"90980-12E50","58","47827.0","28537.0","0.0","0.0"
"90980-12E50","42","-43637.0","28515.0","0.0","0.0"
"90980-12E50","108","-59958.0","10332.0","0.0","0.0"
"90980-12E50","48","-10914.0","28509.0","0.0","0.0"
"90980-12E50","64","-49089.0","21171.0","0.0","0.0"
"90980-12E50","65","-43638.0","21171.0","0.0","0.0"
"90980-12E50","87","-49056.0","15752.0","0.0","0.0"
"90980-12E50","114","-27233.0","10327.0","0.0","0.0"
"90980-12E50","80","42375.0","21193.0","0.0","0.0"
"90980-12E50","26","-19079.0","36324.0","0.0","0.0"
"90980-12E50","111","-43608.0","10332.0","0.0","0.0"
"90980-12E50","4","-39239.0","42902.0","0.0","0.0"
"90980-12E50","45","-27263.0","28510.0","0.0","0.0"
"90980-12E50","3","-45959.0","42902.0","0.0","0.0"
"90980-12E50","90","-32685.0","15746.0","0.0","0.0"
"90980-12E50","38","64922.0","36208.0","0.0","0.0"
"90980-12E50","14","31413.0","42902.0","0.0","0.0"
"90980-12E50","60","58766.0","28523.0","0.0","0.0"
"90980-12E50","9","-5639.0","42902.0","0.0","0.0"
"90980-12E50","82","53276.0","21193.0","0.0","0.0"
"90980-12E50","21","-52676.0","36324.0","0.0","0.0"
"90980-12E50","124","31507.0","10354.0","0.0","0.0"
"90980-12E50","18","58199.0","42786.0","0.0","0.0"
"90980-12E50","71","-10917.0","21165.0","0.0","0.0"
"90980-12E50","125","36959.0","10354.0","0.0","0.0"
"90980-12E50","120","9683.0","10360.0","0.0","0.0"
"90980-12E50","84","64217.0","21179.0","0.0","0.0"
"90980-12E50","16","44853.0","42902.0","0.0","0.0"
"90980-12E50","52","15104.0","28543.0","0.0","0.0"
"90980-12E50","81","47824.0","21193.0","0.0","0.0"
"90980-12E50","59","53277.0","28537.0","0.0","0.0"
"90980-12E50","95","-5430.0","15746.0","0.0","0.0"
"90980-12E50","32","24695.0","36324.0","0.0","0.0"
"90980-12E50","49","-5460.0","28509.0","0.0","0.0"
"90980-12E50","40","-54539.0","28515.0","0.0","0.0"
"90980-12E50","67","-32718.0","21166.0","0.0","0.0"
"90980-12E50","27","-12359.0","36324.0","0.0","0.0"
"90980-12E50","34","38135.0","36324.0","0.0","0.0"
"90980-12E50","68","-27266.0","21166.0","0.0","0.0"
"90980-12E50","98","15134.0","15779.0","0.0","0.0"
"90980-12E50","97","9685.0","15779.0","0.0","0.0"
"90980-12E50","128","53307.0","10354.0","0.0","0.0"
"90980-12E50","19","64919.0","42786.0","0.0","0.0"
"90980-12E50","2","-52679.0","42902.0","0.0","0.0"
"90980-12E50","109","-54507.0","10332.0","0.0","0.0"
"90980-12E50","5","-32522.0","42902.0","0.0","0.0"
"90980-12E50","66","-38179.0","21168.0","0.0","0.0"
"90980-12E50","35","44855.0","36324.0","0.0","0.0"
"90980-12E50","89","-38148.0","15749.0","0.0","0.0"
"90980-12E50","37","58202.0","36208.0","0.0","0.0"
"90980-12E50","126","42408.0","10354.0","0.0","0.0"
"90980-12E50","79","36925.0","21193.0","0.0","0.0"
"90980-12E50","118","-5430.0","10326.0","0.0","0.0"
"90980-12E50","70","-16368.0","21166.0","0.0","0.0"
"90980-12E50","94","-10884.0","15746.0","0.0","0.0"
"90980-12E50","83","58729.0","21193.0","0.0","0.0"
"90980-12E50","22","-45956.0","36324.0","0.0","0.0"
"90980-12E50","99","20583.0","15779.0","0.0","0.0"
"90980-12E50","44","-32725.0","28512.0","0.0","0.0"
"90980-12E50","103","42408.0","15774.0","0.0","0.0"
"90980-12E50","116","-16335.0","10327.0","0.0","0.0"
"90980-12E50","69","-21815.0","21166.0","0.0","0.0"
"90980-12E50","61","64256.0","28509.0","0.0","0.0"
"90980-12E50","33","31415.0","36324.0","0.0","0.0"
"90980-12E50","88","-43607.0","15752.0","0.0","0.0"
"90980-12E50","30","11258.0","36324.0","0.0","0.0"
"90980-12E50","106","58796.0","15760.0","0.0","0.0"
"90980-12E50","127","47857.0","10354.0","0.0","0.0"
"90980-12E50","101","31507.0","15774.0","0.0","0.0"
"90980-12E50","24","-32519.0","36324.0","0.0","0.0"
"90980-12E50","50","4203.0","28543.0","0.0","0.0"
"90980-12E50","46","-21814.0","28510.0","0.0","0.0"
"90980-12E50","62","-59991.0","21171.0","0.0","0.0"
"90980-12E50","28","-5636.0","36324.0","0.0","0.0"
"90980-12E50","43","-38186.0","28515.0","0.0","0.0"
"90980-12E50","115","-21782.0","10327.0","0.0","0.0"
"90980-12E50","72","-5463.0","21165.0","0.0","0.0"
"90980-12E50","20","-59396.0","36324.0","0.0","0.0"
"90980-12E50","113","-32685.0","10327.0","0.0","0.0"
"90980-12E50","31","17975.0","36324.0","0.0","0.0"
"90980-12E50","130","64250.0","10340.0","0.0","0.0"
"90980-12E50","93","-16335.0","15746.0","0.0","0.0"
"90980-12E50","15","38133.0","42902.0","0.0","0.0"
"90980-12E50","47","-16366.0","28510.0","0.0","0.0"
"90980-12E50","53","20555.0","28543.0","0.0","0.0"
"90980-12E50","17","51479.0","42786.0","0.0","0.0"
"90980-12E50","23","-39236.0","36324.0","0.0","0.0"
"90980-12E50","86","-54507.0","15752.0","0.0","0.0"
"90980-12E50","107","64286.0","15746.0","0.0","0.0"
"90980-12E50","122","20585.0","10360.0","0.0","0.0"
"90980-12E50","7","-19082.0","42902.0","0.0","0.0"
"90980-12E50","54","26016.0","28540.0","0.0","0.0"
"90980-12E50","76","20552.0","21199.0","0.0","0.0"
"90980-12E50","102","36959.0","15774.0","0.0","0.0"
"90980-12E50","36","51482.0","36208.0","0.0","0.0"
"90980-12E50","11","11255.0","42902.0","0.0","0.0"
"90980-12E50","41","-49088.0","28515.0","0.0","0.0"
"90980-12E50","51","9654.0","28543.0","0.0","0.0"
"90980-12E50","104","47857.0","15774.0","0.0","0.0"
"90980-12E50","91","-27234.0","15746.0","0.0","0.0"
"90980-12E50","85","-59958.0","15752.0","0.0","0.0"
"90980-12E50","110","-49058.0","10332.0","0.0","0.0"
"90980-12E50","129","58760.0","10354.0","0.0","0.0"
"90980-12E50","13","24693.0","42902.0","0.0","0.0"
"90980-12E50","92","-21784.0","15746.0","0.0","0.0"
"90980-12E50","6","-25802.0","42902.0","0.0","0.0"
"90980-12E50","77","26001.0","21199.0","0.0","0.0"
"90980-12E50","74","9650.0","21199.0","0.0","0.0"
"90980-12E50","100","26044.0","15776.0","0.0","0.0"
"90980-12E50","29","4538.0","36324.0","0.0","0.0"
"90980-12E50","10","4535.0","42902.0","0.0","0.0"
"90980-12E50","57","42376.0","28537.0","0.0","0.0"
"90980-12E50","121","15134.0","10360.0","0.0","0.0"
"90980-12E50","117","-10884.0","10326.0","0.0","0.0"
"90980-12E50","105","53307.0","15774.0","0.0","0.0"
"90980-12E50","25","-25799.0","36324.0","0.0","0.0"
"90980-12E50","8","-12362.0","42902.0","0.0","0.0"
"90980-12E50","63","-54540.0","21171.0","0.0","0.0"
"90980-12E50","12","17973.0","42902.0","0.0","0.0"
"90980-12E50","96","4235.0","15779.0","0.0","0.0"
"90980-12E50","119","4233.0","10360.0","0.0","0.0"
"90980-12E50","39","-59989.0","28515.0","0.0","0.0"
"90980-12E50","1","-59399.0","42902.0","0.0","0.0"
"90980-12E50","73","4199.0","21199.0","0.0","0.0"
"90980-10600","4","-5759.0","3456.0","0.0","0.0"
"90980-10600","2","1920.0","3456.0","0.0","0.0"
"90980-10600","3","-1919.0","3456.0","0.0","0.0"
"90980-10600","1","5760.0","3456.0","0.0","0.0"
"90980-12D55","3","-2304.0","6911.0","0.0","0.0"
"90980-12D55","2","2304.0","11519.0","0.0","0.0"
"90980-12D55","1","-2304.0","11519.0","0.0","0.0"
"90980-12D55","4","2304.0","6911.0","0.0","0.0"
"90980-12D55","5","0.0","1919.0","0.0","0.0"
"90980-12E00","8","30720.0","9216.0","0.0","0.0"
"90980-12E00","18","-15360.0","9216.0","0.0","0.0"
"90980-12E00","30","3839.0","4608.0","0.0","0.0"
"90980-12E00","1","32639.0","14212.0","0.0","0.0"
"90980-12E00","27","15359.0","4608.0","0.0","0.0"
"90980-12E00","28","11519.0","4608.0","0.0","0.0"
"90980-12E00","31","-3840.0","4608.0","0.0","0.0"
"90980-12E00","33","-11520.0","4608.0","0.0","0.0"
"90980-12E00","10","19199.0","9216.0","0.0","0.0"
"90980-12E00","29","7679.0","4608.0","0.0","0.0"
"90980-12E00","14","3839.0","9216.0","0.0","0.0"
"90980-12E00","16","-7680.0","9216.0","0.0","0.0"
"90980-12E00","5","-24960.0","14212.0","0.0","0.0"
"90980-12E00","21","-30720.0","9216.0","0.0","0.0"
"90980-12E00","38","-34560.0","4608.0","0.0","0.0"
"90980-12E00","26","19200.0","4608.0","0.0","0.0"
"90980-12E00","37","-30722.0","4608.0","0.0","0.0"
"90980-12E00","23","34559.0","4608.0","0.0","0.0"
"90980-12E00","13","7679.0","9216.0","0.0","0.0"
"90980-12E00","7","34559.0","9216.0","0.0","0.0"
"90980-12E00","20","-26880.0","9216.0","0.0","0.0"
"90980-12E00","11","15361.0","9215.0","0.0","0.0"
"90980-12E00","35","-19200.0","4608.0","0.0","0.0"
"90980-12E00","24","30719.0","4608.0","0.0","0.0"
"90980-12E00","3","17279.0","14212.0","0.0","0.0"
"90980-12E00","25","26879.0","4608.0","0.0","0.0"
"90980-12E00","2","24959.0","14212.0","0.0","0.0"
"90980-12E00","36","-26880.0","4608.0","0.0","0.0"
"90980-12E00","12","11519.0","9216.0","0.0","0.0"
"90980-12E00","34","-15360.0","4608.0","0.0","0.0"
"90980-12E00","9","26879.0","9216.0","0.0","0.0"
"90980-12E00","15","-3840.0","9216.0","0.0","0.0"
"90980-12E00","22","-34560.0","9191.0","0.0","0.0"
"90980-12E00","19","-19199.0","9216.0","0.0","0.0"
"90980-12E00","6","-32640.0","14212.0","0.0","0.0"
"90980-12E00","4","-17280.0","14212.0","0.0","0.0"
"90980-12E00","32","-7680.0","4608.0","0.0","0.0"
"90980-12E00","17","-11520.0","9216.0","0.0","0.0"
"99159-10488","5","5376.0","7296.0","0.0","0.0"
"99159-10488","4","384.0","7296.0","0.0","0.0"
"99159-10488","2","384.0","2688.0","0.0","0.0"
"99159-10488","3","-4991.0","7296.0","0.0","0.0"
"99159-10488","1","384.0","11904.0","0.0","0.0"
"90980-11148","1","-2690.0","3087.0","0.0","0.0"
"90980-11148","2","2701.0","3049.0","0.0","0.0"
"90980-12C20","1","17.0","3483.0","0.0","0.0"
"KANGO-12F28","3","2266.0","8504.0","0.0","0.0"
"KANGO-12F28","5","-37.0","3512.0","0.0","0.0"
"KANGO-12F28","1","2266.0","13112.0","0.0","0.0"
"KANGO-12F28","2","-2341.0","13112.0","0.0","0.0"
"KANGO-12F28","4","-2341.0","8504.0","0.0","0.0"
"82824-44040","1","2304.0","8832.0","0.0","0.0"
"82824-44040","4","-2303.0","4224.0","0.0","0.0"
"82824-44040","3","2304.0","4224.0","0.0","0.0"
"82824-44040","2","-2303.0","8832.0","0.0","0.0"
"90980-12E03","C-8","-38016.0","13824.0","0.0","0.0"
"90980-12E03","B-20","26880.0","9216.0","0.0","0.0"
"90980-12E03","C-11","-49536.0","13824.0","0.0","0.0"
"90980-12E03","C-14","-20736.0","9216.0","0.0","0.0"
"90980-12E03","B-26","-3840.0","9216.0","0.0","0.0"
"90980-12E03","C-3","-18815.0","13823.0","0.0","0.0"
"90980-12E03","C-10","-45696.0","13824.0","0.0","0.0"
"90980-12E03","A-2","51840.0","15360.0","0.0","0.0"
"90980-12E03","B-11","13440.0","13824.0","0.0","0.0"
"90980-12E03","B-5","36480.0","13823.0","0.0","0.0"
"90980-12E03","B-6","32640.0","13824.0","0.0","0.0"
"90980-12E03","B-7","28800.0","13824.0","0.0","0.0"
"90980-12E03","B-1","34560.0","18432.0","0.0","0.0"
"90980-12E03","B-24","7680.0","9216.0","0.0","0.0"
"90980-12E03","C-15","-24576.0","9216.0","0.0","0.0"
"90980-12E03","A-3","48000.0","15360.0","0.0","0.0"
"90980-12E03","B-19","30720.0","9216.0","0.0","0.0"
"90980-12E03","A-8","44160.0","10752.0","0.0","0.0"
"90980-12E03","B-2","30720.0","18432.0","0.0","0.0"
"90980-12E03","B-8","24960.0","13824.0","0.0","0.0"
"90980-12E03","C-20","-51456.0","9216.0","0.0","0.0"
"90980-12E03","C-5","-26496.0","13824.0","0.0","0.0"
"90980-12E03","C-18","-39936.0","9216.0","0.0","0.0"
"90980-12E03","C-16","-32256.0","9216.0","0.0","0.0"
"90980-12E03","B-14","1920.0","13824.0","0.0","0.0"
"90980-12E03","B-17","-9600.0","13824.0","0.0","0.0"
"90980-12E03","C-6","-30336.0","13824.0","0.0","0.0"
"90980-12E03","C-7","-34176.0","13824.0","0.0","0.0"
"90980-12E03","C-1","-20736.0","18430.0","0.0","0.0"
"90980-12E03","A-1","55679.0","15360.0","0.0","0.0"
"90980-12E03","A-5","55679.0","10752.0","0.0","0.0"
"90980-12E03","C-17","-36096.0","9216.0","0.0","0.0"
"90980-12E03","A-7","48000.0","10752.0","0.0","0.0"
"90980-12E03","B-9","21120.0","13824.0","0.0","0.0"
"90980-12E03","B-13","5760.0","13824.0","0.0","0.0"
"90980-12E03","B-23","11520.0","9216.0","0.0","0.0"
"90980-12E03","C-9","-41856.0","13824.0","0.0","0.0"
"90980-12E03","B-10","17280.0","13824.0","0.0","0.0"
"90980-12E03","C-19","-43775.0","9216.0","0.0","0.0"
"90980-12E03","A-6","51840.0","10752.0","0.0","0.0"
"90980-12E03","B-27","-7680.0","9216.0","0.0","0.0"
"90980-12E03","B-18","34560.0","9216.0","0.0","0.0"
"90980-12E03","B-15","-1920.0","13824.0","0.0","0.0"
"90980-12E03","C-21","-55296.0","9216.0","0.0","0.0"
"90980-12E03","B-25","0.0","9216.0","0.0","0.0"
"90980-12E03","A-4","44160.0","15360.0","0.0","0.0"
"90980-12E03","C-13","-57216.0","13823.0","0.0","0.0"
"90980-12E03","B-12","9600.0","13824.0","0.0","0.0"
"90980-12E03","B-21","19200.0","9216.0","0.0","0.0"
"90980-12E03","B-3","-3840.0","18432.0","0.0","0.0"
"90980-12E03","C-4","-22656.0","13824.0","0.0","0.0"
"90980-12E03","B-16","-5760.0","13824.0","0.0","0.0"
"90980-12E03","C-2","-55296.0","18432.0","0.0","0.0"
"90980-12E03","B-22","15360.0","9216.0","0.0","0.0"
"90980-12E03","C-12","-53376.0","13824.0","0.0","0.0"
"90980-12E03","B-4","-7680.0","18432.0","0.0","0.0"
"90980-09914","2","5510.0","2687.0","0.0","0.0"
"90980-09914","1","-6853.0","2687.0","0.0","0.0"
"DUMMY-CUTOFF","1","1.0","2711.0","0.0","0.0"
"90980-11155","1","2718.0","6344.0","0.0","0.0"
"90980-11155","2","-2706.0","6325.0","0.0","0.0"
"82675-47370","1","4800.0","9600.0","0.0","0.0"
"90980-12C55","1","-11634.0","33024.0","0.0","0.0"
"90980-12C55","22","7565.0","17664.0","0.0","0.0"
"90980-12C55","28","-114.0","9975.0","0.0","0.0"
"90980-12C55","7","11405.0","33024.0","0.0","0.0"
"90980-12C55","8","15245.0","33024.0","0.0","0.0"
"90980-12C55","32","15264.0","9984.0","0.0","0.0"
"90980-12C55","23","11404.0","17658.0","0.0","0.0"
"90980-12C55","15","11403.0","25344.0","0.0","0.0"
"90980-12C55","20","-114.0","17664.0","0.0","0.0"
"90980-12C55","3","-3954.0","33024.0","0.0","0.0"
"90980-12C55","4","-114.0","33024.0","0.0","0.0"
"90980-12C55","30","7563.0","9988.0","0.0","0.0"
"90980-12C55","13","3725.0","25344.0","0.0","0.0"
"90980-12C55","25","-11637.0","9975.0","0.0","0.0"
"90980-12C55","17","-11633.0","17664.0","0.0","0.0"
"90980-12C55","21","3725.0","17664.0","0.0","0.0"
"90980-12C55","5","3725.0","33024.0","0.0","0.0"
"90980-12C55","2","-7794.0","33024.0","0.0","0.0"
"90980-12C55","26","-7799.0","9975.0","0.0","0.0"
"90980-12C55","24","15245.0","17654.0","0.0","0.0"
"90980-12C55","14","7563.0","25344.0","0.0","0.0"
"90980-12C55","9","-11634.0","25344.0","0.0","0.0"
"90980-12C55","29","3725.0","9979.0","0.0","0.0"
"90980-12C55","11","-3952.0","25344.0","0.0","0.0"
"90980-12C55","6","7565.0","33024.0","0.0","0.0"
"90980-12C55","31","11403.0","9988.0","0.0","0.0"
"90980-12C55","19","-3952.0","17664.0","0.0","0.0"
"90980-12C55","12","-114.0","25344.0","0.0","0.0"
"90980-12C55","16","15245.0","25344.0","0.0","0.0"
"90980-12C55","27","-3952.0","9975.0","0.0","0.0"
"90980-12C55","10","-7792.0","25344.0","0.0","0.0"
"90980-12C55","18","-7792.0","17664.0","0.0","0.0"
"KANGO-12C77","1","9601.0","5760.0","0.0","0.0"
"KANGO-12C77","5","-5759.0","5760.0","0.0","0.0"
"KANGO-12C77","2","5761.0","5760.0","0.0","0.0"
"KANGO-12C77","4","-1919.0","5760.0","0.0","0.0"
"KANGO-12C77","6","-9599.0","5760.0","0.0","0.0"
"KANGO-12C77","3","1921.0","5760.0","0.0","0.0"
"90980-12C27","2","10596.0","8107.0","0.0","0.0"
"90980-12C27","1","-10672.0","8117.0","0.0","0.0"
"90980-12C27","4","2791.0","6322.0","0.0","0.0"
"90980-12C27","3","-2962.0","6322.0","0.0","0.0"
"KANGO-10956","1","4224.0","3840.0","0.0","0.0"
"KANGO-10956","2","-383.0","3840.0","0.0","0.0"
"KANGO-10956","3","-4991.0","3840.0","0.0","0.0"
"90980-10956","1","-4203.0","2698.0","0.0","0.0"
"90980-10956","2","388.0","2698.0","0.0","0.0"
"90980-10956","3","4998.0","2679.0","0.0","0.0"
"90980-12816","27","15360.0","6631.0","0.0","0.0"
"90980-12816","21","-30719.0","11240.0","0.0","0.0"
"90980-12816","2","24960.0","16236.0","0.0","0.0"
"90980-12816","19","-19199.0","11240.0","0.0","0.0"
"90980-12816","1","32640.0","16236.0","0.0","0.0"
"90980-12816","32","-7679.0","6632.0","0.0","0.0"
"90980-12816","34","-15360.0","6632.0","0.0","0.0"
"90980-12816","24","30720.0","6632.0","0.0","0.0"
"90980-12816","13","7680.0","11240.0","0.0","0.0"
"90980-12816","14","3840.0","11240.0","0.0","0.0"
"90980-12816","5","-24959.0","16236.0","0.0","0.0"
"90980-12816","31","-3839.0","6632.0","0.0","0.0"
"90980-12816","37","-30719.0","6631.0","0.0","0.0"
"90980-12816","20","-26879.0","11240.0","0.0","0.0"
"90980-12816","15","-3839.0","11240.0","0.0","0.0"
"90980-12816","26","19200.0","6632.0","0.0","0.0"
"90980-12816","35","-19199.0","6632.0","0.0","0.0"
"90980-12816","8","30720.0","11240.0","0.0","0.0"
"90980-12816","33","-11520.0","6632.0","0.0","0.0"
"90980-12816","28","11520.0","6631.0","0.0","0.0"
"90980-12816","36","-26879.0","6632.0","0.0","0.0"
"90980-12816","11","15359.0","11240.0","0.0","0.0"
"90980-12816","7","34560.0","11240.0","0.0","0.0"
"90980-12816","25","26880.0","6632.0","0.0","0.0"
"90980-12816","12","11519.0","11240.0","0.0","0.0"
"90980-12816","10","19200.0","11240.0","0.0","0.0"
"90980-12816","22","-34559.0","11240.0","0.0","0.0"
"90980-12816","16","-7679.0","11241.0","0.0","0.0"
"90980-12816","17","-11519.0","11239.0","0.0","0.0"
"90980-12816","6","-32639.0","16236.0","0.0","0.0"
"90980-12816","18","-15359.0","11238.0","0.0","0.0"
"90980-12816","23","34560.0","6632.0","0.0","0.0"
"90980-12816","3","17280.0","16236.0","0.0","0.0"
"90980-12816","9","26880.0","11240.0","0.0","0.0"
"90980-12816","38","-34559.0","6631.0","0.0","0.0"
"90980-12816","30","3840.0","6632.0","0.0","0.0"
"90980-12816","29","7680.0","6632.0","0.0","0.0"
"90980-12816","4","-17279.0","16236.0","0.0","0.0"
"90980-12E91","6","-24959.0","7296.0","0.0","0.0"
"90980-12E91","26","3837.0","2688.0","0.0","0.0"
"90980-12E91","16","13440.0","7298.0","0.0","0.0"
"90980-12E91","17","17280.0","7298.0","0.0","0.0"
"90980-12E91","13","1920.0","7298.0","0.0","0.0"
"90980-12E91","9","-13450.0","7296.0","0.0","0.0"
"90980-12E91","18","21120.0","7296.0","0.0","0.0"
"90980-12E91","12","-1919.0","7301.0","0.0","0.0"
"90980-12E91","27","7677.0","2688.0","0.0","0.0"
"90980-12E91","4","19200.0","11904.0","0.0","0.0"
"90980-12E91","2","-19199.0","11904.0","0.0","0.0"
"90980-12E91","10","-9614.0","7296.0","0.0","0.0"
"90980-12E91","8","-17279.0","7296.0","0.0","0.0"
"90980-12E91","25","-1.0","2688.0","0.0","0.0"
"90980-12E91","24","-3840.0","2688.0","0.0","0.0"
"90980-12E91","3","-15359.0","11904.0","0.0","0.0"
"90980-12E91","11","-5763.0","7296.0","0.0","0.0"
"90980-12E91","19","24960.0","7296.0","0.0","0.0"
"90980-12E91","20","-23039.0","2688.0","0.0","0.0"
"90980-12E91","29","19200.0","2688.0","0.0","0.0"
"90980-12E91","7","-21119.0","7296.0","0.0","0.0"
"90980-12E91","1","-23039.0","11904.0","0.0","0.0"
"90980-12E91","28","15360.0","2688.0","0.0","0.0"
"90980-12E91","21","-19199.0","2688.0","0.0","0.0"
"90980-12E91","14","5760.0","7288.0","0.0","0.0"
"90980-12E91","5","23040.0","11904.0","0.0","0.0"
"90980-12E91","22","-15359.0","2688.0","0.0","0.0"
"90980-12E91","30","23040.0","2688.0","0.0","0.0"
"90980-12E91","23","-7679.0","2688.0","0.0","0.0"
"90980-12E91","15","9600.0","7291.0","0.0","0.0"
"KANGO-12E76","1","0.0","2304.0","0.0","0.0"
"90980-12A59","3","5758.0","11140.0","0.0","0.0"
"90980-12A59","6","5758.0","5380.0","0.0","0.0"
"90980-12A59","4","-5761.0","5380.0","0.0","0.0"
"90980-12A59","1","-5761.0","11140.0","0.0","0.0"
"90980-12A59","2","-1.0","11140.0","0.0","0.0"
"90980-12A59","5","-1.0","5380.0","0.0","0.0"
"90980-12E97","C-9","-41855.0","12297.0","0.0","0.0"
"90980-12E97","A-18","34944.0","12288.0","0.0","0.0"
"90980-12E97","B-1","21504.0","16896.0","0.0","0.0"
"90980-12E97","A-4","36864.0","16896.0","0.0","0.0"
"90980-12E97","B-2","17664.0","16896.0","0.0","0.0"
"90980-12E97","B-14","-11142.0","12288.0","0.0","0.0"
"90980-12E97","C-27","-62975.0","7680.0","0.0","0.0"
"90980-12E97","B-6","19584.0","12288.0","0.0","0.0"
"90980-12E97","C-25","-55300.0","7680.0","0.0","0.0"
"90980-12E97","C-11","-49535.0","12291.0","0.0","0.0"
"90980-12E97","C-21","-36095.0","7680.0","0.0","0.0"
"90980-12E97","A-22","71424.0","7680.0","0.0","0.0"
"90980-12E97","C-4","-74495.0","16896.0","0.0","0.0"
"90980-12E97","A-6","81024.0","12288.0","0.0","0.0"
"90980-12E97","C-26","-59140.0","7680.0","0.0","0.0"
"90980-12E97","A-17","38784.0","12284.0","0.0","0.0"
"90980-12E97","A-29","36864.0","7680.0","0.0","0.0"
"90980-12E97","C-1","-32255.0","16896.0","0.0","0.0"
"90980-12E97","A-3","71424.0","16896.0","0.0","0.0"
"90980-12E97","C-12","-53375.0","12291.0","0.0","0.0"
"90980-12E97","B-4","-20735.0","16896.0","0.0","0.0"
"90980-12E97","C-28","-70655.0","7680.0","0.0","0.0"
"90980-12E97","C-29","-74495.0","7680.0","0.0","0.0"
"90980-12E97","B-25","-13055.0","7680.0","0.0","0.0"
"90980-12E97","C-19","-80255.0","12288.0","0.0","0.0"
"90980-12E97","B-22","2300.0","7680.0","0.0","0.0"
"90980-12E97","B-3","-16895.0","16896.0","0.0","0.0"
"90980-12E97","C-10","-45695.0","12297.0","0.0","0.0"
"90980-12E97","A-27","48384.0","7680.0","0.0","0.0"
"90980-12E97","C-14","-61055.0","12287.0","0.0","0.0"
"90980-12E97","B-18","21504.0","7680.0","0.0","0.0"
"90980-12E97","A-13","54139.0","12288.0","0.0","0.0"
"90980-12E97","B-9","8059.0","12288.0","0.0","0.0"
"90980-12E97","A-5","33024.0","16896.0","0.0","0.0"
"90980-12E97","A-24","59901.0","7680.0","0.0","0.0"
"90980-12E97","A-25","56064.0","7678.0","0.0","0.0"
"90980-12E97","B-5","23424.0","12288.0","0.0","0.0"
"90980-12E97","B-11","382.0","12288.0","0.0","0.0"
"90980-12E97","A-14","50304.0","12289.0","0.0","0.0"
"90980-12E97","C-6","-30335.0","12288.0","0.0","0.0"
"90980-12E97","A-30","33024.0","7680.0","0.0","0.0"
"90980-12E97","B-27","-20735.0","7680.0","0.0","0.0"
"90980-12E97","B-24","-5376.0","7680.0","0.0","0.0"
"90980-12E97","B-7","15744.0","12293.0","0.0","0.0"
"90980-12E97","A-23","63741.0","7680.0","0.0","0.0"
"90980-12E97","A-15","46464.0","12289.0","0.0","0.0"
"90980-12E97","C-23","-47615.0","7683.0","0.0","0.0"
"90980-12E97","C-7","-34175.0","12288.0","0.0","0.0"
"90980-12E97","A-19","31104.0","12288.0","0.0","0.0"
"90980-12E97","C-24","-51455.0","7683.0","0.0","0.0"
"90980-12E97","C-18","-76415.0","12288.0","0.0","0.0"
"90980-12E97","B-16","-18815.0","12288.0","0.0","0.0"
"90980-12E97","B-15","-14975.0","12288.0","0.0","0.0"
"90980-12E97","A-16","42624.0","12284.0","0.0","0.0"
"90980-12E97","A-21","75264.0","7680.0","0.0","0.0"
"90980-12E97","C-30","-78335.0","7680.0","0.0","0.0"
"90980-12E97","B-13","-7302.0","12288.0","0.0","0.0"
"90980-12E97","C-13","-57215.0","12287.0","0.0","0.0"
"90980-12E97","B-10","4219.0","12288.0","0.0","0.0"
"90980-12E97","A-20","79104.0","7680.0","0.0","0.0"
"90980-12E97","A-26","52224.0","7678.0","0.0","0.0"
"90980-12E97","C-17","-72575.0","12288.0","0.0","0.0"
"90980-12E97","C-20","-32255.0","7680.0","0.0","0.0"
"90980-12E97","A-28","40704.0","7680.0","0.0","0.0"
"90980-12E97","C-8","-38015.0","12288.0","0.0","0.0"
"90980-12E97","B-26","-16895.0","7680.0","0.0","0.0"
"90980-12E97","A-2","75264.0","16896.0","0.0","0.0"
"90980-12E97","B-19","17664.0","7680.0","0.0","0.0"
"90980-12E97","B-12","-3457.0","12288.0","0.0","0.0"
"90980-12E97","C-2","-36095.0","16896.0","0.0","0.0"
"90980-12E97","A-1","79104.0","16896.0","0.0","0.0"
"90980-12E97","C-22","-39935.0","7680.0","0.0","0.0"
"90980-12E97","A-8","73344.0","12292.0","0.0","0.0"
"90980-12E97","B-17","-22655.0","12288.0","0.0","0.0"
"90980-12E97","C-5","-78335.0","16896.0","0.0","0.0"
"90980-12E97","A-10","65658.0","12288.0","0.0","0.0"
"90980-12E97","B-20","13824.0","7680.0","0.0","0.0"
"90980-12E97","C-15","-64895.0","12285.0","0.0","0.0"
"90980-12E97","A-7","77184.0","12288.0","0.0","0.0"
"90980-12E97","C-3","-39935.0","16896.0","0.0","0.0"
"90980-12E97","A-9","69504.0","12292.0","0.0","0.0"
"90980-12E97","B-21","6140.0","7680.0","0.0","0.0"
"90980-12E97","B-23","-1537.0","7680.0","0.0","0.0"
"90980-12E97","C-16","-68735.0","12285.0","0.0","0.0"
"90980-12E97","A-11","61818.0","12288.0","0.0","0.0"
"90980-12E97","B-8","11904.0","12293.0","0.0","0.0"
"90980-12E97","A-12","57979.0","12288.0","0.0","0.0"
"90980-11028","2","3251.0","9984.0","0.0","0.0"
"90980-11028","4","3251.0","4554.0","0.0","0.0"
"90980-11028","1","-2178.0","9984.0","0.0","0.0"
"90980-11028","3","-2178.0","4554.0","0.0","0.0"
"90980-09877","1","6336.0","2714.0","0.0","0.0"
"90980-12E33","2","-42240.0","8064.0","0.0","0.0"
"90980-12E33","16","38400.0","8064.0","0.0","0.0"
"90980-12E33","34","44160.0","3455.0","0.0","0.0"
"90980-12E33","26","-13440.0","3455.0","0.0","0.0"
"90980-12E33","8","-19200.0","8064.0","0.0","0.0"
"90980-12E33","11","19200.0","8064.0","0.0","0.0"
"90980-12E33","23","-24960.0","3456.0","0.0","0.0"
"90980-12E33","29","21120.0","3455.0","0.0","0.0"
"90980-12E33","1","-46080.0","8064.0","0.0","0.0"
"90980-12E33","6","-26880.0","8064.0","0.0","0.0"
"90980-12E33","9","-15360.0","8064.0","0.0","0.0"
"90980-12E33","25","-17280.0","3456.0","0.0","0.0"
"90980-12E33","31","32640.0","3455.0","0.0","0.0"
"90980-12E33","4","-34560.0","8064.0","0.0","0.0"
"90980-12E33","3","-38400.0","8064.0","0.0","0.0"
"90980-12E33","20","-40320.0","3456.0","0.0","0.0"
"90980-12E33","22","-32640.0","3455.0","0.0","0.0"
"90980-12E33","36","1920.0","3456.0","0.0","0.0"
"90980-12E33","10","15360.0","8064.0","0.0","0.0"
"90980-12E33","17","42240.0","8064.0","0.0","0.0"
"90980-12E33","18","46080.0","8064.0","0.0","0.0"
"90980-12E33","30","24960.0","3455.0","0.0","0.0"
"90980-12E33","15","34560.0","8064.0","0.0","0.0"
"90980-12E33","28","17280.0","3456.0","0.0","0.0"
"90980-12E33","13","26880.0","8064.0","0.0","0.0"
"90980-12E33","27","13440.0","3455.0","0.0","0.0"
"90980-12E33","7","-23040.0","8064.0","0.0","0.0"
"90980-12E33","12","23040.0","8064.0","0.0","0.0"
"90980-12E33","32","36480.0","3456.0","0.0","0.0"
"90980-12E33","5","-30720.0","8064.0","0.0","0.0"
"90980-12E33","19","-44160.0","3456.0","0.0","0.0"
"90980-12E33","33","40320.0","3456.0","0.0","0.0"
"90980-12E33","35","-1920.0","3456.0","0.0","0.0"
"90980-12E33","14","30720.0","8064.0","0.0","0.0"
"90980-12E33","21","-36480.0","3455.0","0.0","0.0"
"90980-12E33","24","-21120.0","3456.0","0.0","0.0"
"90980-12369","10","3836.0","8448.0","0.0","0.0"
"90980-12369","5","-3839.0","13068.0","0.0","0.0"
"90980-12369","11","-13.0","8445.0","0.0","0.0"
"90980-12369","1","11530.0","13074.0","0.0","0.0"
"90980-12369","6","-7669.0","13068.0","0.0","0.0"
"90980-12369","7","-11480.0","13090.0","0.0","0.0"
"90980-12369","8","11539.0","8483.0","0.0","0.0"
"90980-12369","3","3857.0","13072.0","0.0","0.0"
"90980-12369","13","-7701.0","8445.0","0.0","0.0"
"90980-12369","2","7671.0","13115.0","0.0","0.0"
"90980-12369","4","4.0","13048.0","0.0","0.0"
"90980-12369","9","7702.0","8456.0","0.0","0.0"
"90980-12369","12","-3859.0","8454.0","0.0","0.0"
"90980-12369","14","-11503.0","8471.0","0.0","0.0"
"82675-16040","1","5351.0","7872.0","0.0","0.0"
"90980-10601","1","-5759.0","2688.0","0.0","0.0"
"90980-10601","2","-1919.0","2688.0","0.0","0.0"
"90980-10601","3","1920.0","2688.0","0.0","0.0"
"90980-10601","4","5760.0","2688.0","0.0","0.0"
"K8201-48460","3","4282.0","7707.0","0.0","0.0"
"K8201-48460","1","4282.0","16082.0","0.0","0.0"
"K8201-48460","2","-4277.0","16082.0","0.0","0.0"
"K8201-48460","4","-4277.0","7707.0","0.0","0.0"
"90980-12716","9","5739.0","9604.0","0.0","0.0"
"90980-12716","8","11499.0","9604.0","0.0","0.0"
"90980-12716","10","-20.0","9604.0","0.0","0.0"
"90980-12716","13","-17300.0","9604.0","0.0","0.0"
"90980-12716","11","-5780.0","9604.0","0.0","0.0"
"90980-12716","3","5758.0","15364.0","0.0","0.0"
"90980-12716","1","17278.0","15364.0","0.0","0.0"
"90980-12716","5","-11521.0","15364.0","0.0","0.0"
"90980-12716","2","11518.0","15364.0","0.0","0.0"
"90980-12716","4","-5761.0","15364.0","0.0","0.0"
"90980-12716","12","-11540.0","9604.0","0.0","0.0"
"90980-12716","7","17259.0","9604.0","0.0","0.0"
"90980-12716","6","-17283.0","15364.0","0.0","0.0"
"90980-12326","13","17261.0","7301.0","0.0","0.0"
"90980-12326","10","-16.0","7289.0","0.0","0.0"
"90980-12326","8","-11520.0","7288.0","0.0","0.0"
"90980-12326","3","-5786.0","13145.0","0.0","0.0"
"90980-12326","4","5744.0","13144.0","0.0","0.0"
"90980-12326","7","-17304.0","7293.0","0.0","0.0"
"90980-12326","11","5741.0","7297.0","0.0","0.0"
"90980-12326","1","-17288.0","13153.0","0.0","0.0"
"90980-12326","9","-5772.0","7301.0","0.0","0.0"
"90980-12326","2","-11517.0","13138.0","0.0","0.0"
"90980-12326","12","11521.0","7304.0","0.0","0.0"
"90980-12326","6","17254.0","13140.0","0.0","0.0"
"90980-12326","5","11520.0","13141.0","0.0","0.0"
"90980-12416","2","2881.0","7304.0","0.0","0.0"
"90980-12416","1","-2884.0","7301.0","0.0","0.0"
"KANGO-12452","2","-1919.0","8064.0","0.0","0.0"
"KANGO-12452","1","1920.0","8064.0","0.0","0.0"
"90980-12182","12","-9599.0","5760.0","0.0","0.0"
"90980-12182","1","9600.0","10368.0","0.0","0.0"
"90980-12182","2","5760.0","10368.0","0.0","0.0"
"90980-12182","8","5760.0","5760.0","0.0","0.0"
"90980-12182","6","-9599.0","10368.0","0.0","0.0"
"90980-12182","5","-5759.0","10368.0","0.0","0.0"
"90980-12182","11","-5759.0","5760.0","0.0","0.0"
"90980-12182","10","-1919.0","5760.0","0.0","0.0"
"90980-12182","4","-1919.0","10368.0","0.0","0.0"
"90980-12182","3","1920.0","10368.0","0.0","0.0"
"90980-12182","9","1920.0","5760.0","0.0","0.0"
"90980-12182","7","9600.0","5760.0","0.0","0.0"
"82824-47C50","2","-5102.0","10752.0","0.0","0.0"
"82824-47C50","4","-5092.0","4600.0","0.0","0.0"
"82824-47C50","1","5103.0","10752.0","0.0","0.0"
"82824-47C50","3","5063.0","4586.0","0.0","0.0"
"90980-12C75","1","-9599.0","4224.0","0.0","0.0"
"90980-12C75","4","1920.0","4224.0","0.0","0.0"
"90980-12C75","3","-1919.0","4224.0","0.0","0.0"
"90980-12C75","5","5760.0","4224.0","0.0","0.0"
"90980-12C75","2","-5759.0","4224.0","0.0","0.0"
"90980-12C75","6","9600.0","4224.0","0.0","0.0"
"90980-12790","1","-5762.0","11145.0","0.0","0.0"
"90980-12790","6","5757.0","5380.0","0.0","0.0"
"90980-12790","2","2.0","11146.0","0.0","0.0"
"90980-12790","4","-5762.0","5385.0","0.0","0.0"
"90980-12790","3","5766.0","11152.0","0.0","0.0"
"90980-12790","5","-3.0","5372.0","0.0","0.0"
"90980-11326","4","-1919.0","3456.0","0.0","0.0"
"90980-11326","3","-5759.0","3456.0","0.0","0.0"
"90980-11326","5","1919.0","3456.0","0.0","0.0"
"90980-11326","1","-5759.0","8064.0","0.0","0.0"
"90980-11326","6","5759.0","3456.0","0.0","0.0"
"90980-11326","2","5760.0","8064.0","0.0","0.0"
"82824-30470","2","4.0","3840.0","0.0","0.0"
"82824-30470","3","3843.0","3840.0","0.0","0.0"
"82824-30470","1","-3839.0","3840.0","0.0","0.0"
"90980-12F92","4","-2303.0","12288.0","0.0","0.0"
"90980-12F92","2","-2303.0","16896.0","0.0","0.0"
"90980-12F92","3","2304.0","12288.0","0.0","0.0"
"90980-12F92","1","2304.0","16896.0","0.0","0.0"
"90980-12F92","5","0.0","7296.0","0.0","0.0"
"90980-12E31","10","-15360.0","11136.0","0.0","0.0"
"90980-12E31","6","26880.0","11136.0","0.0","0.0"
"90980-12E31","25","17280.0","6528.0","0.0","0.0"
"90980-12E31","28","-17280.0","6528.0","0.0","0.0"
"90980-12E31","8","19200.0","11136.0","0.0","0.0"
"90980-12E31","22","32640.0","6527.0","0.0","0.0"
"90980-12E31","17","-42240.0","11136.0","0.0","0.0"
"90980-12E31","35","1920.0","6528.0","0.0","0.0"
"90980-12E31","31","-32640.0","6527.0","0.0","0.0"
"90980-12E31","2","42240.0","11136.0","0.0","0.0"
"90980-12E31","21","36480.0","6528.0","0.0","0.0"
"90980-12E31","16","-38400.0","11136.0","0.0","0.0"
"90980-12E31","36","-1920.0","6528.0","0.0","0.0"
"90980-12E31","23","24960.0","6527.0","0.0","0.0"
"90980-12E31","27","-13440.0","6527.0","0.0","0.0"
"90980-12E31","3","38400.0","11136.0","0.0","0.0"
"90980-12E31","26","13440.0","6527.0","0.0","0.0"
"90980-12E31","7","23040.0","11136.0","0.0","0.0"
"90980-12E31","9","15360.0","11136.0","0.0","0.0"
"90980-12E31","20","40320.0","6528.0","0.0","0.0"
"90980-12E31","30","-24960.0","6528.0","0.0","0.0"
"90980-12E31","14","-30720.0","11136.0","0.0","0.0"
"90980-12E31","1","46080.0","11136.0","0.0","0.0"
"90980-12E31","13","-26880.0","11136.0","0.0","0.0"
"90980-12E31","29","-21120.0","6528.0","0.0","0.0"
"90980-12E31","24","21120.0","6527.0","0.0","0.0"
"90980-12E31","15","-34560.0","11136.0","0.0","0.0"
"90980-12E31","34","-44160.0","6528.0","0.0","0.0"
"90980-12E31","18","-46080.0","11136.0","0.0","0.0"
"90980-12E31","12","-23040.0","11136.0","0.0","0.0"
"90980-12E31","19","44160.0","6527.0","0.0","0.0"
"90980-12E31","4","34560.0","11136.0","0.0","0.0"
"90980-12E31","33","-40320.0","6528.0","0.0","0.0"
"90980-12E31","5","30720.0","11136.0","0.0","0.0"
"90980-12E31","11","-19200.0","11136.0","0.0","0.0"
"90980-12E31","32","-36480.0","6527.0","0.0","0.0"
"KANGO-12B99","2","-5102.0","10752.0","0.0","0.0"
"KANGO-12B99","1","5103.0","10752.0","0.0","0.0"
"KANGO-12B99","3","5092.0","5218.0","0.0","0.0"
"KANGO-12B99","4","-5098.0","5219.0","0.0","0.0"
"90980-11011","4","1920.0","8064.0","0.0","0.0"
"90980-11011","2","1920.0","12672.0","0.0","0.0"
"90980-11011","5","-1919.0","3456.0","0.0","0.0"
"90980-11011","6","1920.0","3456.0","0.0","0.0"
"90980-11011","3","-1919.0","8064.0","0.0","0.0"
"90980-11011","1","-1919.0","12672.0","0.0","0.0"
"90980-12382","2","2895.0","19204.0","0.0","0.0"
"90980-12382","5","-2864.0","7684.0","0.0","0.0"
"90980-12382","3","-2864.0","13444.0","0.0","0.0"
"90980-12382","1","-2864.0","19204.0","0.0","0.0"
"90980-12382","4","2895.0","13444.0","0.0","0.0"
"90980-12382","6","2895.0","7684.0","0.0","0.0"
"90980-11863","1","2813.0","6211.0","0.0","0.0"
"90980-11863","2","-2945.0","6211.0","0.0","0.0"
"90980-12B53","10","-15371.0","12480.0","0.0","0.0"
"90980-12B53","12","19188.0","7872.0","0.0","0.0"
"90980-12B53","19","-7691.0","7872.0","0.0","0.0"
"90980-12B53","11","-19211.0","12480.0","0.0","0.0"
"90980-12B53","18","-3851.0","7872.0","0.0","0.0"
"90980-12B53","4","7668.0","12480.0","0.0","0.0"
"90980-12B53","5","3828.0","12480.0","0.0","0.0"
"90980-12B53","3","11508.0","12480.0","0.0","0.0"
"90980-12B53","20","-11531.0","7872.0","0.0","0.0"
"90980-12B53","7","-3851.0","12480.0","0.0","0.0"
"90980-12B53","13","15348.0","7872.0","0.0","0.0"
"90980-12B53","15","7668.0","7872.0","0.0","0.0"
"90980-12B53","22","-19211.0","7872.0","0.0","0.0"
"90980-12B53","2","15348.0","12480.0","0.0","0.0"
"90980-12B53","16","3828.0","7872.0","0.0","0.0"
"90980-12B53","1","19188.0","12480.0","0.0","0.0"
"90980-12B53","17","-11.0","7872.0","0.0","0.0"
"90980-12B53","9","-11531.0","12480.0","0.0","0.0"
"90980-12B53","8","-7691.0","12480.0","0.0","0.0"
"90980-12B53","21","-15371.0","7872.0","0.0","0.0"
"90980-12B53","6","-11.0","12480.0","0.0","0.0"
"90980-12B53","14","11508.0","7872.0","0.0","0.0"
"99159-10226","1","2688.0","3647.0","0.0","0.0"
"99159-10226","2","-2687.0","3648.0","0.0","0.0"
"90980-12F89","2","3478.0","17305.0","0.0","0.0"
"90980-12F89","3","0.0","11904.0","0.0","0.0"
"90980-12F89","1","-3439.0","17305.0","0.0","0.0"
"KANGO-12C71","4","-1920.0","5760.0","0.0","0.0"
"KANGO-12C71","6","-9600.0","5760.0","0.0","0.0"
"KANGO-12C71","2","5760.0","5760.0","0.0","0.0"
"KANGO-12C71","5","-5760.0","5760.0","0.0","0.0"
"KANGO-12C71","1","9600.0","5760.0","0.0","0.0"
"KANGO-12C71","3","1920.0","5760.0","0.0","0.0"
"90980-12354","2","-188.0","7380.0","0.0","0.0"
"90980-12354","1","-5955.0","7375.0","0.0","0.0"
"90980-12354","3","5573.0","7384.0","0.0","0.0"
"99159-10257","2","-2661.0","4635.0","0.0","0.0"
"99159-10257","1","2768.0","4635.0","0.0","0.0"
"90980-12160","1","-6909.0","3080.0","0.0","0.0"
"90980-12160","2","-2318.0","3080.0","0.0","0.0"
"90980-12160","4","6921.0","3080.0","0.0","0.0"
"90980-12160","3","2311.0","3061.0","0.0","0.0"
"90980-12B96","16","-16127.0","13436.0","0.0","0.0"
"90980-12B96","14","-23810.0","13440.0","0.0","0.0"
"90980-12B96","17","-12287.0","13436.0","0.0","0.0"
"90980-12B96","28","-21889.0","8832.0","0.0","0.0"
"90980-12B96","25","18434.0","13436.0","0.0","0.0"
"90980-12B96","54","26114.0","4224.0","0.0","0.0"
"90980-12B96","41","-23805.0","4226.0","0.0","0.0"
"90980-12B96","46","-4601.0","4220.0","0.0","0.0"
"90980-12B96","29","-18047.0","8830.0","0.0","0.0"
"90980-12B96","43","-16123.0","4222.0","0.0","0.0"
"90980-12B96","44","-12281.0","4220.0","0.0","0.0"
"90980-12B96","53","22276.0","4222.0","0.0","0.0"
"90980-12B96","36","8834.0","8828.0","0.0","0.0"
"90980-12B96","51","14594.0","4220.0","0.0","0.0"
"90980-12B96","42","-19965.0","4224.0","0.0","0.0"
"90980-12B96","39","20354.0","8830.0","0.0","0.0"
"90980-12B96","9","8836.0","18042.0","0.0","0.0"
"90980-12B96","37","12674.0","8828.0","0.0","0.0"
"90980-12B96","33","-2683.0","8826.0","0.0","0.0"
"90980-12B96","15","-19969.0","13438.0","0.0","0.0"
"90980-12B96","18","-8445.0","13434.0","0.0","0.0"
"90980-12B96","6","-6525.0","18044.0","0.0","0.0"
"90980-12B96","38","16514.0","8828.0","0.0","0.0"
"90980-12B96","19","-4601.0","13432.0","0.0","0.0"
"90980-12B96","22","6914.0","13436.0","0.0","0.0"
"90980-12B96","26","22274.0","13436.0","0.0","0.0"
"90980-12B96","3","-18045.0","18088.0","0.0","0.0"
"90980-12B96","10","12674.0","18044.0","0.0","0.0"
"90980-12B96","12","20356.0","18035.0","0.0","0.0"
"90980-12B96","32","-6521.0","8824.0","0.0","0.0"
"90980-12B96","7","-2687.0","18044.0","0.0","0.0"
"90980-12B96","31","-10365.0","8826.0","0.0","0.0"
"90980-12B96","30","-14207.0","8828.0","0.0","0.0"
"90980-12B96","45","-8441.0","4220.0","0.0","0.0"
"90980-12B96","27","-25729.0","8832.0","0.0","0.0"
"90980-12B96","24","14594.0","13436.0","0.0","0.0"
"90980-12B96","13","24194.0","18046.0","0.0","0.0"
"90980-12B96","23","10754.0","13436.0","0.0","0.0"
"90980-12B96","8","1152.0","18044.0","0.0","0.0"
"90980-12B96","47","-765.0","4220.0","0.0","0.0"
"90980-12B96","5","-10365.0","18044.0","0.0","0.0"
"90980-12B96","34","1152.0","8828.0","0.0","0.0"
"90980-12B96","2","-21889.0","18090.0","0.0","0.0"
"90980-12B96","52","18434.0","4220.0","0.0","0.0"
"90980-12B96","11","16516.0","18073.0","0.0","0.0"
"90980-12B96","50","10758.0","4220.0","0.0","0.0"
"90980-12B96","21","3074.0","13436.0","0.0","0.0"
"90980-12B96","4","-14205.0","18044.0","0.0","0.0"
"90980-12B96","1","-25731.0","18048.0","0.0","0.0"
"90980-12B96","20","-763.0","13434.0","0.0","0.0"
"90980-12B96","35","4992.0","8828.0","0.0","0.0"
"90980-12B96","40","24192.0","8830.0","0.0","0.0"
"90980-12B96","48","3074.0","4220.0","0.0","0.0"
"90980-12B96","49","6918.0","4220.0","0.0","0.0"
"KANGO-11875","2","-3071.0","4608.0","0.0","0.0"
"KANGO-11875","1","2304.0","4608.0","0.0","0.0"
"90980-12745","2","-8637.0","14587.0","0.0","0.0"
"90980-12745","8","-9597.0","8832.0","0.0","0.0"
"90980-12745","1","-14391.0","14565.0","0.0","0.0"
"90980-12745","17","9590.0","4224.0","0.0","0.0"
"90980-12745","14","-9593.0","4224.0","0.0","0.0"
"90980-12745","15","-5753.0","4224.0","0.0","0.0"
"90980-12745","4","2875.0","14634.0","0.0","0.0"
"90980-12745","6","14420.0","14596.0","0.0","0.0"
"90980-12745","10","5750.0","8832.0","0.0","0.0"
"90980-12745","11","9590.0","8874.0","0.0","0.0"
"90980-12745","9","-5753.0","8832.0","0.0","0.0"
"90980-12745","3","-2882.0","14618.0","0.0","0.0"
"90980-12745","5","8664.0","14634.0","0.0","0.0"
"90980-12745","12","14388.0","9258.0","0.0","0.0"
"90980-12745","7","-14391.0","9216.0","0.0","0.0"
"90980-12745","13","-14393.0","3836.0","0.0","0.0"
"90980-12745","16","5750.0","4224.0","0.0","0.0"
"90980-12745","18","14390.0","3836.0","0.0","0.0"
"90980-10908","1","-3842.0","3847.0","0.0","0.0"
"90980-10908","2","6.0","3847.0","0.0","0.0"
"90980-10908","3","3835.0","3847.0","0.0","0.0"
"KANGO-12328","8","1920.0","7296.0","0.0","0.0"
"KANGO-12328","9","-1919.0","7296.0","0.0","0.0"
"KANGO-12328","4","1920.0","11904.0","0.0","0.0"
"KANGO-12328","3","5760.0","11904.0","0.0","0.0"
"KANGO-12328","2","-3839.0","16896.0","0.0","0.0"
"KANGO-12328","6","-5759.0","11904.0","0.0","0.0"
"KANGO-12328","7","5760.0","7296.0","0.0","0.0"
"KANGO-12328","10","-5759.0","7296.0","0.0","0.0"
"KANGO-12328","1","3840.0","16896.0","0.0","0.0"
"KANGO-12328","5","-1919.0","11904.0","0.0","0.0"
"90980-12C40","3","0.0","12672.0","0.0","0.0"
"90980-12C40","10","-7679.0","8064.0","0.0","0.0"
"90980-12C40","4","-3839.0","12672.0","0.0","0.0"
"90980-12C40","8","0.0","8064.0","0.0","0.0"
"90980-12C40","5","-7679.0","12672.0","0.0","0.0"
"90980-12C40","6","7680.0","8064.0","0.0","0.0"
"90980-12C40","1","7680.0","12672.0","0.0","0.0"
"90980-12C40","2","3840.0","12672.0","0.0","0.0"
"90980-12C40","7","3840.0","8064.0","0.0","0.0"
"90980-12C40","9","-3839.0","8064.0","0.0","0.0"
"90980-12C91","3","-4607.0","4224.0","0.0","0.0"
"90980-12C91","1","-6911.0","8448.0","0.0","0.0"
"90980-12C91","5","6912.0","8448.0","0.0","0.0"
"90980-12C91","6","4608.0","4224.0","0.0","0.0"
"90980-12C91","2","-2303.0","8448.0","0.0","0.0"
"90980-12C91","4","2304.0","8448.0","0.0","0.0"
"90980-12F65","9","-47617.0","31095.0","0.0","0.0"
"90980-12F65","4","-78700.0","31121.0","0.0","0.0"
"90980-12F65","54","50668.0","22816.0","0.0","0.0"
"90980-12F65","72","-31256.0","19557.0","0.0","0.0"
"90980-12F65","132","43153.0","7907.0","0.0","0.0"
"90980-12F65","70","-42143.0","19551.0","0.0","0.0"
"90980-12F65","84","-47618.0","13687.0","0.0","0.0"
"90980-12F65","114","-62350.0","7898.0","0.0","0.0"
"90980-12F65","8","-53060.0","31070.0","0.0","0.0"
"90980-12F65","125","4988.0","7901.0","0.0","0.0"
"90980-12F65","25","57383.0","29264.0","0.0","0.0"
"90980-12F65","49","12869.0","22740.0","0.0","0.0"
"90980-12F65","29","84237.0","29269.0","0.0","0.0"
"90980-12F65","41","-36685.0","25408.0","0.0","0.0"
"90980-12F65","118","-36699.0","7918.0","0.0","0.0"
"90980-12F65","88","-25797.0","13663.0","0.0","0.0"
"90980-12F65","136","68356.0","7902.0","0.0","0.0"
"90980-12F65","50","19533.0","22715.0","0.0","0.0"
"90980-12F65","126","10440.0","7907.0","0.0","0.0"
"90980-12F65","78","-84156.0","13661.0","0.0","0.0"
"90980-12F65","80","-73269.0","13667.0","0.0","0.0"
"90980-12F65","93","4988.0","13661.0","0.0","0.0"
"90980-12F65","12","-31287.0","31095.0","0.0","0.0"
"90980-12F65","3","-84194.0","31095.0","0.0","0.0"
"90980-12F65","82","-62350.0","13658.0","0.0","0.0"
"90980-12F65","23","39704.0","29251.0","0.0","0.0"
"90980-12F65","73","-25789.0","19542.0","0.0","0.0"
"90980-12F65","56","64081.0","22742.0","0.0","0.0"
"90980-12F65","60","90957.0","22742.0","0.0","0.0"
"90980-12F65","138","79258.0","7887.0","0.0","0.0"
"90980-12F65","52","33015.0","22740.0","0.0","0.0"
"90980-12F65","33","-84142.0","25391.0","0.0","0.0"
"90980-12F65","77","-89623.0","13676.0","0.0","0.0"
"90980-12F65","47","-585.0","22791.0","0.0","0.0"
"90980-12F65","116","-47618.0","7927.0","0.0","0.0"
"90980-12F65","20","19584.0","29264.0","0.0","0.0"
"90980-12F65","16","-7402.0","29264.0","0.0","0.0"
"90980-12F65","59","84237.0","22742.0","0.0","0.0"
"90980-12F65","28","77520.0","29271.0","0.0","0.0"
"90980-12F65","109","-89623.0","7916.0","0.0","0.0"
"90980-12F65","1","-95083.0","31091.0","0.0","0.0"
"90980-12F65","2","-89612.0","31095.0","0.0","0.0"
"90980-12F65","115","-53049.0","7900.0","0.0","0.0"
"90980-12F65","124","-479.0","7916.0","0.0","0.0"
"90980-12F65","99","37694.0","13667.0","0.0","0.0"
"90980-12F65","75","-14878.0","19548.0","0.0","0.0"
"90980-12F65","140","90169.0","7893.0","0.0","0.0"
"90980-12F65","44","-20331.0","25399.0","0.0","0.0"
"90980-12F65","129","26794.0","7898.0","0.0","0.0"
"90980-12F65","27","70800.0","29271.0","0.0","0.0"
"90980-12F65","69","-47610.0","19566.0","0.0","0.0"
"90980-12F65","6","-67864.0","31095.0","0.0","0.0"
"90980-12F65","40","-42137.0","25402.0","0.0","0.0"
"90980-12F65","90","-14886.0","13669.0","0.0","0.0"
"90980-12F65","122","-14886.0","7909.0","0.0","0.0"
"90980-12F65","121","-20345.0","7909.0","0.0","0.0"
"90980-12F65","64","-78696.0","19546.0","0.0","0.0"
"90980-12F65","38","-53034.0","25406.0","0.0","0.0"
"90980-12F65","107","84710.0","13653.0","0.0","0.0"
"90980-12F65","26","64081.0","29270.0","0.0","0.0"
"90980-12F65","123","-5910.0","7889.0","0.0","0.0"
"90980-12F65","58","77520.0","22743.0","0.0","0.0"
"90980-12F65","57","70801.0","22742.0","0.0","0.0"
"90980-12F65","36","-67788.0","25382.0","0.0","0.0"
"90980-12F65","53","39654.0","22766.0","0.0","0.0"
"90980-12F65","35","-73255.0","25397.0","0.0","0.0"
"90980-12F65","10","-42199.0","31070.0","0.0","0.0"
"90980-12F65","45","-14872.0","25399.0","0.0","0.0"
"90980-12F65","62","-89615.0","19555.0","0.0","0.0"
"90980-12F65","106","79258.0","13647.0","0.0","0.0"
"90980-12F65","120","-25797.0","7903.0","0.0","0.0"
"90980-12F65","61","-95045.0","19544.0","0.0","0.0"
"90980-12F65","63","-84148.0","19540.0","0.0","0.0"
"90980-12F65","133","52006.0","7884.0","0.0","0.0"
"90980-12F65","83","-53048.0","13676.0","0.0","0.0"
"90980-12F65","46","-7428.0","22727.0","0.0","0.0"
"90980-12F65","55","57409.0","22816.0","0.0","0.0"
"90980-12F65","89","-20345.0","13669.0","0.0","0.0"
"90980-12F65","131","37694.0","7907.0","0.0","0.0"
"90980-12F65","19","12767.0","29136.0","0.0","0.0"
"90980-12F65","74","-20337.0","19548.0","0.0","0.0"
"90980-12F65","130","32253.0","7898.0","0.0","0.0"
"90980-12F65","7","-62396.0","31095.0","0.0","0.0"
"90980-12F65","103","62904.0","13656.0","0.0","0.0"
"90980-12F65","17","-585.0","29277.0","0.0","0.0"
"90980-12F65","66","-67794.0","19531.0","0.0","0.0"
"90980-12F65","102","57437.0","13671.0","0.0","0.0"
"90980-12F65","135","62904.0","7896.0","0.0","0.0"
"90980-12F65","87","-31264.0","13678.0","0.0","0.0"
"90980-12F65","137","73791.0","7902.0","0.0","0.0"
"90980-12F65","134","57437.0","7911.0","0.0","0.0"
"90980-12F65","68","-53040.0","19555.0","0.0","0.0"
"90980-12F65","100","43153.0","13667.0","0.0","0.0"
"90980-12F65","119","-31264.0","7918.0","0.0","0.0"
"90980-12F65","30","90956.0","29270.0","0.0","0.0"
"90980-12F65","101","52007.0","13660.0","0.0","0.0"
"90980-12F65","110","-84156.0","7901.0","0.0","0.0"
"90980-12F65","96","21342.0","13652.0","0.0","0.0"
"90980-12F65","24","50668.0","29328.0","0.0","0.0"
"90980-12F65","18","6103.0","29213.0","0.0","0.0"
"90980-12F65","22","32963.0","29162.0","0.0","0.0"
"90980-12F65","111","-78704.0","7907.0","0.0","0.0"
"90980-12F65","92","-479.0","13676.0","0.0","0.0"
"90980-12F65","31","-95039.0","25395.0","0.0","0.0"
"90980-12F65","15","-14932.0","31095.0","0.0","0.0"
"90980-12F65","95","15875.0","13667.0","0.0","0.0"
"90980-12F65","34","-78690.0","25397.0","0.0","0.0"
"90980-12F65","51","26249.0","22740.0","0.0","0.0"
"90980-12F65","65","-73261.0","19546.0","0.0","0.0"
"90980-12F65","39","-47604.0","25417.0","0.0","0.0"
"90980-12F65","71","-36691.0","19557.0","0.0","0.0"
"90980-12F65","76","-95053.0","13665.0","0.0","0.0"
"90980-12F65","117","-42151.0","7912.0","0.0","0.0"
"90980-12F65","37","-62336.0","25388.0","0.0","0.0"
"90980-12F65","81","-67802.0","13652.0","0.0","0.0"
"90980-12F65","105","73791.0","13662.0","0.0","0.0"
"90980-12F65","5","-73257.0","31070.0","0.0","0.0"
"90980-12F65","91","-5909.0","13665.0","0.0","0.0"
"90980-12F65","86","-36699.0","13678.0","0.0","0.0"
"90980-12F65","104","68356.0","13662.0","0.0","0.0"
"90980-12F65","13","-25818.0","31095.0","0.0","0.0"
"90980-12F65","85","-42151.0","13672.0","0.0","0.0"
"90980-12F65","79","-78704.0","13667.0","0.0","0.0"
"90980-12F65","67","-62342.0","19537.0","0.0","0.0"
"90980-12F65","94","10440.0","13667.0","0.0","0.0"
"90980-12F65","97","26794.0","13658.0","0.0","0.0"
"90980-12F65","139","84710.0","7893.0","0.0","0.0"
"90980-12F65","14","-20400.0","31121.0","0.0","0.0"
"90980-12F65","108","90169.0","13653.0","0.0","0.0"
"90980-12F65","48","6103.0","22702.0","0.0","0.0"
"90980-12F65","32","-89609.0","25406.0","0.0","0.0"
"90980-12F65","42","-31250.0","25408.0","0.0","0.0"
"90980-12F65","113","-67802.0","7892.0","0.0","0.0"
"90980-12F65","128","21342.0","7892.0","0.0","0.0"
"90980-12F65","43","-25783.0","25393.0","0.0","0.0"
"90980-12F65","11","-36730.0","31095.0","0.0","0.0"
"90980-12F65","127","15875.0","7907.0","0.0","0.0"
"90980-12F65","98","32253.0","13658.0","0.0","0.0"
"90980-12F65","21","26223.0","29213.0","0.0","0.0"
"90980-12F65","112","-73269.0","7907.0","0.0","0.0"
"90980-12F55","7","-5300.0","6509.0","0.0","0.0"
"90980-12F55","10","12584.0","6624.0","0.0","0.0"
"90980-12F55","2","-5300.0","13528.0","0.0","0.0"
"90980-12F55","6","-12208.0","6618.0","0.0","0.0"
"90980-12F55","3","1031.0","13528.0","0.0","0.0"
"90980-12F55","1","-12200.0","13536.0","0.0","0.0"
"90980-12F55","8","1031.0","6604.0","0.0","0.0"
"90980-12F55","9","6810.0","6618.0","0.0","0.0"
"90980-12F55","4","6803.0","13536.0","0.0","0.0"
"90980-12F55","5","12551.0","13521.0","0.0","0.0"
"KANGO-12E86","4","-1928.0","4992.0","0.0","0.0"
"KANGO-12E86","1","1911.0","9600.0","0.0","0.0"
"KANGO-12E86","2","-1928.0","9600.0","0.0","0.0"
"KANGO-12E86","3","1911.0","4992.0","0.0","0.0"
"90980-11598","2","1.0","10806.0","0.0","0.0"
"90980-11598","5","-3097.0","5019.0","0.0","0.0"
"90980-11598","3","-5428.0","10806.0","0.0","0.0"
"90980-11598","1","5430.0","10806.0","0.0","0.0"
"90980-11598","4","3099.0","5019.0","0.0","0.0"
"90980-12F85","1","-2303.0","14208.0","0.0","0.0"
"90980-12F85","4","2304.0","9600.0","0.0","0.0"
"90980-12F85","5","0.0","4608.0","0.0","0.0"
"90980-12F85","2","2304.0","14208.0","0.0","0.0"
"90980-12F85","3","-2303.0","9600.0","0.0","0.0"
"90980-12771","18","-13439.0","4224.0","0.0","0.0"
"90980-12771","22","9600.0","4224.0","0.0","0.0"
"90980-12771","4","-13439.0","8832.0","0.0","0.0"
"90980-12771","19","-9599.0","4224.0","0.0","0.0"
"90980-12771","2","-21119.0","8832.0","0.0","0.0"
"90980-12771","20","-1919.0","4224.0","0.0","0.0"
"90980-12771","8","1920.0","8832.0","0.0","0.0"
"90980-12771","6","-5759.0","8832.0","0.0","0.0"
"90980-12771","11","13440.0","8832.0","0.0","0.0"
"90980-12771","3","-17279.0","8832.0","0.0","0.0"
"90980-12771","16","-21119.0","4224.0","0.0","0.0"
"90980-12771","13","21120.0","8832.0","0.0","0.0"
"90980-12771","21","1920.0","4224.0","0.0","0.0"
"90980-12771","24","17280.0","4224.0","0.0","0.0"
"90980-12771","10","9600.0","8832.0","0.0","0.0"
"90980-12771","12","17280.0","8832.0","0.0","0.0"
"90980-12771","5","-9599.0","8832.0","0.0","0.0"
"90980-12771","14","25918.0","9218.0","0.0","0.0"
"90980-12771","25","21120.0","4223.0","0.0","0.0"
"90980-12771","23","13440.0","4224.0","0.0","0.0"
"90980-12771","7","-1919.0","8832.0","0.0","0.0"
"90980-12771","15","-25917.0","3839.0","0.0","0.0"
"90980-12771","1","-25917.0","9218.0","0.0","0.0"
"90980-12771","17","-17279.0","4224.0","0.0","0.0"
"90980-12771","26","25918.0","3835.0","0.0","0.0"
"90980-12771","9","5760.0","8832.0","0.0","0.0"
"90980-12E64","23","16704.0","8256.0","0.0","0.0"
"90980-12E64","12","-1917.0","13439.0","0.0","0.0"
"90980-12E64","2","-9604.0","18056.0","0.0","0.0"
"90980-12E64","9","-13450.0","13444.0","0.0","0.0"
"90980-12E64","4","-1917.0","18057.0","0.0","0.0"
"90980-12E64","8","17280.0","18048.0","0.0","0.0"
"90980-12E64","6","9602.0","18039.0","0.0","0.0"
"90980-12E64","17","17283.0","13438.0","0.0","0.0"
"90980-12E64","1","-13437.0","18047.0","0.0","0.0"
"90980-12E64","5","5762.0","18052.0","0.0","0.0"
"90980-12E64","7","13442.0","18039.0","0.0","0.0"
"90980-12E64","14","5753.0","13435.0","0.0","0.0"
"90980-12E64","3","-5766.0","18057.0","0.0","0.0"
"90980-12E64","13","1922.0","13439.0","0.0","0.0"
"90980-12E64","11","-5766.0","13430.0","0.0","0.0"
"90980-12E64","20","-575.0","8256.0","0.0","0.0"
"90980-12E64","15","9593.0","13435.0","0.0","0.0"
"90980-12E64","22","10944.0","8256.0","0.0","0.0"
"90980-12E64","18","-12095.0","8256.0","0.0","0.0"
"90980-12E64","19","-6335.0","8256.0","0.0","0.0"
"90980-12E64","10","-9606.0","13430.0","0.0","0.0"
"90980-12E64","21","5184.0","8256.0","0.0","0.0"
"90980-12E64","16","13443.0","13438.0","0.0","0.0"
"90980-10899","2","2907.0","4992.0","0.0","0.0"
"90980-10899","1","-2522.0","4992.0","0.0","0.0"
"90980-12C48","3","1919.0","4224.0","0.0","0.0"
"90980-12C48","2","-1920.0","4224.0","0.0","0.0"
"90980-12C48","1","-5760.0","4224.0","0.0","0.0"
"90980-12C48","4","5759.0","4224.0","0.0","0.0"
"90980-12413","15","-7662.0","11930.0","0.0","0.0"
"90980-12413","17","16523.0","8623.0","0.0","0.0"
"90980-12413","25","-16508.0","8687.0","0.0","0.0"
"90980-12413","9","-16476.0","15747.0","0.0","0.0"
"90980-12413","11","7688.0","11865.0","0.0","0.0"
"90980-12413","8","-11505.0","16527.0","0.0","0.0"
"90980-12413","12","3856.0","11930.0","0.0","0.0"
"90980-12413","1","16498.0","15714.0","0.0","0.0"
"90980-12413","24","-11545.0","7299.0","0.0","0.0"
"90980-12413","23","-7672.0","7326.0","0.0","0.0"
"90980-12413","3","7712.0","16550.0","0.0","0.0"
"90980-12413","13","22.0","11943.0","0.0","0.0"
"90980-12413","19","7728.0","7318.0","0.0","0.0"
"90980-12413","22","-3833.0","7308.0","0.0","0.0"
"90980-12413","20","3904.0","7337.0","0.0","0.0"
"90980-12413","16","-11556.0","11909.0","0.0","0.0"
"90980-12413","2","11475.0","16536.0","0.0","0.0"
"90980-12413","10","11527.0","11881.0","0.0","0.0"
"90980-12413","7","-7681.0","16528.0","0.0","0.0"
"90980-12413","18","11531.0","7310.0","0.0","0.0"
"90980-12413","4","3895.0","16557.0","0.0","0.0"
"90980-12413","5","-11.0","16539.0","0.0","0.0"
"90980-12413","14","-3801.0","11913.0","0.0","0.0"
"90980-12413","21","-24.0","7325.0","0.0","0.0"
"90980-12413","6","-3793.0","16513.0","0.0","0.0"
"90980-12411","7","-7664.0","11915.0","0.0","0.0"
"90980-12411","14","31.0","7297.0","0.0","0.0"
"90980-12411","13","3864.0","7319.0","0.0","0.0"
"90980-12411","12","7700.0","7340.0","0.0","0.0"
"90980-12411","3","7716.0","11972.0","0.0","0.0"
"90980-12411","8","-11497.0","11904.0","0.0","0.0"
"90980-12411","9","-15358.0","11906.0","0.0","0.0"
"90980-12411","11","11555.0","7287.0","0.0","0.0"
"90980-12411","15","-3839.0","7311.0","0.0","0.0"
"90980-12411","2","11486.0","11907.0","0.0","0.0"
"90980-12411","4","3880.0","11882.0","0.0","0.0"
"90980-12411","17","-11499.0","7301.0","0.0","0.0"
"90980-12411","1","15416.0","11917.0","0.0","0.0"
"90980-12411","18","-15333.0","7311.0","0.0","0.0"
"90980-12411","5","-14.0","11896.0","0.0","0.0"
"90980-12411","6","-3812.0","11931.0","0.0","0.0"
"90980-12411","10","15383.0","7320.0","0.0","0.0"
"90980-12411","16","-7683.0","7307.0","0.0","0.0"
"90980-12B57","B-17","56832.0","6628.0","0.0","0.0"
"90980-12B57","B-7","49152.0","11236.0","0.0","0.0"
"90980-12B57","A-10","-18431.0","11236.0","0.0","0.0"
"90980-12B57","A-13","-33791.0","11236.0","0.0","0.0"
"90980-12B57","B-3","12672.0","16236.0","0.0","0.0"
"90980-12B57","A-15","-41469.0","11246.0","0.0","0.0"
"90980-12B57","A-23","-22271.0","6628.0","0.0","0.0"
"90980-12B57","A-8","-6914.0","11242.0","0.0","0.0"
"90980-12B57","A-6","-56831.0","15844.0","0.0","0.0"
"90980-12B57","B-15","6912.0","11200.0","0.0","0.0"
"90980-12B57","A-27","-41471.0","6628.0","0.0","0.0"
"90980-12B57","B-8","41472.0","11328.0","0.0","0.0"
"90980-12B57","A-25","-33791.0","6628.0","0.0","0.0"
"90980-12B57","B-25","18432.0","6628.0","0.0","0.0"
"90980-12B57","A-18","-56831.0","11236.0","0.0","0.0"
"90980-12B57","B-19","49152.0","6628.0","0.0","0.0"
"90980-12B57","B-14","10752.0","11236.0","0.0","0.0"
"90980-12B57","B-23","26112.0","6628.0","0.0","0.0"
"90980-12B57","A-12","-26111.0","11236.0","0.0","0.0"
"90980-12B57","A-2","-6917.0","15845.0","0.0","0.0"
"90980-12B57","A-3","-10751.0","15844.0","0.0","0.0"
"90980-12B57","A-1","-3071.0","15844.0","0.0","0.0"
"90980-12B57","B-6","52992.0","11328.0","0.0","0.0"
"90980-12B57","B-20","41472.0","6628.0","0.0","0.0"
"90980-12B57","A-11","-22271.0","11236.0","0.0","0.0"
"90980-12B57","B-24","22272.0","6628.0","0.0","0.0"
"90980-12B57","A-9","-10751.0","11236.0","0.0","0.0"
"90980-12B57","B-12","22289.0","11242.0","0.0","0.0"
"90980-12B57","B-28","3072.0","6628.0","0.0","0.0"
"90980-12B57","A-24","-26111.0","6628.0","0.0","0.0"
"90980-12B57","A-21","-10751.0","6628.0","0.0","0.0"
"90980-12B57","B-10","33792.0","11236.0","0.0","0.0"
"90980-12B57","A-7","-3071.0","11236.0","0.0","0.0"
"90980-12B57","B-18","52992.0","6720.0","0.0","0.0"
"90980-12B57","B-1","54912.0","16236.0","0.0","0.0"
"90980-12B57","B-13","18436.0","11242.0","0.0","0.0"
"90980-12B57","B-5","56832.0","11236.0","0.0","0.0"
"90980-12B57","B-9","37632.0","11236.0","0.0","0.0"
"90980-12B57","A-17","-52997.0","11257.0","0.0","0.0"
"90980-12B57","B-11","26112.0","11236.0","0.0","0.0"
"90980-12B57","A-14","-37622.0","11245.0","0.0","0.0"
"90980-12B57","B-26","10752.0","6628.0","0.0","0.0"
"90980-12B57","B-2","47232.0","16236.0","0.0","0.0"
"90980-12B57","A-16","-49151.0","11236.0","0.0","0.0"
"90980-12B57","A-4","-49151.0","15844.0","0.0","0.0"
"90980-12B57","A-20","-6908.0","6639.0","0.0","0.0"
"90980-12B57","A-19","-3071.0","6628.0","0.0","0.0"
"90980-12B57","B-22","33792.0","6628.0","0.0","0.0"
"90980-12B57","A-26","-37631.0","6628.0","0.0","0.0"
"90980-12B57","B-21","37632.0","6628.0","0.0","0.0"
"90980-12B57","A-5","-52990.0","15834.0","0.0","0.0"
"90980-12B57","A-30","-56831.0","6628.0","0.0","0.0"
"90980-12B57","B-4","4992.0","16236.0","0.0","0.0"
"90980-12B57","A-22","-18431.0","6628.0","0.0","0.0"
"90980-12B57","A-29","-52968.0","6619.0","0.0","0.0"
"90980-12B57","B-27","6912.0","6669.0","0.0","0.0"
"90980-12B57","A-28","-49151.0","6628.0","0.0","0.0"
"90980-12B57","B-16","3072.0","11236.0","0.0","0.0"
"90980-12988","1","1929.0","10739.0","0.0","0.0"
"90980-12988","4","-1912.0","6178.0","0.0","0.0"
"90980-12988","2","-1920.0","10777.0","0.0","0.0"
"90980-12988","3","1920.0","6163.0","0.0","0.0"
"90980-12F83","1","-2303.0","14208.0","0.0","0.0"
"90980-12F83","3","-2303.0","9600.0","0.0","0.0"
"90980-12F83","5","0.0","4608.0","0.0","0.0"
"90980-12F83","2","2304.0","14208.0","0.0","0.0"
"90980-12F83","4","2304.0","9600.0","0.0","0.0"
"90980-11093","2","-2687.0","3464.0","0.0","0.0"
"90980-11093","1","2704.0","3464.0","0.0","0.0"
"90980-12801","10","-10559.0","12672.0","0.0","0.0"
"90980-12801","25","-26880.0","7296.0","0.0","0.0"
"90980-12801","19","4799.0","8062.0","0.0","0.0"
"90980-12801","14","26880.0","7296.0","0.0","0.0"
"90980-12801","11","-15360.0","13440.0","0.0","0.0"
"90980-12801","5","8640.0","12671.0","0.0","0.0"
"90980-12801","24","-21120.0","7296.0","0.0","0.0"
"90980-12801","12","-21120.0","13440.0","0.0","0.0"
"90980-12801","16","16320.0","8064.0","0.0","0.0"
"90980-12801","13","-26880.0","13440.0","0.0","0.0"
"90980-12801","20","-2880.0","8063.0","0.0","0.0"
"90980-12801","6","4800.0","12671.0","0.0","0.0"
"90980-12801","9","-6720.0","12672.0","0.0","0.0"
"90980-12801","7","950.0","12634.0","0.0","0.0"
"90980-12801","23","-15359.0","7296.0","0.0","0.0"
"90980-12801","15","21120.0","7296.0","0.0","0.0"
"90980-12801","18","8639.0","8062.0","0.0","0.0"
"90980-12801","22","-10560.0","8064.0","0.0","0.0"
"90980-12801","4","12480.0","12672.0","0.0","0.0"
"90980-12801","21","-6720.0","8064.0","0.0","0.0"
"90980-12801","2","21119.0","13440.0","0.0","0.0"
"90980-12801","1","26880.0","13474.0","0.0","0.0"
"90980-12801","8","-2889.0","12634.0","0.0","0.0"
"90980-12801","17","12480.0","8064.0","0.0","0.0"
"90980-12801","3","16320.0","12672.0","0.0","0.0"
"90980-12D77","2","-2495.0","9984.0","0.0","0.0"
"90980-12D77","1","2496.0","9984.0","0.0","0.0"
"90980-12D77","3","0.0","6144.0","0.0","0.0"
"KANGO-11885","2","2661.0","5023.0","0.0","0.0"
"KANGO-11885","3","-2770.0","5023.0","0.0","0.0"
"KANGO-11885","4","-8202.0","5023.0","0.0","0.0"
"KANGO-11885","1","8091.0","5023.0","0.0","0.0"
"90980-12A85","3","2877.0","6324.0","0.0","0.0"
"90980-12A85","4","8656.0","6321.0","0.0","0.0"
"90980-12A85","1","-8632.0","6335.0","0.0","0.0"
"90980-12A85","2","-2884.0","6322.0","0.0","0.0"
"90980-12698","1","-3263.0","4030.0","0.0","0.0"
"90980-12698","2","3269.0","4031.0","0.0","0.0"
"90980-12E23","D-21","-32640.0","9216.0","0.0","0.0"
"90980-12E23","B-14","53765.0","13823.0","0.0","0.0"
"90980-12E23","B-26","48000.0","9216.0","0.0","0.0"
"90980-12E23","C-17","15769.0","9204.0","0.0","0.0"
"90980-12E23","D-25","-51840.0","9216.0","0.0","0.0"
"90980-12E23","B-7","80614.0","13821.0","0.0","0.0"
"90980-12E23","B-4","44160.0","18432.0","0.0","0.0"
"90980-12E23","B-18","86400.0","9216.0","0.0","0.0"
"90980-12E23","E-12","-105615.0","13787.0","0.0","0.0"
"90980-12E23","C-15","27264.0","9216.0","0.0","0.0"
"90980-12E23","E-5","-78718.0","13810.0","0.0","0.0"
"90980-12E23","D-23","-40320.0","9216.0","0.0","0.0"
"90980-12E23","A-6","103680.0","10752.0","0.0","0.0"
"90980-12E23","B-17","42240.0","13824.0","0.0","0.0"
"90980-12E23","B-8","76802.0","13822.0","0.0","0.0"
"90980-12E23","B-19","82560.0","9216.0","0.0","0.0"
"90980-12E23","E-14","-72960.0","9216.0","0.0","0.0"
"90980-12E23","D-24","-44160.0","9216.0","0.0","0.0"
"90980-12E23","C-11","2304.0","13824.0","0.0","0.0"
"90980-12E23","D-9","-30731.0","13833.0","0.0","0.0"
"90980-12E23","E-6","-82566.0","13840.0","0.0","0.0"
"90980-12E23","E-8","-90240.0","13824.0","0.0","0.0"
"90980-12E23","C-12","-1536.0","13824.0","0.0","0.0"
"90980-12E23","B-25","51840.0","9216.0","0.0","0.0"
"90980-12E23","E-7","-86393.0","13824.0","0.0","0.0"
"90980-12E23","D-2","-21120.0","18432.0","0.0","0.0"
"90980-12E23","B-9","72949.0","13833.0","0.0","0.0"
"90980-12E23","A-5","107520.0","10752.0","0.0","0.0"
"90980-12E23","E-9","-94080.0","13824.0","0.0","0.0"
"90980-12E23","E-1","-72960.0","18432.0","0.0","0.0"
"90980-12E23","C-21","-3456.0","9216.0","0.0","0.0"
"90980-12E23","D-3","-55680.0","18432.0","0.0","0.0"
"90980-12E23","E-20","-103680.0","9216.0","0.0","0.0"
"90980-12E23","D-15","-53760.0","13824.0","0.0","0.0"
"90980-12E23","C-9","9994.0","13816.0","0.0","0.0"
"90980-12E23","D-11","-38393.0","13828.0","0.0","0.0"
"90980-12E23","D-18","-17280.0","9216.0","0.0","0.0"
"90980-12E23","D-4","-59520.0","18432.0","0.0","0.0"
"90980-12E23","D-6","-19200.0","13824.0","0.0","0.0"
"90980-12E23","B-12","61431.0","13819.0","0.0","0.0"
"90980-12E23","D-27","-59520.0","9216.0","0.0","0.0"
"90980-12E23","C-7","17672.0","13814.0","0.0","0.0"
"90980-12E23","D-5","-15360.0","13824.0","0.0","0.0"
"90980-12E23","E-19","-96000.0","9216.0","0.0","0.0"
"90980-12E23","C-3","33024.0","13824.0","0.0","0.0"
"90980-12E23","D-10","-34562.0","13827.0","0.0","0.0"
"90980-12E23","D-22","-36480.0","9216.0","0.0","0.0"
"90980-12E23","B-5","88320.0","13824.0","0.0","0.0"
"90980-12E23","B-10","69118.0","13827.0","0.0","0.0"
"90980-12E23","C-8","13828.0","13812.0","0.0","0.0"
"90980-12E23","B-2","82560.0","18432.0","0.0","0.0"
"90980-12E23","B-20","78720.0","9216.0","0.0","0.0"
"90980-12E23","E-2","-107520.0","18432.0","0.0","0.0"
"90980-12E23","C-5","25352.0","13819.0","0.0","0.0"
"90980-12E23","C-20","384.0","9216.0","0.0","0.0"
"90980-12E23","C-6","21514.0","13827.0","0.0","0.0"
"90980-12E23","C-2","-3456.0","18432.0","0.0","0.0"
"90980-12E23","C-4","29323.0","13824.0","0.0","0.0"
"90980-12E23","C-14","31104.0","9216.0","0.0","0.0"
"90980-12E23","D-26","-55680.0","9216.0","0.0","0.0"
"90980-12E23","D-19","-21120.0","9216.0","0.0","0.0"
"90980-12E23","D-20","-24960.0","9216.0","0.0","0.0"
"90980-12E23","B-13","57600.0","13821.0","0.0","0.0"
"90980-12E23","E-10","-97890.0","13819.0","0.0","0.0"
"90980-12E23","B-11","65287.0","13828.0","0.0","0.0"
"90980-12E23","C-19","8064.0","9216.0","0.0","0.0"
"90980-12E23","E-17","-88320.0","9216.0","0.0","0.0"
"90980-12E23","D-1","-17280.0","18432.0","0.0","0.0"
"90980-12E23","A-2","103680.0","15360.0","0.0","0.0"
"90980-12E23","C-18","11908.0","9202.0","0.0","0.0"
"90980-12E23","A-4","96000.0","15360.0","0.0","0.0"
"90980-12E23","E-16","-84480.0","9216.0","0.0","0.0"
"90980-12E23","E-13","-109440.0","13824.0","0.0","0.0"
"90980-12E23","B-24","59520.0","9216.0","0.0","0.0"
"90980-12E23","D-14","-49915.0","13823.0","0.0","0.0"
"90980-12E23","B-21","71040.0","9216.0","0.0","0.0"
"90980-12E23","A-1","107520.0","15360.0","0.0","0.0"
"90980-12E23","C-1","31104.0","18432.0","0.0","0.0"
"90980-12E23","D-8","-26878.0","13822.0","0.0","0.0"
"90980-12E23","D-17","-61440.0","13824.0","0.0","0.0"
"90980-12E23","E-21","-107520.0","9216.0","0.0","0.0"
"90980-12E23","B-16","46080.0","13824.0","0.0","0.0"
"90980-12E23","B-3","48000.0","18432.0","0.0","0.0"
"90980-12E23","E-15","-76800.0","9216.0","0.0","0.0"
"90980-12E23","B-6","84480.0","13824.0","0.0","0.0"
"90980-12E23","E-11","-101774.0","13821.0","0.0","0.0"
"90980-12E23","E-3","-71040.0","13824.0","0.0","0.0"
"90980-12E23","D-16","-57600.0","13824.0","0.0","0.0"
"90980-12E23","C-10","6131.0","13825.0","0.0","0.0"
"90980-12E23","A-3","99840.0","15360.0","0.0","0.0"
"90980-12E23","C-16","19585.0","9204.0","0.0","0.0"
"90980-12E23","A-8","96000.0","10752.0","0.0","0.0"
"90980-12E23","E-18","-92160.0","9216.0","0.0","0.0"
"90980-12E23","B-15","49920.0","13824.0","0.0","0.0"
"90980-12E23","B-22","67200.0","9216.0","0.0","0.0"
"90980-12E23","E-4","-74872.0","13835.0","0.0","0.0"
"90980-12E23","B-23","63360.0","9216.0","0.0","0.0"
"90980-12E23","B-27","44160.0","9216.0","0.0","0.0"
"90980-12E23","D-12","-42249.0","13819.0","0.0","0.0"
"90980-12E23","D-7","-23066.0","13821.0","0.0","0.0"
"90980-12E23","A-7","99840.0","10752.0","0.0","0.0"
"90980-12E23","B-1","86400.0","18432.0","0.0","0.0"
"90980-12E23","D-13","-46080.0","13821.0","0.0","0.0"
"90980-12E23","C-13","-5376.0","13824.0","0.0","0.0"
"82824-73040","12","-14400.0","6144.0","0.0","0.0"
"82824-73040","1","14400.0","11520.0","0.0","0.0"
"82824-73040","9","2880.0","6144.0","0.0","0.0"
"82824-73040","10","-2880.0","6144.0","0.0","0.0"
"82824-73040","6","-14400.0","11519.0","0.0","0.0"
"82824-73040","2","8640.0","11520.0","0.0","0.0"
"82824-73040","8","8640.0","6144.0","0.0","0.0"
"82824-73040","11","-8640.0","6144.0","0.0","0.0"
"82824-73040","5","-8640.0","11519.0","0.0","0.0"
"82824-73040","4","-2880.0","11520.0","0.0","0.0"
"82824-73040","3","2880.0","11520.0","0.0","0.0"
"82824-73040","7","14400.0","6144.0","0.0","0.0"
"90980-12708","30","1920.0","2688.0","0.0","0.0"
"90980-12708","7","-23041.0","7296.0","0.0","0.0"
"90980-12708","21","-36479.0","2688.0","0.0","0.0"
"90980-12708","37","32640.0","2688.0","0.0","0.0"
"90980-12708","25","-17279.0","2691.0","0.0","0.0"
"90980-12708","40","44159.0","2688.0","0.0","0.0"
"90980-12708","31","5760.0","2687.0","0.0","0.0"
"90980-12708","20","-40319.0","2688.0","0.0","0.0"
"90980-12708","24","-21119.0","2685.0","0.0","0.0"
"90980-12708","15","34560.0","7298.0","0.0","0.0"
"90980-12708","12","23040.0","7295.0","0.0","0.0"
"90980-12708","4","-34560.0","7296.0","0.0","0.0"
"90980-12708","23","-24959.0","2685.0","0.0","0.0"
"90980-12708","16","38400.0","7298.0","0.0","0.0"
"90980-12708","32","9609.0","2687.0","0.0","0.0"
"90980-12708","26","-13439.0","2691.0","0.0","0.0"
"90980-12708","28","-5759.0","2687.0","0.0","0.0"
"90980-12708","10","15360.0","7296.0","0.0","0.0"
"90980-12708","39","40323.0","2689.0","0.0","0.0"
"90980-12708","3","-38400.0","7296.0","0.0","0.0"
"90980-12708","38","36480.0","2689.0","0.0","0.0"
"90980-12708","14","30720.0","7292.0","0.0","0.0"
"90980-12708","8","-19201.0","7296.0","0.0","0.0"
"90980-12708","13","26880.0","7292.0","0.0","0.0"
"90980-12708","33","13449.0","2689.0","0.0","0.0"
"90980-12708","36","24960.0","2688.0","0.0","0.0"
"90980-12708","11","19200.0","7295.0","0.0","0.0"
"90980-12708","9","-15359.0","7296.0","0.0","0.0"
"90980-12708","19","-44159.0","2688.0","0.0","0.0"
"90980-12708","35","21121.0","2688.0","0.0","0.0"
"90980-12708","29","-1919.0","2688.0","0.0","0.0"
"90980-12708","1","-46079.0","7296.0","0.0","0.0"
"90980-12708","5","-30719.0","7297.0","0.0","0.0"
"90980-12708","34","17281.0","2689.0","0.0","0.0"
"90980-12708","2","-42239.0","7296.0","0.0","0.0"
"90980-12708","18","46080.0","7296.0","0.0","0.0"
"90980-12708","27","-9599.0","2687.0","0.0","0.0"
"90980-12708","22","-32639.0","2688.0","0.0","0.0"
"90980-12708","6","-26879.0","7297.0","0.0","0.0"
"90980-12708","17","42240.0","7296.0","0.0","0.0"
"90980-12C97","2","-2303.0","12672.0","0.0","0.0"
"90980-12C97","3","2304.0","12672.0","0.0","0.0"
"90980-12C97","5","0.0","8448.0","0.0","0.0"
"90980-12C97","1","-2303.0","17280.0","0.0","0.0"
"90980-12C97","4","2304.0","17280.0","0.0","0.0"
"90980-12879","1","2934.0","5035.0","0.0","0.0"
"90980-12879","2","-2826.0","5035.0","0.0","0.0"
"KANGO-12353","3","-6009.0","8552.0","0.0","0.0"
"KANGO-12353","1","5512.0","8506.0","0.0","0.0"
"KANGO-12353","2","-247.0","8506.0","0.0","0.0"
"90980-12923","8","19392.0","8448.0","0.0","0.0"
"90980-12923","30","-1727.0","3840.0","0.0","0.0"
"90980-12923","24","21306.0","3840.0","0.0","0.0"
"90980-12923","34","-17087.0","3840.0","0.0","0.0"
"90980-12923","20","40512.0","3840.0","0.0","0.0"
"90980-12923","9","15552.0","8448.0","0.0","0.0"
"90980-12923","28","5952.0","3840.0","0.0","0.0"
"90980-12923","31","-5567.0","3840.0","0.0","0.0"
"90980-12923","19","44352.0","3840.0","0.0","0.0"
"90980-12923","25","17466.0","3840.0","0.0","0.0"
"90980-12923","7","23232.0","8448.0","0.0","0.0"
"90980-12923","3","38592.0","8448.0","0.0","0.0"
"90980-12923","18","-45887.0","8448.0","0.0","0.0"
"90980-12923","22","32832.0","3840.0","0.0","0.0"
"90980-12923","11","-19007.0","8448.0","0.0","0.0"
"90980-12923","16","-38207.0","8448.0","0.0","0.0"
"90980-12923","14","-30527.0","8448.0","0.0","0.0"
"90980-12923","21","36672.0","3840.0","0.0","0.0"
"90980-12923","33","-13247.0","3840.0","0.0","0.0"
"90980-12923","2","42432.0","8448.0","0.0","0.0"
"90980-12923","1","46272.0","8448.0","0.0","0.0"
"90980-12923","4","34752.0","8448.0","0.0","0.0"
"90980-12923","40","-43967.0","3840.0","0.0","0.0"
"90980-12923","36","-24767.0","3840.0","0.0","0.0"
"90980-12923","15","-34367.0","8448.0","0.0","0.0"
"90980-12923","5","30912.0","8448.0","0.0","0.0"
"90980-12923","6","27072.0","8448.0","0.0","0.0"
"90980-12923","27","9792.0","3840.0","0.0","0.0"
"90980-12923","13","-26687.0","8448.0","0.0","0.0"
"90980-12923","38","-36287.0","3840.0","0.0","0.0"
"90980-12923","26","13632.0","3840.0","0.0","0.0"
"90980-12923","37","-32447.0","3840.0","0.0","0.0"
"90980-12923","23","25152.0","3840.0","0.0","0.0"
"90980-12923","10","-15167.0","8448.0","0.0","0.0"
"90980-12923","39","-40127.0","3840.0","0.0","0.0"
"90980-12923","35","-20927.0","3840.0","0.0","0.0"
"90980-12923","12","-22847.0","8448.0","0.0","0.0"
"90980-12923","29","2112.0","3840.0","0.0","0.0"
"90980-12923","17","-42047.0","8448.0","0.0","0.0"
"90980-12923","32","-9407.0","3840.0","0.0","0.0"
"90980-12373","5","-12297.0","20362.0","0.0","0.0"
"90980-12373","4","-6148.0","20358.0","0.0","0.0"
"90980-12373","11","9583.0","7296.0","0.0","0.0"
"90980-12373","9","-12297.0","13257.0","0.0","0.0"
"90980-12373","15","-5769.0","7296.0","0.0","0.0"
"90980-12373","3","-4.0","20358.0","0.0","0.0"
"90980-12373","10","13423.0","7296.0","0.0","0.0"
"90980-12373","14","-1932.0","7296.0","0.0","0.0"
"90980-12373","2","6139.0","20358.0","0.0","0.0"
"90980-12373","16","-9609.0","7296.0","0.0","0.0"
"90980-12373","1","12274.0","20362.0","0.0","0.0"
"90980-12373","7","6132.0","13257.0","0.0","0.0"
"90980-12373","12","5743.0","7296.0","0.0","0.0"
"90980-12373","8","-6153.0","13257.0","0.0","0.0"
"90980-12373","13","1903.0","7296.0","0.0","0.0"
"90980-12373","17","-13449.0","7296.0","0.0","0.0"
"90980-12373","6","12272.0","13256.0","0.0","0.0"
"KANGO-12520","8","-8641.0","8068.0","0.0","0.0"
"KANGO-12520","3","-2881.0","13828.0","0.0","0.0"
"KANGO-12520","7","-2881.0","8068.0","0.0","0.0"
"KANGO-12520","1","8638.0","13828.0","0.0","0.0"
"KANGO-12520","2","2878.0","13828.0","0.0","0.0"
"KANGO-12520","6","2878.0","8068.0","0.0","0.0"
"KANGO-12520","5","8638.0","8068.0","0.0","0.0"
"KANGO-12520","4","-8641.0","13828.0","0.0","0.0"
"90980-12812","8","-12473.0","3843.0","0.0","0.0"
"90980-12812","7","12516.0","9216.0","0.0","0.0"
"90980-12812","11","7669.0","4247.0","0.0","0.0"
"90980-12812","4","12.0","8844.0","0.0","0.0"
"90980-12812","10","-4.0","4228.0","0.0","0.0"
"90980-12812","3","-3840.0","8851.0","0.0","0.0"
"90980-12812","1","-12481.0","9229.0","0.0","0.0"
"90980-12812","5","3810.0","8840.0","0.0","0.0"
"90980-12812","6","7686.0","8841.0","0.0","0.0"
"90980-12812","2","-7664.0","8836.0","0.0","0.0"
"90980-12812","9","-7679.0","4231.0","0.0","0.0"
"90980-12812","12","12472.0","3852.0","0.0","0.0"
"KANGO-12B98","3","5107.0","5137.0","0.0","0.0"
"KANGO-12B98","4","-5083.0","5138.0","0.0","0.0"
"KANGO-12B98","1","5103.0","10752.0","0.0","0.0"
"KANGO-12B98","2","-5102.0","10752.0","0.0","0.0"
"KANGO-12D13","3","-5566.0","6528.0","0.0","0.0"
"KANGO-12D13","2","194.0","6528.0","0.0","0.0"
"KANGO-12D13","1","5953.0","6528.0","0.0","0.0"
"99159-10247","2","-2716.0","5019.0","0.0","0.0"
"99159-10247","1","2717.0","5019.0","0.0","0.0"
"90980-12733","2","-3482.0","3080.0","0.0","0.0"
"90980-12733","3","2312.0","3089.0","0.0","0.0"
"90980-12733","1","-9195.0","3080.0","0.0","0.0"
"90980-12733","4","8069.0","3100.0","0.0","0.0"
"90980-12B50","12","19188.0","7872.0","0.0","0.0"
"90980-12B50","17","-11.0","7872.0","0.0","0.0"
"90980-12B50","7","-3851.0","12480.0","0.0","0.0"
"90980-12B50","14","11508.0","7872.0","0.0","0.0"
"90980-12B50","20","-11531.0","7872.0","0.0","0.0"
"90980-12B50","10","-15371.0","12480.0","0.0","0.0"
"90980-12B50","3","11508.0","12480.0","0.0","0.0"
"90980-12B50","6","-11.0","12480.0","0.0","0.0"
"90980-12B50","9","-11531.0","12480.0","0.0","0.0"
"90980-12B50","4","7668.0","12480.0","0.0","0.0"
"90980-12B50","21","-15371.0","7872.0","0.0","0.0"
"90980-12B50","5","3828.0","12480.0","0.0","0.0"
"90980-12B50","15","7668.0","7872.0","0.0","0.0"
"90980-12B50","8","-7691.0","12480.0","0.0","0.0"
"90980-12B50","18","-3851.0","7872.0","0.0","0.0"
"90980-12B50","22","-19211.0","7872.0","0.0","0.0"
"90980-12B50","1","19188.0","12480.0","0.0","0.0"
"90980-12B50","11","-19211.0","12480.0","0.0","0.0"
"90980-12B50","16","3828.0","7872.0","0.0","0.0"
"90980-12B50","19","-7691.0","7872.0","0.0","0.0"
"90980-12B50","13","15348.0","7872.0","0.0","0.0"
"90980-12B50","2","15348.0","12480.0","0.0","0.0"
"90980-12367","2","3840.0","11904.0","0.0","0.0"
"90980-12367","3","0.0","11904.0","0.0","0.0"
"90980-12367","5","-7679.0","11904.0","0.0","0.0"
"90980-12367","10","-7679.0","7296.0","0.0","0.0"
"90980-12367","6","7680.0","7296.0","0.0","0.0"
"90980-12367","7","3840.0","7296.0","0.0","0.0"
"90980-12367","1","7680.0","11904.0","0.0","0.0"
"90980-12367","4","-3839.0","11904.0","0.0","0.0"
"90980-12367","8","0.0","7296.0","0.0","0.0"
"90980-12367","9","-3839.0","7296.0","0.0","0.0"
"90980-12D24","2","-1967.0","9580.0","0.0","0.0"
"90980-12D24","1","1872.0","9580.0","0.0","0.0"
"90980-12E34","18","-46080.0","11136.0","0.0","0.0"
"90980-12E34","9","15360.0","11136.0","0.0","0.0"
"90980-12E34","34","-44160.0","6528.0","0.0","0.0"
"90980-12E34","15","-34560.0","11136.0","0.0","0.0"
"90980-12E34","24","21120.0","6527.0","0.0","0.0"
"90980-12E34","11","-19200.0","11136.0","0.0","0.0"
"90980-12E34","19","44160.0","6527.0","0.0","0.0"
"90980-12E34","29","-21120.0","6528.0","0.0","0.0"
"90980-12E34","7","23040.0","11136.0","0.0","0.0"
"90980-12E34","32","-36480.0","6527.0","0.0","0.0"
"90980-12E34","36","-1920.0","6528.0","0.0","0.0"
"90980-12E34","21","36480.0","6528.0","0.0","0.0"
"90980-12E34","6","26880.0","11136.0","0.0","0.0"
"90980-12E34","10","-15360.0","11136.0","0.0","0.0"
"90980-12E34","31","-32640.0","6527.0","0.0","0.0"
"90980-12E34","30","-24960.0","6528.0","0.0","0.0"
"90980-12E34","1","46080.0","11136.0","0.0","0.0"
"90980-12E34","25","17280.0","6528.0","0.0","0.0"
"90980-12E34","22","32640.0","6527.0","0.0","0.0"
"90980-12E34","14","-30720.0","11136.0","0.0","0.0"
"90980-12E34","13","-26880.0","11136.0","0.0","0.0"
"90980-12E34","5","30720.0","11136.0","0.0","0.0"
"90980-12E34","16","-38400.0","11136.0","0.0","0.0"
"90980-12E34","28","-17280.0","6528.0","0.0","0.0"
"90980-12E34","3","38400.0","11136.0","0.0","0.0"
"90980-12E34","27","-13440.0","6527.0","0.0","0.0"
"90980-12E34","33","-40320.0","6528.0","0.0","0.0"
"90980-12E34","12","-23040.0","11136.0","0.0","0.0"
"90980-12E34","2","42240.0","11136.0","0.0","0.0"
"90980-12E34","8","19200.0","11136.0","0.0","0.0"
"90980-12E34","26","13440.0","6527.0","0.0","0.0"
"90980-12E34","17","-42240.0","11136.0","0.0","0.0"
"90980-12E34","23","24960.0","6527.0","0.0","0.0"
"90980-12E34","4","34560.0","11136.0","0.0","0.0"
"90980-12E34","20","40320.0","6528.0","0.0","0.0"
"90980-12E34","35","1920.0","6528.0","0.0","0.0"
"KANGO-12F88","4","0.0","6528.0","0.0","0.0"
"KANGO-12F88","3","-3461.0","11899.0","0.0","0.0"
"KANGO-12F88","2","3456.0","11899.0","0.0","0.0"
"KANGO-12F88","1","-5.0","17264.0","0.0","0.0"
"90980-12568","2","3610.0","8640.0","0.0","0.0"
"90980-12568","1","-3610.0","8640.0","0.0","0.0"
"90980-12568","4","3456.0","3315.0","0.0","0.0"
"90980-12568","3","-3456.0","3315.0","0.0","0.0"
"90980-003R8","3","0.0","11904.0","0.0","0.0"
"90980-003R8","1","-3447.0","17282.0","0.0","0.0"
"90980-003R8","2","3471.0","17282.0","0.0","0.0"
"90980-12B95","1","11910.0","2688.0","0.0","0.0"
"90980-11348","1","5430.0","6912.0","0.0","0.0"
"90980-11348","2","0.0","6912.0","0.0","0.0"
"90980-11348","3","-5429.0","6912.0","0.0","0.0"
"90980-10841","1","-5378.0","4227.0","0.0","0.0"
"90980-10841","3","5366.0","4227.0","0.0","0.0"
"90980-10841","2","13.0","4208.0","0.0","0.0"
"82675-47340","1","-6586.0","2688.0","0.0","0.0"
"82675-47340","2","6469.0","2688.0","0.0","0.0"
"90980-10619","1","956.0","1940.0","0.0","0.0"
"90980-12B54","14","-11524.0","4225.0","0.0","0.0"
"90980-12B54","9","11526.0","8873.0","0.0","0.0"
"90980-12B54","10","15355.0","8835.0","0.0","0.0"
"90980-12B54","7","3849.0","8835.0","0.0","0.0"
"90980-12B54","17","1.0","4244.0","0.0","0.0"
"90980-12B54","20","11526.0","4225.0","0.0","0.0"
"90980-12B54","16","-3828.0","4244.0","0.0","0.0"
"90980-12B54","5","-3828.0","8816.0","0.0","0.0"
"90980-12B54","11","19203.0","8854.0","0.0","0.0"
"90980-12B54","4","-7676.0","8854.0","0.0","0.0"
"90980-12B54","19","7678.0","4244.0","0.0","0.0"
"90980-12B54","6","1.0","8835.0","0.0","0.0"
"90980-12B54","12","-19201.0","4225.0","0.0","0.0"
"90980-12B54","1","-19201.0","8835.0","0.0","0.0"
"90980-12B54","2","-15353.0","8835.0","0.0","0.0"
"90980-12B54","8","7678.0","8835.0","0.0","0.0"
"90980-12B54","3","-11524.0","8854.0","0.0","0.0"
"90980-12B54","13","-15353.0","4225.0","0.0","0.0"
"90980-12B54","21","15355.0","4225.0","0.0","0.0"
"90980-12B54","22","19203.0","4244.0","0.0","0.0"
"90980-12B54","15","-7676.0","4225.0","0.0","0.0"
"90980-12B54","18","3830.0","4244.0","0.0","0.0"
"90980-11077","2","9.0","9268.0","0.0","0.0"
"90980-11077","4","-2715.0","3477.0","0.0","0.0"
"90980-11077","1","-5420.0","9268.0","0.0","0.0"
"90980-11077","3","5438.0","9268.0","0.0","0.0"
"90980-11077","5","2714.0","3477.0","0.0","0.0"
"90980-12617","3","0.0","4608.0","0.0","0.0"
"90980-12617","5","-9215.0","4608.0","0.0","0.0"
"90980-12617","1","9216.0","4608.0","0.0","0.0"
"90980-12617","4","-4607.0","4608.0","0.0","0.0"
"90980-12617","2","4608.0","4608.0","0.0","0.0"
"90980-12251","11","9600.0","2688.0","0.0","0.0"
"90980-12251","4","5760.0","7296.0","0.0","0.0"
"90980-12251","1","-13439.0","7296.0","0.0","0.0"
"90980-12251","2","-9599.0","7296.0","0.0","0.0"
"90980-12251","3","-5759.0","7296.0","0.0","0.0"
"90980-12251","8","-9599.0","2688.0","0.0","0.0"
"90980-12251","10","5760.0","2688.0","0.0","0.0"
"90980-12251","9","-5759.0","2688.0","0.0","0.0"
"90980-12251","5","9600.0","7296.0","0.0","0.0"
"90980-12251","7","-13439.0","2688.0","0.0","0.0"
"90980-12251","6","13440.0","7296.0","0.0","0.0"
"KANGO-12795","1","3840.0","5376.0","0.0","0.0"
"KANGO-12795","3","-3839.0","5376.0","0.0","0.0"
"KANGO-12795","2","0.0","5376.0","0.0","0.0"
"90980-12B44","11","-19249.0","12442.0","0.0","0.0"
"90980-12B44","18","-3889.0","7834.0","0.0","0.0"
"90980-12B44","8","-7729.0","12442.0","0.0","0.0"
"90980-12B44","6","-49.0","12442.0","0.0","0.0"
"90980-12B44","7","-3889.0","12442.0","0.0","0.0"
"90980-12B44","12","19150.0","7834.0","0.0","0.0"
"90980-12B44","20","-11531.0","7872.0","0.0","0.0"
"90980-12B44","4","7630.0","12442.0","0.0","0.0"
"90980-12B44","15","7630.0","7834.0","0.0","0.0"
"90980-12B44","16","3790.0","7834.0","0.0","0.0"
"90980-12B44","5","3790.0","12442.0","0.0","0.0"
"90980-12B44","9","-11569.0","12442.0","0.0","0.0"
"90980-12B44","14","11470.0","7834.0","0.0","0.0"
"90980-12B44","2","15310.0","12442.0","0.0","0.0"
"90980-12B44","10","-15409.0","12442.0","0.0","0.0"
"90980-12B44","1","19150.0","12442.0","0.0","0.0"
"90980-12B44","17","-49.0","7834.0","0.0","0.0"
"90980-12B44","13","15310.0","7834.0","0.0","0.0"
"90980-12B44","22","-19211.0","7872.0","0.0","0.0"
"90980-12B44","21","-15371.0","7872.0","0.0","0.0"
"90980-12B44","19","-7691.0","7834.0","0.0","0.0"
"90980-12B44","3","11470.0","12442.0","0.0","0.0"
"82824-60C80","2","1920.0","9600.0","0.0","0.0"
"82824-60C80","1","5760.0","9600.0","0.0","0.0"
"82824-60C80","6","1920.0","4992.0","0.0","0.0"
"82824-60C80","3","-1920.0","9600.0","0.0","0.0"
"82824-60C80","7","-1919.0","4992.0","0.0","0.0"
"82824-60C80","4","-5760.0","9600.0","0.0","0.0"
"82824-60C80","8","-5759.0","4992.0","0.0","0.0"
"82824-60C80","5","5760.0","4992.0","0.0","0.0"
"82824-76060","1","-2880.0","5184.0","0.0","0.0"
"82824-76060","2","2880.0","5184.0","0.0","0.0"
"90980-12739","1","-20155.0","9224.0","0.0","0.0"
"90980-12739","18","20150.0","3840.0","0.0","0.0"
"90980-12739","11","-20155.0","3841.0","0.0","0.0"
"90980-12739","7","5752.0","8832.0","0.0","0.0"
"90980-12739","12","-14403.0","3841.0","0.0","0.0"
"90980-12739","13","-9607.0","4224.0","0.0","0.0"
"90980-12739","15","1912.0","4224.0","0.0","0.0"
"90980-12739","2","-14403.0","9224.0","0.0","0.0"
"90980-12739","16","9592.0","4224.0","0.0","0.0"
"90980-12739","17","14394.0","3840.0","0.0","0.0"
"90980-12739","10","20146.0","9224.0","0.0","0.0"
"90980-12739","5","-1927.0","8832.0","0.0","0.0"
"90980-12739","14","-1927.0","4224.0","0.0","0.0"
"90980-12739","4","-5767.0","8832.0","0.0","0.0"
"90980-12739","3","-9607.0","8836.0","0.0","0.0"
"90980-12739","9","14390.0","9220.0","0.0","0.0"
"90980-12739","6","1912.0","8832.0","0.0","0.0"
"90980-12739","8","9592.0","8832.0","0.0","0.0"
"90980-12D17","1","-5568.0","5376.0","0.0","0.0"
"90980-12D17","3","5951.0","5376.0","0.0","0.0"
"90980-12D17","2","190.0","5376.0","0.0","0.0"
"90980-11992","2","-2303.0","5376.0","0.0","0.0"
"90980-11992","1","2304.0","5376.0","0.0","0.0"
"90980-12B99","4","5088.0","4373.0","0.0","0.0"
"90980-12B99","3","-5102.0","4374.0","0.0","0.0"
"90980-12B99","2","5103.0","9942.0","0.0","0.0"
"90980-12B99","1","-5102.0","9942.0","0.0","0.0"
"99159-10129","1","0.0","4224.0","0.0","0.0"
"90980-12484","2","3840.0","8164.0","0.0","0.0"
"90980-12484","3","0.0","8164.0","0.0","0.0"
"90980-12484","4","-3839.0","8164.0","0.0","0.0"
"90980-12484","5","-7679.0","8164.0","0.0","0.0"
"90980-12484","1","7680.0","8164.0","0.0","0.0"
"90980-12C90","4","-2303.0","11904.0","0.0","0.0"
"90980-12C90","1","6912.0","11904.0","0.0","0.0"
"90980-12C90","6","-4607.0","7680.0","0.0","0.0"
"90980-12C90","5","-6911.0","11904.0","0.0","0.0"
"90980-12C90","2","2304.0","11904.0","0.0","0.0"
"90980-12C90","3","4608.0","7680.0","0.0","0.0"
"90980-10795","2","1905.0","8077.0","0.0","0.0"
"90980-10795","4","1924.0","3429.0","0.0","0.0"
"90980-10795","1","-1924.0","8077.0","0.0","0.0"
"90980-10795","3","-1905.0","3467.0","0.0","0.0"
"90980-11003","2","2225.0","2968.0","0.0","0.0"
"90980-11003","1","-3208.0","2968.0","0.0","0.0"
"90980-12A80","6","-5761.0","8644.0","0.0","0.0"
"90980-12A80","1","5758.0","14404.0","0.0","0.0"
"90980-12A80","5","-1.0","8644.0","0.0","0.0"
"90980-12A80","4","5758.0","8644.0","0.0","0.0"
"90980-12A80","2","-1.0","14404.0","0.0","0.0"
"90980-12A80","3","-5761.0","14404.0","0.0","0.0"
"90980-12498","1","-1919.0","3840.0","0.0","0.0"
"90980-12498","2","1920.0","3840.0","0.0","0.0"
"K8201-47850","8","2709.0","15068.0","0.0","0.0"
"K8201-47850","4","-3069.0","20828.0","0.0","0.0"
"K8201-47850","2","8450.0","20828.0","0.0","0.0"
"K8201-47850","13","-3060.0","9220.0","0.0","0.0"
"K8201-47850","1","14210.0","20828.0","0.0","0.0"
"K8201-47850","6","-14589.0","20828.0","0.0","0.0"
"K8201-47850","10","-8810.0","15068.0","0.0","0.0"
"K8201-47850","3","2690.0","20828.0","0.0","0.0"
"K8201-47850","7","8469.0","15068.0","0.0","0.0"
"K8201-47850","5","-8829.0","20828.0","0.0","0.0"
"K8201-47850","11","8469.0","9220.0","0.0","0.0"
"K8201-47850","14","-8829.0","9203.0","0.0","0.0"
"K8201-47850","9","-3050.0","15068.0","0.0","0.0"
"K8201-47850","12","2709.0","9220.0","0.0","0.0"
"90980-12D62","2","-2304.0","16896.0","0.0","0.0"
"90980-12D62","5","0.0","7296.0","0.0","0.0"
"90980-12D62","1","2304.0","16896.0","0.0","0.0"
"90980-12D62","4","-2304.0","12288.0","0.0","0.0"
"90980-12D62","3","2304.0","12288.0","0.0","0.0"
"90980-12D67","5","0.0","4608.0","0.0","0.0"
"90980-12D67","3","-2304.0","9600.0","0.0","0.0"
"90980-12D67","1","-2304.0","14208.0","0.0","0.0"
"90980-12D67","2","2304.0","14208.0","0.0","0.0"
"90980-12D67","4","2304.0","9600.0","0.0","0.0"
"90980-11349","1","-5433.0","4603.0","0.0","0.0"
"90980-11349","2","-4.0","4603.0","0.0","0.0"
"90980-11349","3","5444.0","4603.0","0.0","0.0"
"90980-11259","1","0.0","2688.0","0.0","0.0"
"90980-12B48","10","-15371.0","12480.0","0.0","0.0"
"90980-12B48","1","19188.0","12480.0","0.0","0.0"
"90980-12B48","15","7668.0","7872.0","0.0","0.0"
"90980-12B48","21","-15371.0","7872.0","0.0","0.0"
"90980-12B48","17","-11.0","7872.0","0.0","0.0"
"90980-12B48","4","7668.0","12480.0","0.0","0.0"
"90980-12B48","7","-3851.0","12480.0","0.0","0.0"
"90980-12B48","8","-7691.0","12480.0","0.0","0.0"
"90980-12B48","6","-11.0","12480.0","0.0","0.0"
"90980-12B48","19","-7691.0","7872.0","0.0","0.0"
"90980-12B48","18","-3851.0","7872.0","0.0","0.0"
"90980-12B48","20","-11531.0","7872.0","0.0","0.0"
"90980-12B48","3","11508.0","12480.0","0.0","0.0"
"90980-12B48","12","19188.0","7872.0","0.0","0.0"
"90980-12B48","14","11508.0","7872.0","0.0","0.0"
"90980-12B48","16","3828.0","7872.0","0.0","0.0"
"90980-12B48","22","-19211.0","7872.0","0.0","0.0"
"90980-12B48","13","15348.0","7872.0","0.0","0.0"
"90980-12B48","2","15348.0","12480.0","0.0","0.0"
"90980-12B48","5","3828.0","12480.0","0.0","0.0"
"90980-12B48","9","-11531.0","12480.0","0.0","0.0"
"90980-12B48","11","-19211.0","12480.0","0.0","0.0"
"90980-12D92","6","7680.0","4224.0","0.0","0.0"
"90980-12D92","5","3840.0","4224.0","0.0","0.0"
"90980-12D92","3","-3839.0","4224.0","0.0","0.0"
"90980-12D92","2","-7679.0","4224.0","0.0","0.0"
"90980-12D92","7","11520.0","4224.0","0.0","0.0"
"90980-12D92","1","-11519.0","4224.0","0.0","0.0"
"90980-12D92","4","0.0","4224.0","0.0","0.0"
"90980-12F71","1","-9599.0","8832.0","0.0","0.0"
"90980-12F71","3","-1919.0","8832.0","0.0","0.0"
"90980-12F71","7","-9599.0","4224.0","0.0","0.0"
"90980-12F71","8","-5759.0","4224.0","0.0","0.0"
"90980-12F71","11","5760.0","4224.0","0.0","0.0"
"90980-12F71","2","-5759.0","8832.0","0.0","0.0"
"90980-12F71","6","9600.0","8832.0","0.0","0.0"
"90980-12F71","10","1920.0","4224.0","0.0","0.0"
"90980-12F71","9","-1919.0","4224.0","0.0","0.0"
"90980-12F71","12","9600.0","4224.0","0.0","0.0"
"90980-12F71","5","5760.0","8832.0","0.0","0.0"
"90980-12F71","4","1920.0","8832.0","0.0","0.0"
"90980-12770","21","-1919.0","7296.0","0.0","0.0"
"90980-12770","10","-9599.0","11904.0","0.0","0.0"
"90980-12770","13","-21119.0","11904.0","0.0","0.0"
"90980-12770","20","1920.0","7296.0","0.0","0.0"
"90980-12770","23","-13439.0","7296.0","0.0","0.0"
"90980-12770","18","13440.0","7296.0","0.0","0.0"
"90980-12770","2","21120.0","11908.0","0.0","0.0"
"90980-12770","15","25918.0","6913.0","0.0","0.0"
"90980-12770","19","9600.0","7296.0","0.0","0.0"
"90980-12770","1","25918.0","12296.0","0.0","0.0"
"90980-12770","14","-25917.0","12292.0","0.0","0.0"
"90980-12770","26","-25917.0","6915.0","0.0","0.0"
"90980-12770","7","1920.0","11904.0","0.0","0.0"
"90980-12770","4","13440.0","11904.0","0.0","0.0"
"90980-12770","5","9600.0","11904.0","0.0","0.0"
"90980-12770","22","-9599.0","7296.0","0.0","0.0"
"90980-12770","9","-5759.0","11904.0","0.0","0.0"
"90980-12770","6","5760.0","11904.0","0.0","0.0"
"90980-12770","12","-17279.0","11904.0","0.0","0.0"
"90980-12770","16","21120.0","7297.0","0.0","0.0"
"90980-12770","3","17280.0","11904.0","0.0","0.0"
"90980-12770","11","-13439.0","11904.0","0.0","0.0"
"90980-12770","25","-21119.0","7296.0","0.0","0.0"
"90980-12770","17","17280.0","7296.0","0.0","0.0"
"90980-12770","24","-17279.0","7296.0","0.0","0.0"
"90980-12770","8","-1919.0","11904.0","0.0","0.0"
"99159-10133","1","0.0","5760.0","0.0","0.0"
"90980-12D58","3","2304.0","11520.0","0.0","0.0"
"90980-12D58","4","-2304.0","11520.0","0.0","0.0"
"90980-12D58","5","0.0","6528.0","0.0","0.0"
"90980-12D58","1","2304.0","16128.0","0.0","0.0"
"90980-12D58","2","-2304.0","16128.0","0.0","0.0"
"82675-12440","1","4800.0","9600.0","0.0","0.0"
"90980-11207","1","-2702.0","3456.0","0.0","0.0"
"90980-11207","2","2708.0","3456.0","0.0","0.0"
"90980-12E96","12","-7679.0","2688.0","0.0","0.0"
"90980-12E96","1","-49919.0","2688.0","0.0","0.0"
"90980-12E96","13","-3839.0","2688.0","0.0","0.0"
"90980-12E96","22","30720.0","2688.0","0.0","0.0"
"90980-12E96","7","-26879.0","2688.0","0.0","0.0"
"90980-12E96","8","-23039.0","2688.0","0.0","0.0"
"90980-12E96","18","15360.0","2688.0","0.0","0.0"
"90980-12E96","6","-30719.0","2688.0","0.0","0.0"
"90980-12E96","17","11520.0","2688.0","0.0","0.0"
"90980-12E96","20","23040.0","2688.0","0.0","0.0"
"90980-12E96","24","38400.0","2688.0","0.0","0.0"
"90980-12E96","5","-34559.0","2688.0","0.0","0.0"
"90980-12E96","14","0.0","2688.0","0.0","0.0"
"90980-12E96","26","46080.0","2688.0","0.0","0.0"
"90980-12E96","27","49920.0","2688.0","0.0","0.0"
"90980-12E96","25","42240.0","2688.0","0.0","0.0"
"90980-12E96","23","34560.0","2688.0","0.0","0.0"
"90980-12E96","15","3840.0","2688.0","0.0","0.0"
"90980-12E96","4","-38399.0","2688.0","0.0","0.0"
"90980-12E96","21","26880.0","2688.0","0.0","0.0"
"90980-12E96","10","-15359.0","2688.0","0.0","0.0"
"90980-12E96","19","19200.0","2688.0","0.0","0.0"
"90980-12E96","3","-42239.0","2688.0","0.0","0.0"
"90980-12E96","16","7680.0","2688.0","0.0","0.0"
"90980-12E96","11","-11519.0","2688.0","0.0","0.0"
"90980-12E96","2","-46079.0","2688.0","0.0","0.0"
"90980-12E96","9","-19199.0","2688.0","0.0","0.0"
"82675-76040","1","0.0","2688.0","0.0","0.0"
"KANGO-12831","1","14398.0","8452.0","0.0","0.0"
"KANGO-12831","3","2878.0","8452.0","0.0","0.0"
"KANGO-12831","4","-2881.0","8452.0","0.0","0.0"
"KANGO-12831","5","-8641.0","8452.0","0.0","0.0"
"KANGO-12831","6","-14401.0","8452.0","0.0","0.0"
"KANGO-12831","2","8638.0","8452.0","0.0","0.0"
"90980-12F78","5","1185.0","7670.0","0.0","0.0"
"90980-12F78","1","-5787.0","11894.0","0.0","0.0"
"90980-12F78","7","3507.0","2659.0","0.0","0.0"
"90980-12F78","2","-5734.0","4982.0","0.0","0.0"
"90980-12F78","3","1177.0","12287.0","0.0","0.0"
"90980-12F78","6","5748.0","7697.0","0.0","0.0"
"90980-12F78","4","5793.0","12260.0","0.0","0.0"
"90980-11886","1","-2305.0","3095.0","0.0","0.0"
"90980-11886","2","2305.0","3076.0","0.0","0.0"
"90980-12F81","3","0.0","4608.0","0.0","0.0"
"90980-12F81","1","-2495.0","8064.0","0.0","0.0"
"90980-12F81","2","2496.0","8064.0","0.0","0.0"
"90980-10796","6","-5759.0","4224.0","0.0","0.0"
"90980-10796","5","-1919.0","4224.0","0.0","0.0"
"90980-10796","4","1920.0","4224.0","0.0","0.0"
"90980-10796","2","-5759.0","8832.0","0.0","0.0"
"90980-10796","1","5760.0","8832.0","0.0","0.0"
"90980-10796","3","5760.0","4224.0","0.0","0.0"
"90980-10997","2","-5778.0","8444.0","0.0","0.0"
"90980-10997","7","-1930.0","3815.0","0.0","0.0"
"90980-10997","9","5766.0","3834.0","0.0","0.0"
"90980-10997","10","9595.0","3834.0","0.0","0.0"
"90980-10997","3","5766.0","8463.0","0.0","0.0"
"90980-10997","8","1899.0","3834.0","0.0","0.0"
"90980-10997","5","-9588.0","3834.0","0.0","0.0"
"90980-10997","6","-5778.0","3834.0","0.0","0.0"
"90980-10997","1","-9588.0","8444.0","0.0","0.0"
"90980-10997","4","9595.0","8463.0","0.0","0.0"
"90980-12695","2","0.0","4224.0","0.0","0.0"
"90980-12695","1","-3839.0","4224.0","0.0","0.0"
"90980-12695","3","3840.0","4224.0","0.0","0.0"
"99159-10137","1","0.0","4608.0","0.0","0.0"
"90980-12129","1","-959.0","3455.0","0.0","0.0"
"82824-60C60","1","-13572.0","3485.0","0.0","0.0"
"82824-60C60","4","2715.0","3475.0","0.0","0.0"
"82824-60C60","3","-2717.0","3490.0","0.0","0.0"
"82824-60C60","2","-8139.0","3494.0","0.0","0.0"
"82824-60C60","6","13570.0","3480.0","0.0","0.0"
"82824-60C60","5","8148.0","3484.0","0.0","0.0"
"KZH24-10019","6","-5216.0","27889.0","0.0","0.0"
"KZH24-10019","4","5714.0","27953.0","0.0","0.0"
"KZH24-10019","31","-27041.0","14480.0","0.0","0.0"
"KZH24-10019","5","212.0","27935.0","0.0","0.0"
"KZH24-10019","14","228.0","21715.0","0.0","0.0"
"KZH24-10019","1","31553.0","26063.0","0.0","0.0"
"KZH24-10019","3","11143.0","27999.0","0.0","0.0"
"KZH24-10019","7","-10669.0","27995.0","0.0","0.0"
"KZH24-10019","21","31603.0","14771.0","0.0","0.0"
"KZH24-10019","26","228.0","14537.0","0.0","0.0"
"KZH24-10019","30","-21590.0","14526.0","0.0","0.0"
"KZH24-10019","20","-33407.0","18048.0","0.0","0.0"
"KZH24-10019","41","-21590.0","8391.0","0.0","0.0"
"KZH24-10019","10","-27006.0","27938.0","0.0","0.0"
"KZH24-10019","33","21971.0","8466.0","0.0","0.0"
"KZH24-10019","27","-5200.0","14491.0","0.0","0.0"
"KZH24-10019","8","-16098.0","27949.0","0.0","0.0"
"KZH24-10019","24","11121.0","14541.0","0.0","0.0"
"KZH24-10019","29","-16112.0","14491.0","0.0","0.0"
"KZH24-10019","36","5700.0","8359.0","0.0","0.0"
"KZH24-10019","37","228.0","8401.0","0.0","0.0"
"KZH24-10019","22","21971.0","14602.0","0.0","0.0"
"KZH24-10019","40","-16112.0","8355.0","0.0","0.0"
"KZH24-10019","16","-10653.0","21774.0","0.0","0.0"
"KZH24-10019","32","-33407.0","11904.0","0.0","0.0"
"KZH24-10019","39","-10683.0","8401.0","0.0","0.0"
"KZH24-10019","25","5700.0","14495.0","0.0","0.0"
"KZH24-10019","19","-26989.0","21718.0","0.0","0.0"
"KZH24-10019","34","16542.0","8420.0","0.0","0.0"
"KZH24-10019","11","-33457.0","24177.0","0.0","0.0"
"KZH24-10019","35","11129.0","8405.0","0.0","0.0"
"KZH24-10019","23","16542.0","14556.0","0.0","0.0"
"KZH24-10019","9","-21577.0","27984.0","0.0","0.0"
"KZH24-10019","12","11159.0","21779.0","0.0","0.0"
"KZH24-10019","13","5730.0","21732.0","0.0","0.0"
"KZH24-10019","42","-27019.0","8345.0","0.0","0.0"
"KZH24-10019","15","-5200.0","21669.0","0.0","0.0"
"KZH24-10019","2","19771.0","23736.0","0.0","0.0"
"KZH24-10019","28","-10683.0","14537.0","0.0","0.0"
"KZH24-10019","17","-16082.0","21728.0","0.0","0.0"
"KZH24-10019","18","-21560.0","21764.0","0.0","0.0"
"KZH24-10019","38","-5200.0","8355.0","0.0","0.0"
"90980-11145","3","5376.0","4224.0","0.0","0.0"
"90980-11145","1","-5375.0","4224.0","0.0","0.0"
"90980-11145","2","0.0","4224.0","0.0","0.0"
"90980-12551","4","5745.0","8845.0","0.0","0.0"
"90980-12551","8","5756.0","4229.0","0.0","0.0"
"90980-12551","5","-5730.0","4217.0","0.0","0.0"
"90980-12551","2","-1907.0","8820.0","0.0","0.0"
"90980-12551","7","1942.0","4227.0","0.0","0.0"
"90980-12551","1","-5759.0","8861.0","0.0","0.0"
"90980-12551","3","1931.0","8827.0","0.0","0.0"
"90980-12551","6","-1933.0","4239.0","0.0","0.0"
"G92SD-10020","3","3466.0","4540.0","0.0","0.0"
"G92SD-10020","2","-3564.0","9790.0","0.0","0.0"
"G92SD-10020","4","-3465.0","4540.0","0.0","0.0"
"G92SD-10020","1","3565.0","9790.0","0.0","0.0"
"KANGO-12E69","6","11520.0","18432.0","0.0","0.0"
"KANGO-12E69","11","-7685.0","18423.0","0.0","0.0"
"KANGO-12E69","14","-23046.0","18441.0","0.0","0.0"
"KANGO-12E69","29","-11525.0","13819.0","0.0","0.0"
"KANGO-12E69","37","17088.0","8640.0","0.0","0.0"
"KANGO-12E69","18","30720.0","13824.0","0.0","0.0"
"KANGO-12E69","9","4.0","18430.0","0.0","0.0"
"KANGO-12E69","33","-30719.0","13813.0","0.0","0.0"
"KANGO-12E69","24","7680.0","13824.0","0.0","0.0"
"KANGO-12E69","43","-26879.0","9216.0","0.0","0.0"
"KANGO-12E69","16","-30719.0","18432.0","0.0","0.0"
"KANGO-12E69","27","-3835.0","13822.0","0.0","0.0"
"KANGO-12E69","1","34560.0","18432.0","0.0","0.0"
"KANGO-12E69","31","-23046.0","13814.0","0.0","0.0"
"KANGO-12E69","2","30720.0","18432.0","0.0","0.0"
"KANGO-12E69","12","-11525.0","18423.0","0.0","0.0"
"KANGO-12E69","28","-7685.0","13819.0","0.0","0.0"
"KANGO-12E69","13","-15356.0","18441.0","0.0","0.0"
"KANGO-12E69","34","33984.0","8640.0","0.0","0.0"
"KANGO-12E69","35","28224.0","8640.0","0.0","0.0"
"KANGO-12E69","25","3840.0","13824.0","0.0","0.0"
"KANGO-12E69","21","19200.0","13824.0","0.0","0.0"
"KANGO-12E69","4","19200.0","18432.0","0.0","0.0"
"KANGO-12E69","8","3840.0","18432.0","0.0","0.0"
"KANGO-12E69","39","-2495.0","8640.0","0.0","0.0"
"KANGO-12E69","15","-26886.0","18441.0","0.0","0.0"
"KANGO-12E69","10","-3835.0","18430.0","0.0","0.0"
"KANGO-12E69","38","10944.0","8640.0","0.0","0.0"
"KANGO-12E69","40","-8255.0","8640.0","0.0","0.0"
"KANGO-12E69","7","7680.0","18432.0","0.0","0.0"
"KANGO-12E69","30","-15356.0","13823.0","0.0","0.0"
"KANGO-12E69","22","15360.0","13824.0","0.0","0.0"
"KANGO-12E69","36","22464.0","8640.0","0.0","0.0"
"KANGO-12E69","19","26880.0","13824.0","0.0","0.0"
"KANGO-12E69","20","23040.0","13824.0","0.0","0.0"
"KANGO-12E69","42","-23039.0","9216.0","0.0","0.0"
"KANGO-12E69","3","26880.0","18432.0","0.0","0.0"
"KANGO-12E69","32","-26886.0","13814.0","0.0","0.0"
"KANGO-12E69","5","15360.0","18432.0","0.0","0.0"
"KANGO-12E69","26","4.0","13822.0","0.0","0.0"
"KANGO-12E69","23","11520.0","13824.0","0.0","0.0"
"KANGO-12E69","17","34560.0","13824.0","0.0","0.0"
"KANGO-12E69","41","-14015.0","8640.0","0.0","0.0"
"90980-12189","1","0.0","11693.0","0.0","0.0"
"90980-12189","2","-4607.0","11693.0","0.0","0.0"
"90980-12189","5","-4607.0","7085.0","0.0","0.0"
"90980-12189","3","4608.0","9389.0","0.0","0.0"
"90980-12189","4","0.0","7085.0","0.0","0.0"
"99159-10320","2","2.0","5952.0","0.0","0.0"
"99159-10320","3","-5373.0","5952.0","0.0","0.0"
"99159-10320","1","5378.0","5952.0","0.0","0.0"
"90980-12F28","1","-2341.0","12344.0","0.0","0.0"
"90980-12F28","4","2266.0","7736.0","0.0","0.0"
"90980-12F28","5","-37.0","2744.0","0.0","0.0"
"90980-12F28","2","2266.0","12344.0","0.0","0.0"
"90980-12F28","3","-2341.0","7736.0","0.0","0.0"
"90980-12F96","5","0.0","4608.0","0.0","0.0"
"90980-12F96","4","2304.0","9600.0","0.0","0.0"
"90980-12F96","2","2304.0","14208.0","0.0","0.0"
"90980-12F96","1","-2303.0","14208.0","0.0","0.0"
"90980-12F96","3","-2303.0","9600.0","0.0","0.0"
"90980-12088","2","1920.0","3456.0","0.0","0.0"
"90980-12088","1","-1919.0","3456.0","0.0","0.0"
"90980-50136","2","-2853.0","4207.0","0.0","0.0"
"90980-50136","1","2906.0","4207.0","0.0","0.0"
"KANGO-11900","1","2688.0","5760.0","0.0","0.0"
"KANGO-11900","2","-2687.0","5760.0","0.0","0.0"
"K8201-21030","2","1920.0","3456.0","0.0","0.0"
"K8201-21030","1","5760.0","3456.0","0.0","0.0"
"K8201-21030","3","-1919.0","3456.0","0.0","0.0"
"K8201-21030","4","-5759.0","3456.0","0.0","0.0"
"90980-12412","14","-21.0","4217.0","0.0","0.0"
"90980-12412","8","11534.0","8845.0","0.0","0.0"
"90980-12412","12","-7705.0","4260.0","0.0","0.0"
"90980-12412","18","15346.0","4227.0","0.0","0.0"
"90980-12412","16","7667.0","4290.0","0.0","0.0"
"90980-12412","5","15.0","8854.0","0.0","0.0"
"90980-12412","1","-15362.0","8851.0","0.0","0.0"
"90980-12412","7","7687.0","8857.0","0.0","0.0"
"90980-12412","17","11518.0","4270.0","0.0","0.0"
"90980-12412","15","3833.0","4219.0","0.0","0.0"
"90980-12412","3","-7675.0","8854.0","0.0","0.0"
"90980-12412","13","-3844.0","4218.0","0.0","0.0"
"90980-12412","9","15366.0","8808.0","0.0","0.0"
"90980-12412","11","-11529.0","4256.0","0.0","0.0"
"90980-12412","2","-11525.0","8836.0","0.0","0.0"
"90980-12412","4","-3852.0","8856.0","0.0","0.0"
"90980-12412","10","-15361.0","4219.0","0.0","0.0"
"90980-12412","6","3855.0","8848.0","0.0","0.0"
"90980-12979","12","20153.0","13453.0","0.0","0.0"
"90980-12979","17","-39349.0","7324.0","0.0","0.0"
"90980-12979","19","-27884.0","7338.0","0.0","0.0"
"90980-12979","25","8630.0","7318.0","0.0","0.0"
"90980-12979","13","25906.0","13430.0","0.0","0.0"
"90980-12979","15","37460.0","13448.0","0.0","0.0"
"90980-12979","2","-39330.0","13466.0","0.0","0.0"
"90980-12979","21","-16343.0","7339.0","0.0","0.0"
"90980-12979","22","-10545.0","7324.0","0.0","0.0"
"90980-12979","7","-10528.0","13458.0","0.0","0.0"
"90980-12979","5","-22010.0","13435.0","0.0","0.0"
"90980-12979","28","25976.0","7315.0","0.0","0.0"
"90980-12979","30","37452.0","7347.0","0.0","0.0"
"90980-12979","4","-27879.0","13455.0","0.0","0.0"
"90980-12979","26","14411.0","7340.0","0.0","0.0"
"90980-12979","6","-16320.0","13426.0","0.0","0.0"
"90980-12979","27","20150.0","7325.0","0.0","0.0"
"90980-12979","24","2904.0","7318.0","0.0","0.0"
"90980-12979","18","-33638.0","7317.0","0.0","0.0"
"90980-12979","29","31703.0","7329.0","0.0","0.0"
"90980-12979","23","-4815.0","7346.0","0.0","0.0"
"90980-12979","20","-22080.0","7313.0","0.0","0.0"
"90980-12979","1","-45083.0","13488.0","0.0","0.0"
"90980-12979","8","-4755.0","13450.0","0.0","0.0"
"90980-12979","9","2903.0","13444.0","0.0","0.0"
"90980-12979","3","-33576.0","13433.0","0.0","0.0"
"90980-12979","16","-45118.0","7339.0","0.0","0.0"
"90980-12979","11","14433.0","13442.0","0.0","0.0"
"90980-12979","10","8657.0","13455.0","0.0","0.0"
"90980-12979","14","31681.0","13472.0","0.0","0.0"
"90980-12D64","3","2304.0","12288.0","0.0","0.0"
"90980-12D64","4","-2304.0","12288.0","0.0","0.0"
"90980-12D64","2","-2304.0","16896.0","0.0","0.0"
"90980-12D64","5","0.0","7296.0","0.0","0.0"
"90980-12D64","1","2304.0","16896.0","0.0","0.0"
"90980-50132","1","0.0","4416.0","0.0","0.0"
"KANGO-11918","1","2304.0","3072.0","0.0","0.0"
"KANGO-11918","2","-2303.0","3072.0","0.0","0.0"
"DUMMY-BLTM6","1","0.0","2688.0","0.0","0.0"
"90980-12F94","3","-2303.0","9600.0","0.0","0.0"
"90980-12F94","5","-13.0","4608.0","0.0","0.0"
"90980-12F94","4","2304.0","9600.0","0.0","0.0"
"90980-12F94","2","2304.0","14208.0","0.0","0.0"
"90980-12F94","1","-2303.0","14208.0","0.0","0.0"
"G92SF-10060","3","-3465.0","2932.0","0.0","0.0"
"G92SF-10060","1","-3564.0","8254.0","0.0","0.0"
"G92SF-10060","2","3565.0","8254.0","0.0","0.0"
"G92SF-10060","4","3466.0","2932.0","0.0","0.0"
"90980-12366","5","7680.0","4224.0","0.0","0.0"
"90980-12366","4","3840.0","4224.0","0.0","0.0"
"90980-12366","2","-3839.0","4224.0","0.0","0.0"
"90980-12366","3","0.0","4224.0","0.0","0.0"
"90980-12366","1","-7679.0","4224.0","0.0","0.0"
"KANGO-11858","2","8144.0","4251.0","0.0","0.0"
"KANGO-11858","3","2715.0","4251.0","0.0","0.0"
"KANGO-11858","6","-13577.0","4251.0","0.0","0.0"
"KANGO-11858","5","-8145.0","4251.0","0.0","0.0"
"KANGO-11858","4","-2714.0","4251.0","0.0","0.0"
"KANGO-11858","1","13574.0","4251.0","0.0","0.0"
"90980-12374","9","12274.0","10180.0","0.0","0.0"
"90980-12374","12","-5767.0","4216.0","0.0","0.0"
"90980-12374","8","6134.0","10181.0","0.0","0.0"
"90980-12374","16","9585.0","4216.0","0.0","0.0"
"90980-12374","1","-12295.0","17286.0","0.0","0.0"
"90980-12374","7","-6151.0","10180.0","0.0","0.0"
"90980-12374","14","1909.0","4216.0","0.0","0.0"
"90980-12374","13","-1927.0","4216.0","0.0","0.0"
"90980-12374","10","-13447.0","4216.0","0.0","0.0"
"90980-12374","15","5745.0","4216.0","0.0","0.0"
"90980-12374","2","-6151.0","17286.0","0.0","0.0"
"90980-12374","5","12276.0","17286.0","0.0","0.0"
"90980-12374","17","13425.0","4216.0","0.0","0.0"
"90980-12374","3","-7.0","17286.0","0.0","0.0"
"90980-12374","6","-12295.0","10180.0","0.0","0.0"
"90980-12374","4","6136.0","17286.0","0.0","0.0"
"90980-12374","11","-9607.0","4216.0","0.0","0.0"
"90980-12292","1","-11520.0","7392.0","0.0","0.0"
"90980-12292","2","-5769.0","7389.0","0.0","0.0"
"90980-12292","5","11511.0","7382.0","0.0","0.0"
"90980-12292","3","-7.0","7387.0","0.0","0.0"
"90980-12292","4","5762.0","7400.0","0.0","0.0"
"82824-21030","4","5760.0","2688.0","0.0","0.0"
"82824-21030","3","1920.0","2688.0","0.0","0.0"
"82824-21030","1","-5759.0","2688.0","0.0","0.0"
"82824-21030","2","-1919.0","2688.0","0.0","0.0"
"KANGO-12F73","4","-2261.0","8506.0","0.0","0.0"
"KANGO-12F73","3","2342.0","8504.0","0.0","0.0"
"KANGO-12F73","2","-2262.0","13105.0","0.0","0.0"
"KANGO-12F73","1","2345.0","13116.0","0.0","0.0"
"KANGO-12F73","5","38.0","3512.0","0.0","0.0"
"90980-12E90","A-3","72960.0","16512.0","0.0","0.0"
"90980-12E90","B-3","-17279.0","16512.0","0.0","0.0"
"90980-12E90","C-19","-82559.0","11904.0","0.0","0.0"
"90980-12E90","A-21","76800.0","7296.0","0.0","0.0"
"90980-12E90","C-6","-32639.0","11904.0","0.0","0.0"
"90980-12E90","B-10","3835.0","11904.0","0.0","0.0"
"90980-12E90","C-2","-38399.0","16512.0","0.0","0.0"
"90980-12E90","C-5","-80639.0","16512.0","0.0","0.0"
"90980-12E90","C-9","-44167.0","11904.0","0.0","0.0"
"90980-12E90","B-1","21120.0","16512.0","0.0","0.0"
"90980-12E90","C-10","-48004.0","11909.0","0.0","0.0"
"90980-12E90","C-26","-61440.0","7296.0","0.0","0.0"
"90980-12E90","C-29","-76799.0","7296.0","0.0","0.0"
"90980-12E90","A-19","32640.0","11904.0","0.0","0.0"
"90980-12E90","B-4","-21119.0","16512.0","0.0","0.0"
"90980-12E90","B-12","-3839.0","11900.0","0.0","0.0"
"90980-12E90","C-30","-80639.0","7296.0","0.0","0.0"
"90980-12E90","C-1","-34559.0","16512.0","0.0","0.0"
"90980-12E90","A-14","51829.0","11905.0","0.0","0.0"
"90980-12E90","A-27","49920.0","7297.0","0.0","0.0"
"90980-12E90","B-21","5761.0","7296.0","0.0","0.0"
"90980-12E90","C-16","-71039.0","11900.0","0.0","0.0"
"90980-12E90","A-7","78720.0","11904.0","0.0","0.0"
"90980-12E90","C-20","-34559.0","7296.0","0.0","0.0"
"90980-12E90","B-14","-11524.0","11904.0","0.0","0.0"
"90980-12E90","B-23","-1927.0","7296.0","0.0","0.0"
"90980-12E90","C-27","-65280.0","7296.0","0.0","0.0"
"90980-12E90","A-9","71035.0","11900.0","0.0","0.0"
"90980-12E90","B-27","-21119.0","7296.0","0.0","0.0"
"90980-12E90","B-7","15357.0","11903.0","0.0","0.0"
"90980-12E90","B-25","-13439.0","7296.0","0.0","0.0"
"90980-12E90","A-30","34560.0","7296.0","0.0","0.0"
"90980-12E90","B-9","7676.0","11904.0","0.0","0.0"
"90980-12E90","B-24","-5766.0","7296.0","0.0","0.0"
"90980-12E90","B-16","-19199.0","11904.0","0.0","0.0"
"90980-12E90","C-13","-59530.0","11904.0","0.0","0.0"
"90980-12E90","C-22","-42239.0","7296.0","0.0","0.0"
"90980-12E90","B-20","13440.0","7296.0","0.0","0.0"
"90980-12E90","B-6","19197.0","11904.0","0.0","0.0"
"90980-12E90","C-11","-51839.0","11909.0","0.0","0.0"
"90980-12E90","B-11","-4.0","11906.0","0.0","0.0"
"90980-12E90","A-24","61434.0","7296.0","0.0","0.0"
"90980-12E90","B-17","-23039.0","11904.0","0.0","0.0"
"90980-12E90","C-23","-49919.0","7296.0","0.0","0.0"
"90980-12E90","A-10","67200.0","11903.0","0.0","0.0"
"90980-12E90","B-19","17280.0","7296.0","0.0","0.0"
"90980-12E90","A-1","80640.0","16512.0","0.0","0.0"
"90980-12E90","A-26","53760.0","7297.0","0.0","0.0"
"90980-12E90","A-11","63360.0","11906.0","0.0","0.0"
"90980-12E90","A-2","76800.0","16512.0","0.0","0.0"
"90980-12E90","B-8","11516.0","11903.0","0.0","0.0"
"90980-12E90","C-3","-42239.0","16512.0","0.0","0.0"
"90980-12E90","C-28","-72959.0","7296.0","0.0","0.0"
"90980-12E90","A-28","42240.0","7296.0","0.0","0.0"
"90980-12E90","C-17","-74879.0","11900.0","0.0","0.0"
"90980-12E90","B-13","-7679.0","11898.0","0.0","0.0"
"90980-12E90","C-12","-55683.0","11904.0","0.0","0.0"
"90980-12E90","A-29","38400.0","7296.0","0.0","0.0"
"90980-12E90","C-25","-57599.0","7303.0","0.0","0.0"
"90980-12E90","A-5","34560.0","16512.0","0.0","0.0"
"90980-12E90","B-26","-17279.0","7296.0","0.0","0.0"
"90980-12E90","C-24","-53759.0","7303.0","0.0","0.0"
"90980-12E90","A-17","40322.0","11904.0","0.0","0.0"
"90980-12E90","A-25","57594.0","7296.0","0.0","0.0"
"90980-12E90","C-21","-38399.0","7296.0","0.0","0.0"
"90980-12E90","C-14","-63365.0","11909.0","0.0","0.0"
"90980-12E90","A-20","80640.0","7296.0","0.0","0.0"
"90980-12E90","C-7","-36479.0","11904.0","0.0","0.0"
"90980-12E90","B-22","1921.0","7296.0","0.0","0.0"
"90980-12E90","C-15","-67199.0","11909.0","0.0","0.0"
"90980-12E90","A-6","82560.0","11904.0","0.0","0.0"
"90980-12E90","B-2","17280.0","16512.0","0.0","0.0"
"90980-12E90","A-16","44162.0","11904.0","0.0","0.0"
"90980-12E90","C-18","-78719.0","11904.0","0.0","0.0"
"90980-12E90","A-8","74875.0","11904.0","0.0","0.0"
"90980-12E90","A-12","59520.0","11909.0","0.0","0.0"
"90980-12E90","C-8","-40322.0","11904.0","0.0","0.0"
"90980-12E90","A-18","36480.0","11904.0","0.0","0.0"
"90980-12E90","C-4","-76799.0","16512.0","0.0","0.0"
"90980-12E90","A-13","55669.0","11909.0","0.0","0.0"
"90980-12E90","A-23","65280.0","7296.0","0.0","0.0"
"90980-12E90","B-15","-15364.0","11904.0","0.0","0.0"
"90980-12E90","A-4","38400.0","16512.0","0.0","0.0"
"90980-12E90","A-15","48000.0","11905.0","0.0","0.0"
"90980-12E90","B-5","23040.0","11904.0","0.0","0.0"
"90980-12E90","B-18","21120.0","7296.0","0.0","0.0"
"90980-12E90","A-22","72960.0","7296.0","0.0","0.0"
"KANGO-12D97","7","13440.0","6143.0","0.0","0.0"
"KANGO-12D97","10","-13440.0","12671.0","0.0","0.0"
"KANGO-12D97","1","-18816.0","6143.0","0.0","0.0"
"KANGO-12D97","9","-18816.0","12671.0","0.0","0.0"
"KANGO-12D97","6","8064.0","6143.0","0.0","0.0"
"KANGO-12D97","15","13440.0","12671.0","0.0","0.0"
"KANGO-12D97","5","2688.0","6143.0","0.0","0.0"
"KANGO-12D97","3","-8064.0","6143.0","0.0","0.0"
"KANGO-12D97","4","-2688.0","6143.0","0.0","0.0"
"KANGO-12D97","13","2688.0","12671.0","0.0","0.0"
"KANGO-12D97","16","18816.0","12671.0","0.0","0.0"
"KANGO-12D97","2","-13440.0","6143.0","0.0","0.0"
"KANGO-12D97","8","18816.0","6143.0","0.0","0.0"
"KANGO-12D97","11","-8064.0","12671.0","0.0","0.0"
"KANGO-12D97","12","-2688.0","12671.0","0.0","0.0"
"KANGO-12D97","14","8064.0","12671.0","0.0","0.0"
"KANGO-12937","1","1920.0","5184.0","0.0","0.0"
"KANGO-12937","2","-1919.0","5184.0","0.0","0.0"
"KANGO-12C69","3","1920.0","5760.0","0.0","0.0"
"KANGO-12C69","5","-5759.0","5760.0","0.0","0.0"
"KANGO-12C69","4","-1919.0","5760.0","0.0","0.0"
"KANGO-12C69","6","-9599.0","5760.0","0.0","0.0"
"KANGO-12C69","2","5760.0","5760.0","0.0","0.0"
"KANGO-12C69","1","9600.0","5760.0","0.0","0.0"
"90980-12742","11","-22063.0","12296.0","0.0","0.0"
"90980-12742","6","4.0","11904.0","0.0","0.0"
"90980-12742","4","7684.0","11904.0","0.0","0.0"
"90980-12742","3","11522.0","11906.0","0.0","0.0"
"90980-12742","17","-11515.0","7296.0","0.0","0.0"
"90980-12742","13","11524.0","7296.0","0.0","0.0"
"90980-12742","14","7684.0","7296.0","0.0","0.0"
"90980-12742","15","4.0","7296.0","0.0","0.0"
"90980-12742","1","22078.0","12292.0","0.0","0.0"
"90980-12742","16","-7675.0","7296.0","0.0","0.0"
"90980-12742","10","-16311.0","12294.0","0.0","0.0"
"90980-12742","18","-22063.0","6913.0","0.0","0.0"
"90980-12742","7","-3835.0","11904.0","0.0","0.0"
"90980-12742","2","16320.0","12292.0","0.0","0.0"
"90980-12742","5","3844.0","11904.0","0.0","0.0"
"90980-12742","8","-7675.0","11904.0","0.0","0.0"
"90980-12742","12","22078.0","6912.0","0.0","0.0"
"90980-12742","9","-11515.0","11904.0","0.0","0.0"
"90980-12128","1","-10434.0","2304.0","0.0","0.0"
"90980-12128","2","-5826.0","2304.0","0.0","0.0"
"90980-10903","1","-1907.0","2675.0","0.0","0.0"
"90980-10903","2","2684.0","2675.0","0.0","0.0"
"90980-12610","3","5760.0","11904.0","0.0","0.0"
"90980-12610","5","-9599.0","11904.0","0.0","0.0"
"90980-12610","8","9600.0","7296.0","0.0","0.0"
"90980-12610","6","-13439.0","11904.0","0.0","0.0"
"90980-12610","4","-5759.0","11904.0","0.0","0.0"
"90980-12610","7","13440.0","7296.0","0.0","0.0"
"90980-12610","9","5760.0","7296.0","0.0","0.0"
"90980-12610","2","9600.0","11904.0","0.0","0.0"
"90980-12610","1","13440.0","11904.0","0.0","0.0"
"90980-12610","10","-5759.0","7296.0","0.0","0.0"
"90980-12610","11","-9599.0","7296.0","0.0","0.0"
"90980-11917","1","2304.0","3072.0","0.0","0.0"
"90980-11917","2","-2303.0","3072.0","0.0","0.0"
"90980-12B41","4","2880.0","2688.0","0.0","0.0"
"90980-12B41","2","2876.0","7295.0","0.0","0.0"
"90980-12B41","3","-2112.0","2688.0","0.0","0.0"
"90980-12B41","1","-2112.0","7295.0","0.0","0.0"
"82675-V1030","1","4800.0","9600.0","0.0","0.0"
"90980-12D14","1","-2687.0","4224.0","0.0","0.0"
"90980-12D14","2","2688.0","4224.0","0.0","0.0"
"90980-12F93","1","2304.0","16896.0","0.0","0.0"
"90980-12F93","2","-2303.0","16896.0","0.0","0.0"
"90980-12F93","5","0.0","7296.0","0.0","0.0"
"90980-12F93","3","2304.0","12288.0","0.0","0.0"
"90980-12F93","4","-2303.0","12288.0","0.0","0.0"
"KANGO-12E29","1","3073.0","4800.0","0.0","0.0"
"KANGO-12E29","2","-3071.0","4800.0","0.0","0.0"
"DUU84-10002","2","-3071.0","8448.0","0.0","0.0"
"DUU84-10002","3","2688.0","8448.0","0.0","0.0"
"DUU84-10002","1","2688.0","14208.0","0.0","0.0"
"DUU84-10002","4","0.0","3072.0","0.0","0.0"
"DUMMY-BAT_P","1","864.0","13057.0","0.0","0.0"
"90980-12877","7","-12467.0","10372.0","0.0","0.0"
"90980-12877","11","-7669.0","5376.0","0.0","0.0"
"90980-12877","12","-12467.0","4992.0","0.0","0.0"
"90980-12877","9","7688.0","5343.0","0.0","0.0"
"90980-12877","10","12.0","5376.0","0.0","0.0"
"90980-12877","8","12482.0","4992.0","0.0","0.0"
"90980-12877","4","12.0","9984.0","0.0","0.0"
"90980-12877","3","3852.0","9984.0","0.0","0.0"
"90980-12877","5","-3827.0","9984.0","0.0","0.0"
"90980-12877","1","12482.0","10372.0","0.0","0.0"
"90980-12877","2","7688.0","9986.0","0.0","0.0"
"90980-12877","6","-7669.0","9984.0","0.0","0.0"
"KANGO-12495","2","-2881.0","14212.0","0.0","0.0"
"KANGO-12495","3","2859.0","8452.0","0.0","0.0"
"KANGO-12495","1","2878.0","14212.0","0.0","0.0"
"KANGO-12495","4","-2900.0","8452.0","0.0","0.0"
"90980-12135","3","0.0","7680.0","0.0","0.0"
"90980-12135","10","9216.0","2304.0","0.0","0.0"
"90980-12135","6","-9215.0","2304.0","0.0","0.0"
"90980-12135","2","-4607.0","7680.0","0.0","0.0"
"90980-12135","5","9216.0","7680.0","0.0","0.0"
"90980-12135","1","-9215.0","7680.0","0.0","0.0"
"90980-12135","8","0.0","2304.0","0.0","0.0"
"90980-12135","9","4608.0","2304.0","0.0","0.0"
"90980-12135","4","4608.0","7680.0","0.0","0.0"
"90980-12135","7","-4607.0","2304.0","0.0","0.0"
"90980-11919","2","2304.0","2304.0","0.0","0.0"
"90980-11919","1","-2303.0","2304.0","0.0","0.0"
"90980-11299","1","2496.0","4224.0","0.0","0.0"
"90980-11299","2","-1343.0","4224.0","0.0","0.0"
"90980-50142","1","8831.0","4800.0","0.0","0.0"
"90980-50142","3","-3072.0","4800.0","0.0","0.0"
"90980-50142","4","-9024.0","4800.0","0.0","0.0"
"90980-50142","2","2879.0","4800.0","0.0","0.0"
"90980-12E86","2","1929.0","8832.0","0.0","0.0"
"90980-12E86","4","1929.0","4224.0","0.0","0.0"
"90980-12E86","1","-1910.0","8832.0","0.0","0.0"
"90980-12E86","3","-1910.0","4224.0","0.0","0.0"
"90980-12728","2","2878.0","7300.0","0.0","0.0"
"90980-12728","1","-2881.0","7300.0","0.0","0.0"
"90980-12F86","2","-5356.0","29518.0","0.0","0.0"
"90980-12F86","20","16097.0","12245.0","0.0","0.0"
"90980-12F86","6","-5377.0","23737.0","0.0","0.0"
"90980-12F86","9","-10746.0","17998.0","0.0","0.0"
"90980-12F86","14","16133.0","17998.0","0.0","0.0"
"90980-12F86","12","5381.0","17998.0","0.0","0.0"
"90980-12F86","4","10770.0","29518.0","0.0","0.0"
"90980-12F86","18","5345.0","12245.0","0.0","0.0"
"90980-12F86","16","-5405.0","12245.0","0.0","0.0"
"90980-12F86","19","10721.0","12245.0","0.0","0.0"
"90980-12F86","17","-30.0","12245.0","0.0","0.0"
"90980-12F86","5","16185.0","29518.0","0.0","0.0"
"90980-12F86","7","5373.0","23737.0","0.0","0.0"
"90980-12F86","10","-5332.0","17998.0","0.0","0.0"
"90980-12F86","8","16125.0","23737.0","0.0","0.0"
"90980-12F86","15","-10781.0","12245.0","0.0","0.0"
"90980-12F86","3","5394.0","29518.0","0.0","0.0"
"90980-12F86","11","5.0","17998.0","0.0","0.0"
"90980-12F86","1","-10771.0","29518.0","0.0","0.0"
"90980-12F86","13","10757.0","17998.0","0.0","0.0"
"90980-12D51","4","2683.0","3486.0","0.0","0.0"
"90980-12D51","2","2683.0","8904.0","0.0","0.0"
"90980-12D51","1","-2754.0","8905.0","0.0","0.0"
"90980-12D51","3","-2754.0","3487.0","0.0","0.0"
"K8201-47A20","1","2882.0","5096.0","0.0","0.0"
"K8201-47A20","2","-2877.0","5096.0","0.0","0.0"
"82824-50130","4","5756.0","2680.0","0.0","0.0"
"82824-50130","3","1927.0","2680.0","0.0","0.0"
"82824-50130","2","-1921.0","2680.0","0.0","0.0"
"82824-50130","1","-5769.0","2680.0","0.0","0.0"
"KANGO-12E73","21","384.0","14208.0","0.0","0.0"
"KANGO-12E73","33","22848.0","8640.0","0.0","0.0"
"KANGO-12E73","23","-7295.0","14208.0","0.0","0.0"
"KANGO-12E73","29","-30331.0","14212.0","0.0","0.0"
"KANGO-12E73","16","28608.0","14400.0","0.0","0.0"
"KANGO-12E73","4","11328.0","20160.0","0.0","0.0"
"KANGO-12E73","3","17088.0","20160.0","0.0","0.0"
"KANGO-12E73","38","-3455.0","9600.0","0.0","0.0"
"KANGO-12E73","42","-18815.0","9600.0","0.0","0.0"
"KANGO-12E73","15","34368.0","14400.0","0.0","0.0"
"KANGO-12E73","8","-7301.0","18807.0","0.0","0.0"
"KANGO-12E73","25","-14975.0","14212.0","0.0","0.0"
"KANGO-12E73","9","-14972.0","18820.0","0.0","0.0"
"KANGO-12E73","28","-26495.0","14208.0","0.0","0.0"
"KANGO-12E73","32","28608.0","8640.0","0.0","0.0"
"KANGO-12E73","43","-22655.0","9600.0","0.0","0.0"
"KANGO-12E73","11","-22643.0","18820.0","0.0","0.0"
"KANGO-12E73","39","-7295.0","9600.0","0.0","0.0"
"KANGO-12E73","2","28608.0","20160.0","0.0","0.0"
"KANGO-12E73","5","5568.0","20160.0","0.0","0.0"
"KANGO-12E73","12","-26495.0","18825.0","0.0","0.0"
"KANGO-12E73","17","22848.0","14400.0","0.0","0.0"
"KANGO-12E73","40","-11135.0","9600.0","0.0","0.0"
"KANGO-12E73","7","-3451.0","18814.0","0.0","0.0"
"KANGO-12E73","37","384.0","9595.0","0.0","0.0"
"KANGO-12E73","6","388.0","18814.0","0.0","0.0"
"KANGO-12E73","20","5568.0","14400.0","0.0","0.0"
"KANGO-12E73","14","-34168.0","18824.0","0.0","0.0"
"KANGO-12E73","22","-3455.0","14208.0","0.0","0.0"
"KANGO-12E73","44","-30335.0","9600.0","0.0","0.0"
"KANGO-12E73","41","-14975.0","9600.0","0.0","0.0"
"KANGO-12E73","10","-18803.0","18820.0","0.0","0.0"
"KANGO-12E73","27","-22655.0","14208.0","0.0","0.0"
"KANGO-12E73","18","17088.0","14400.0","0.0","0.0"
"KANGO-12E73","34","17088.0","8640.0","0.0","0.0"
"KANGO-12E73","19","11328.0","14400.0","0.0","0.0"
"KANGO-12E73","31","34368.0","8640.0","0.0","0.0"
"KANGO-12E73","24","-11135.0","14208.0","0.0","0.0"
"KANGO-12E73","26","-18815.0","14212.0","0.0","0.0"
"KANGO-12E73","13","-30328.0","18833.0","0.0","0.0"
"KANGO-12E73","30","-34171.0","14212.0","0.0","0.0"
"KANGO-12E73","45","-34175.0","9600.0","0.0","0.0"
"KANGO-12E73","35","11328.0","8640.0","0.0","0.0"
"KANGO-12E73","1","34368.0","20160.0","0.0","0.0"
"KANGO-12E73","36","5568.0","8640.0","0.0","0.0"
"90980-12C61","14","-17279.0","2688.0","0.0","0.0"
"90980-12C61","9","3840.0","7296.0","0.0","0.0"
"90980-12C61","8","0.0","7296.0","0.0","0.0"
"90980-12C61","21","17280.0","2688.0","0.0","0.0"
"90980-12C61","15","-13439.0","2688.0","0.0","0.0"
"90980-12C61","10","7684.0","7319.0","0.0","0.0"
"90980-12C61","20","13440.0","2688.0","0.0","0.0"
"90980-12C61","13","19200.0","7296.0","0.0","0.0"
"90980-12C61","19","5760.0","2688.0","0.0","0.0"
"90980-12C61","6","-7686.0","7281.0","0.0","0.0"
"90980-12C61","12","15348.0","7282.0","0.0","0.0"
"90980-12C61","16","-5759.0","2688.0","0.0","0.0"
"90980-12C61","11","11539.0","7284.0","0.0","0.0"
"90980-12C61","2","17280.0","11904.0","0.0","0.0"
"90980-12C61","18","1920.0","2688.0","0.0","0.0"
"90980-12C61","17","-1919.0","2688.0","0.0","0.0"
"90980-12C61","5","-11520.0","7307.0","0.0","0.0"
"90980-12C61","4","-15359.0","7296.0","0.0","0.0"
"90980-12C61","3","-19199.0","7296.0","0.0","0.0"
"90980-12C61","1","-17279.0","11904.0","0.0","0.0"
"90980-12C61","7","-3825.0","7302.0","0.0","0.0"
"82675-12490","1","5867.0","7822.0","0.0","0.0"
"90980-12F95","2","-2303.0","16896.0","0.0","0.0"
"90980-12F95","1","2304.0","16896.0","0.0","0.0"
"90980-12F95","5","-32.0","7296.0","0.0","0.0"
"90980-12F95","4","-2303.0","12288.0","0.0","0.0"
"90980-12F95","3","2304.0","12288.0","0.0","0.0"
"90980-12F69","C-23","-64895.0","6144.0","0.0","0.0"
"90980-12F69","C-6","-38015.0","10755.0","0.0","0.0"
"90980-12F69","A-6","84107.0","10752.0","0.0","0.0"
"90980-12F69","A-20","72576.0","6161.0","0.0","0.0"
"90980-12F69","B-19","26880.0","6144.0","0.0","0.0"
"90980-12F69","B-27","-11519.0","6144.0","0.0","0.0"
"90980-12F69","A-1","86016.0","15752.0","0.0","0.0"
"90980-12F69","B-8","23029.0","10752.0","0.0","0.0"
"90980-12F69","C-25","-72575.0","6144.0","0.0","0.0"
"90980-12F69","B-14","-7679.0","10752.0","0.0","0.0"
"90980-12F69","A-25","49536.0","6144.0","0.0","0.0"
"90980-12F69","A-12","53376.0","10776.0","0.0","0.0"
"90980-12F69","B-30","-26879.0","6175.0","0.0","0.0"
"90980-12F69","B-13","-3839.0","10752.0","0.0","0.0"
"90980-12F69","A-27","38008.0","6144.0","0.0","0.0"
"90980-12F69","A-2","78336.0","15752.0","0.0","0.0"
"90980-12F69","C-15","-84095.0","10742.0","0.0","0.0"
"90980-12F69","A-4","36096.0","15752.0","0.0","0.0"
"90980-12F69","A-28","34176.0","6144.0","0.0","0.0"
"90980-12F69","B-23","7680.0","6144.0","0.0","0.0"
"90980-12F69","B-24","3840.0","6144.0","0.0","0.0"
"90980-12F69","A-9","68736.0","10777.0","0.0","0.0"
"90980-12F69","B-26","-7679.0","6144.0","0.0","0.0"
"90980-12F69","C-26","-80255.0","6144.0","0.0","0.0"
"90980-12F69","B-15","-11519.0","10752.0","0.0","0.0"
"90980-12F69","B-29","-23039.0","6175.0","0.0","0.0"
"90980-12F69","B-5","-23039.0","15381.0","0.0","0.0"
"90980-12F69","A-5","87947.0","10755.0","0.0","0.0"
"90980-12F69","A-14","41856.0","10776.0","0.0","0.0"
"90980-12F69","B-20","23040.0","6163.0","0.0","0.0"
"90980-12F69","A-19","80256.0","6144.0","0.0","0.0"
"90980-12F69","B-3","19200.0","15360.0","0.0","0.0"
"90980-12F69","C-2","-43775.0","15748.0","0.0","0.0"
"90980-12F69","A-21","68736.0","6161.0","0.0","0.0"
"90980-12F69","B-25","-3839.0","6144.0","0.0","0.0"
"90980-12F69","B-11","7680.0","10738.0","0.0","0.0"
"90980-12F69","C-9","-53375.0","10770.0","0.0","0.0"
"90980-12F69","C-10","-57215.0","10752.0","0.0","0.0"
"90980-12F69","A-24","53376.0","6144.0","0.0","0.0"
"90980-12F69","A-17","87936.0","6124.0","0.0","0.0"
"90980-12F69","A-11","57216.0","10752.0","0.0","0.0"
"90980-12F69","C-11","-64895.0","10752.0","0.0","0.0"
"90980-12F69","B-16","-19199.0","10761.0","0.0","0.0"
"90980-12F69","B-21","19200.0","6163.0","0.0","0.0"
"90980-12F69","B-2","23040.0","15345.0","0.0","0.0"
"90980-12F69","B-17","-23039.0","10761.0","0.0","0.0"
"90980-12F69","A-13","49536.0","10793.0","0.0","0.0"
"90980-12F69","C-16","-87935.0","10742.0","0.0","0.0"
"90980-12F69","A-8","72576.0","10753.0","0.0","0.0"
"90980-12F69","C-21","-53375.0","6144.0","0.0","0.0"
"90980-12F69","C-3","-78335.0","15748.0","0.0","0.0"
"90980-12F69","C-22","-57215.0","6144.0","0.0","0.0"
"90980-12F69","C-12","-68735.0","10782.0","0.0","0.0"
"90980-12F69","C-14","-80255.0","10742.0","0.0","0.0"
"90980-12F69","B-1","26880.0","15345.0","0.0","0.0"
"90980-12F69","B-10","11520.0","10738.0","0.0","0.0"
"90980-12F69","C-8","-49535.0","10770.0","0.0","0.0"
"90980-12F69","C-7","-41855.0","10755.0","0.0","0.0"
"90980-12F69","C-13","-72575.0","10782.0","0.0","0.0"
"90980-12F69","B-28","-19199.0","6144.0","0.0","0.0"
"90980-12F69","A-22","64896.0","6135.0","0.0","0.0"
"90980-12F69","A-7","80256.0","10752.0","0.0","0.0"
"90980-12F69","A-15","38016.0","10776.0","0.0","0.0"
"90980-12F69","B-9","19200.0","10752.0","0.0","0.0"
"90980-12F69","A-18","84096.0","6124.0","0.0","0.0"
"90980-12F69","C-20","-49535.0","6144.0","0.0","0.0"
"90980-12F69","A-26","41848.0","6144.0","0.0","0.0"
"90980-12F69","C-5","-34175.0","10731.0","0.0","0.0"
"90980-12F69","C-18","-38015.0","6143.0","0.0","0.0"
"90980-12F69","C-27","-84095.0","6177.0","0.0","0.0"
"90980-12F69","B-6","-26879.0","15360.0","0.0","0.0"
"90980-12F69","C-19","-41855.0","6143.0","0.0","0.0"
"90980-12F69","C-28","-87935.0","6177.0","0.0","0.0"
"90980-12F69","C-17","-34175.0","6143.0","0.0","0.0"
"90980-12F69","B-4","-19199.0","15381.0","0.0","0.0"
"90980-12F69","C-24","-68735.0","6144.0","0.0","0.0"
"90980-12F69","A-23","57216.0","6144.0","0.0","0.0"
"90980-12F69","B-22","11520.0","6144.0","0.0","0.0"
"90980-12F69","A-10","64896.0","10776.0","0.0","0.0"
"90980-12F69","B-12","3840.0","10752.0","0.0","0.0"
"90980-12F69","B-18","-26879.0","10752.0","0.0","0.0"
"90980-12F69","C-4","-86015.0","15748.0","0.0","0.0"
"90980-12F69","C-1","-36095.0","15748.0","0.0","0.0"
"90980-12F69","A-3","43776.0","15752.0","0.0","0.0"
"90980-12F69","A-16","34176.0","10752.0","0.0","0.0"
"90980-12F69","B-7","26869.0","10752.0","0.0","0.0"
"90980-12B52","7","-3851.0","12480.0","0.0","0.0"
"90980-12B52","11","-19211.0","12480.0","0.0","0.0"
"90980-12B52","22","-19211.0","7872.0","0.0","0.0"
"90980-12B52","6","-11.0","12480.0","0.0","0.0"
"90980-12B52","9","-11531.0","12480.0","0.0","0.0"
"90980-12B52","20","-11531.0","7872.0","0.0","0.0"
"90980-12B52","10","-15371.0","12480.0","0.0","0.0"
"90980-12B52","15","7668.0","7872.0","0.0","0.0"
"90980-12B52","12","19188.0","7872.0","0.0","0.0"
"90980-12B52","1","19188.0","12480.0","0.0","0.0"
"90980-12B52","16","3828.0","7872.0","0.0","0.0"
"90980-12B52","17","-11.0","7872.0","0.0","0.0"
"90980-12B52","4","7668.0","12480.0","0.0","0.0"
"90980-12B52","19","-7691.0","7872.0","0.0","0.0"
"90980-12B52","8","-7691.0","12480.0","0.0","0.0"
"90980-12B52","14","11508.0","7872.0","0.0","0.0"
"90980-12B52","3","11508.0","12480.0","0.0","0.0"
"90980-12B52","18","-3851.0","7872.0","0.0","0.0"
"90980-12B52","2","15348.0","12480.0","0.0","0.0"
"90980-12B52","5","3828.0","12480.0","0.0","0.0"
"90980-12B52","13","15348.0","7872.0","0.0","0.0"
"90980-12B52","21","-15371.0","7872.0","0.0","0.0"
"90980-11599","3","5440.0","9263.0","0.0","0.0"
"90980-11599","5","3097.0","3472.0","0.0","0.0"
"90980-11599","1","-5418.0","9263.0","0.0","0.0"
"90980-11599","2","-8.0","9263.0","0.0","0.0"
"90980-11599","4","-3094.0","3472.0","0.0","0.0"
"90980-12E01","36","26880.0","2688.0","0.0","0.0"
"90980-12E01","24","-30719.0","2688.0","0.0","0.0"
"90980-12E01","7","-34559.0","7296.0","0.0","0.0"
"90980-12E01","21","30720.0","7296.0","0.0","0.0"
"90980-12E01","2","-24959.0","12296.0","0.0","0.0"
"90980-12E01","10","-19199.0","7296.0","0.0","0.0"
"90980-12E01","20","26880.0","7296.0","0.0","0.0"
"90980-12E01","31","3840.0","2688.0","0.0","0.0"
"90980-12E01","19","19200.0","7296.0","0.0","0.0"
"90980-12E01","1","-32639.0","12296.0","0.0","0.0"
"90980-12E01","6","32640.0","12296.0","0.0","0.0"
"90980-12E01","17","11520.0","7296.0","0.0","0.0"
"90980-12E01","27","-15359.0","2688.0","0.0","0.0"
"90980-12E01","22","34560.0","7296.0","0.0","0.0"
"90980-12E01","32","7680.0","2688.0","0.0","0.0"
"90980-12E01","8","-30719.0","7296.0","0.0","0.0"
"90980-12E01","34","15360.0","2688.0","0.0","0.0"
"90980-12E01","5","24960.0","12296.0","0.0","0.0"
"90980-12E01","9","-26879.0","7296.0","0.0","0.0"
"90980-12E01","12","-11519.0","7295.0","0.0","0.0"
"90980-12E01","15","3840.0","7296.0","0.0","0.0"
"90980-12E01","33","11520.0","2688.0","0.0","0.0"
"90980-12E01","38","34560.0","2688.0","0.0","0.0"
"90980-12E01","18","15360.0","7296.0","0.0","0.0"
"90980-12E01","3","-17279.0","12296.0","0.0","0.0"
"90980-12E01","29","-7679.0","2688.0","0.0","0.0"
"90980-12E01","11","-15359.0","7295.0","0.0","0.0"
"90980-12E01","4","17280.0","12296.0","0.0","0.0"
"90980-12E01","13","-7679.0","7296.0","0.0","0.0"
"90980-12E01","28","-11519.0","2688.0","0.0","0.0"
"90980-12E01","23","-34559.0","2688.0","0.0","0.0"
"90980-12E01","16","7680.0","7296.0","0.0","0.0"
"90980-12E01","25","-26879.0","2688.0","0.0","0.0"
"90980-12E01","37","30720.0","2688.0","0.0","0.0"
"90980-12E01","26","-19199.0","2688.0","0.0","0.0"
"90980-12E01","30","-3839.0","2688.0","0.0","0.0"
"90980-12E01","35","19200.0","2688.0","0.0","0.0"
"90980-12E01","14","-3839.0","7296.0","0.0","0.0"
"90980-12159","1","6144.0","4224.0","0.0","0.0"
"90980-12159","2","1536.0","4224.0","0.0","0.0"
"90980-12159","3","-3071.0","4224.0","0.0","0.0"
"90980-12159","4","-7679.0","4224.0","0.0","0.0"
"90980-10928","1","-2715.0","4228.0","0.0","0.0"
"90980-10928","2","2714.0","4228.0","0.0","0.0"
"90980-11001","3","3840.0","8064.0","0.0","0.0"
"90980-11001","1","-3839.0","8064.0","0.0","0.0"
"90980-11001","2","0.0","8064.0","0.0","0.0"
"90980-11001","5","0.0","3456.0","0.0","0.0"
"90980-11001","4","-3839.0","3456.0","0.0","0.0"
"90980-11001","6","3840.0","3456.0","0.0","0.0"
"90980-12223","2","-1919.0","9600.0","0.0","0.0"
"90980-12223","1","1920.0","9600.0","0.0","0.0"
"90980-12911","8","-23039.0","10368.0","0.0","0.0"
"90980-12911","16","5760.0","5760.0","0.0","0.0"
"90980-12911","3","23040.0","10368.0","0.0","0.0"
"90980-12911","23","-24959.0","5760.0","0.0","0.0"
"90980-12911","5","15360.0","10368.0","0.0","0.0"
"90980-12911","1","30720.0","10368.0","0.0","0.0"
"90980-12911","22","-17279.0","5760.0","0.0","0.0"
"90980-12911","11","28800.0","5760.0","0.0","0.0"
"90980-12911","18","-1919.0","5760.0","0.0","0.0"
"90980-12911","13","17280.0","5752.0","0.0","0.0"
"90980-12911","17","1920.0","5760.0","0.0","0.0"
"90980-12911","14","13440.0","5752.0","0.0","0.0"
"90980-12911","6","-15359.0","10368.0","0.0","0.0"
"90980-12911","7","-19199.0","10368.0","0.0","0.0"
"90980-12911","10","-30719.0","10368.0","0.0","0.0"
"90980-12911","9","-26879.0","10368.0","0.0","0.0"
"90980-12911","20","-9599.0","5760.0","0.0","0.0"
"90980-12911","21","-13439.0","5760.0","0.0","0.0"
"90980-12911","24","-28796.0","5760.0","0.0","0.0"
"90980-12911","4","19200.0","10368.0","0.0","0.0"
"90980-12911","2","26880.0","10368.0","0.0","0.0"
"90980-12911","19","-5759.0","5760.0","0.0","0.0"
"90980-12911","12","24960.0","5760.0","0.0","0.0"
"90980-12911","15","9600.0","5760.0","0.0","0.0"
"90980-12243","1","-1919.0","9201.0","0.0","0.0"
"90980-12243","2","1920.0","9201.0","0.0","0.0"
"82824-47710","1","0.0","3456.0","0.0","0.0"
"81391-30010","2","0.0","1921.0","0.0","0.0"
"81391-30010","1","0.0","9601.0","0.0","0.0"
"90980-12E10","1","2304.0","15744.0","0.0","0.0"
"90980-12E10","2","-2304.0","15744.0","0.0","0.0"
"90980-12E10","3","2304.0","11136.0","0.0","0.0"
"90980-12E10","4","-2304.0","11136.0","0.0","0.0"
"90980-12E10","5","0.0","6144.0","0.0","0.0"
"90980-12D57","5","38.0","3825.0","0.0","0.0"
"90980-12D57","1","2496.0","11520.0","0.0","0.0"
"90980-12D57","4","-2495.0","11520.0","0.0","0.0"
"90980-12D57","2","2496.0","7686.0","0.0","0.0"
"90980-12D57","3","-2495.0","7686.0","0.0","0.0"
"90980-12G09","1","11904.0","2688.0","0.0","0.0"
"KANGO-12160","1","6912.0","4224.0","0.0","0.0"
"KANGO-12160","2","2304.0","4224.0","0.0","0.0"
"KANGO-12160","4","-6911.0","4224.0","0.0","0.0"
"KANGO-12160","3","-2303.0","4224.0","0.0","0.0"
"99159-10284","2","-2687.0","5376.0","0.0","0.0"
"99159-10284","1","2688.0","5376.0","0.0","0.0"
"99159-10262","1","2715.0","5787.0","0.0","0.0"
"99159-10262","2","-2714.0","5787.0","0.0","0.0"
"90980-10871","1","0.0","3449.0","0.0","0.0"
"90980-11885","3","2718.0","3483.0","0.0","0.0"
"90980-11885","4","8148.0","3482.0","0.0","0.0"
"90980-11885","2","-2712.0","3483.0","0.0","0.0"
"90980-11885","1","-8144.0","3483.0","0.0","0.0"
"90980-10927","2","-2716.0","5403.0","0.0","0.0"
"90980-10927","1","2717.0","5403.0","0.0","0.0"
"90980-12F97","3","2304.0","12288.0","0.0","0.0"
"90980-12F97","2","-2303.0","16896.0","0.0","0.0"
"90980-12F97","1","2304.0","16896.0","0.0","0.0"
"90980-12F97","4","-2303.0","12288.0","0.0","0.0"
"90980-12F97","5","0.0","7296.0","0.0","0.0"
"90980-12371","20","-11523.0","8479.0","0.0","0.0"
"90980-12371","1","19199.0","13049.0","0.0","0.0"
"90980-12371","8","-7708.0","13077.0","0.0","0.0"
"90980-12371","10","-15368.0","13043.0","0.0","0.0"
"90980-12371","12","19218.0","8442.0","0.0","0.0"
"90980-12371","14","11492.0","8477.0","0.0","0.0"
"90980-12371","19","-7666.0","8439.0","0.0","0.0"
"90980-12371","18","-3836.0","8466.0","0.0","0.0"
"90980-12371","16","3829.0","8497.0","0.0","0.0"
"90980-12371","6","-9.0","13111.0","0.0","0.0"
"90980-12371","11","-19228.0","13073.0","0.0","0.0"
"90980-12371","13","15325.0","8481.0","0.0","0.0"
"90980-12371","4","7638.0","13026.0","0.0","0.0"
"90980-12371","2","15378.0","13058.0","0.0","0.0"
"90980-12371","5","3829.0","13048.0","0.0","0.0"
"90980-12371","17","-1.0","8458.0","0.0","0.0"
"90980-12371","7","-3859.0","13064.0","0.0","0.0"
"90980-12371","22","-19188.0","8423.0","0.0","0.0"
"90980-12371","3","11539.0","13073.0","0.0","0.0"
"90980-12371","21","-15379.0","8448.0","0.0","0.0"
"90980-12371","9","-11520.0","13103.0","0.0","0.0"
"90980-12371","15","7706.0","8473.0","0.0","0.0"
"90980-12D69","5","0.0","4608.0","0.0","0.0"
"90980-12D69","4","2304.0","9600.0","0.0","0.0"
"90980-12D69","1","-2304.0","14208.0","0.0","0.0"
"90980-12D69","3","-2304.0","9600.0","0.0","0.0"
"90980-12D69","2","2304.0","14208.0","0.0","0.0"
"82824-47850","14","8833.0","7276.0","0.0","0.0"
"82824-47850","2","-8447.0","18892.0","0.0","0.0"
"82824-47850","6","14584.0","18835.0","0.0","0.0"
"82824-47850","11","-8464.0","7295.0","0.0","0.0"
"82824-47850","10","8833.0","13067.0","0.0","0.0"
"82824-47850","3","-2713.0","18873.0","0.0","0.0"
"82824-47850","4","3078.0","18854.0","0.0","0.0"
"82824-47850","7","-8455.0","13143.0","0.0","0.0"
"82824-47850","9","3061.0","13086.0","0.0","0.0"
"82824-47850","1","-14219.0","18892.0","0.0","0.0"
"82824-47850","8","-2692.0","13124.0","0.0","0.0"
"82824-47850","5","8831.0","18854.0","0.0","0.0"
"82824-47850","12","-2711.0","7295.0","0.0","0.0"
"82824-47850","13","3061.0","7295.0","0.0","0.0"
"90980-12304","3","1546.0","3857.0","0.0","0.0"
"90980-12304","2","-3074.0","3848.0","0.0","0.0"
"90980-12304","4","6142.0","3834.0","0.0","0.0"
"90980-12304","1","-7672.0","3830.0","0.0","0.0"
"82824-47730","1","5.0","3449.0","0.0","0.0"
"90980-11159","2","-2681.0","4607.0","0.0","0.0"
"90980-11159","1","2691.0","4607.0","0.0","0.0"
"KANGO-11001","2","0.0","9219.0","0.0","0.0"
"KANGO-11001","6","-3839.0","4608.0","0.0","0.0"
"KANGO-11001","5","5.0","4608.0","0.0","0.0"
"KANGO-11001","1","3840.0","9219.0","0.0","0.0"
"KANGO-11001","3","-3839.0","9216.0","0.0","0.0"
"KANGO-11001","4","3844.0","4608.0","0.0","0.0"
"82675-60070","1","3990.0","10153.0","0.0","0.0"
"90980-09278","2","5453.0","2687.0","0.0","0.0"
"90980-09278","1","-6066.0","2687.0","0.0","0.0"
"90980-12741","9","11508.0","8830.0","0.0","0.0"
"90980-12741","4","-7672.0","8828.0","0.0","0.0"
"90980-12741","12","-20159.0","3833.0","0.0","0.0"
"90980-12741","19","15355.0","4217.0","0.0","0.0"
"90980-12741","20","20166.0","3839.0","0.0","0.0"
"90980-12741","5","-3851.0","8840.0","0.0","0.0"
"90980-12741","18","11522.0","4227.0","0.0","0.0"
"90980-12741","3","-11515.0","8838.0","0.0","0.0"
"90980-12741","1","-20152.0","9226.0","0.0","0.0"
"90980-12741","2","-15353.0","8839.0","0.0","0.0"
"90980-12741","16","10.0","4222.0","0.0","0.0"
"90980-12741","14","-11519.0","4222.0","0.0","0.0"
"90980-12741","15","-3850.0","4232.0","0.0","0.0"
"90980-12741","11","20163.0","9205.0","0.0","0.0"
"90980-12741","6","19.0","8848.0","0.0","0.0"
"90980-12741","10","15398.0","8844.0","0.0","0.0"
"90980-12741","17","3837.0","4225.0","0.0","0.0"
"90980-12741","7","3835.0","8849.0","0.0","0.0"
"90980-12741","8","7680.0","8849.0","0.0","0.0"
"90980-12741","13","-15338.0","4229.0","0.0","0.0"
"KANGO-12303","5","-8641.0","8448.0","0.0","0.0"
"KANGO-12303","2","8638.0","8448.0","0.0","0.0"
"KANGO-12303","6","-14403.0","8494.0","0.0","0.0"
"KANGO-12303","4","-2881.0","8448.0","0.0","0.0"
"KANGO-12303","3","2878.0","8448.0","0.0","0.0"
"KANGO-12303","1","14398.0","8448.0","0.0","0.0"
"90980-12499","4","-3835.0","16512.0","0.0","0.0"
"90980-12499","11","4.0","7296.0","0.0","0.0"
"90980-12499","9","8832.0","8640.0","0.0","0.0"
"90980-12499","12","-3835.0","7296.0","0.0","0.0"
"90980-12499","1","8843.0","15746.0","0.0","0.0"
"90980-12499","7","4.0","11904.0","0.0","0.0"
"90980-12499","3","4.0","16512.0","0.0","0.0"
"90980-12499","10","3844.0","7296.0","0.0","0.0"
"90980-12499","5","-8827.0","15746.0","0.0","0.0"
"90980-12499","13","-8827.0","8640.0","0.0","0.0"
"90980-12499","2","3844.0","16512.0","0.0","0.0"
"90980-12499","6","3844.0","11904.0","0.0","0.0"
"90980-12499","8","-3835.0","11904.0","0.0","0.0"
